/*
SQLyog 
MySQL - 5.7.25-log : Database - gmall0826
*********************************************************************
*/


/*!40101 SET NAMES utf8 */;

/*!40101 SET SQL_MODE=''*/;

/*!40014 SET @OLD_UNIQUE_CHECKS=@@UNIQUE_CHECKS, UNIQUE_CHECKS=0 */;
/*!40101 SET @OLD_SQL_MODE=@@SQL_MODE, SQL_MODE='NO_AUTO_VALUE_ON_ZERO' */;
/*!40111 SET @OLD_SQL_NOTES=@@SQL_NOTES, SQL_NOTES=0 */;
/*Table structure for table `activity_info` */

DROP TABLE IF EXISTS `activity_info`;

CREATE TABLE `activity_info` (
  `id` bigint(20) NOT NULL AUTO_INCREMENT COMMENT '活动id',
  `activity_name` varchar(200) DEFAULT NULL COMMENT '活动名称',
  `activity_type` varchar(10) DEFAULT NULL COMMENT '活动类型',
  `activity_desc` varchar(2000) DEFAULT NULL COMMENT '活动描述',
  `start_time` datetime DEFAULT NULL COMMENT '开始时间',
  `end_time` datetime DEFAULT NULL COMMENT '结束时间',
  `create_time` datetime DEFAULT NULL COMMENT '创建时间',
  PRIMARY KEY (`id`)
) ENGINE=InnoDB AUTO_INCREMENT=2 DEFAULT CHARSET=utf8 COMMENT='活动表';

/*Data for the table `activity_info` */

insert  into `activity_info`(`id`,`activity_name`,`activity_type`,`activity_desc`,`start_time`,`end_time`,`create_time`) values 

(1,'联想品牌优惠活动','2201','满减活动 ','2020-02-27 17:11:09','2020-02-29 17:11:12','2020-02-27 17:11:16');

/*Table structure for table `activity_order` */

DROP TABLE IF EXISTS `activity_order`;

CREATE TABLE `activity_order` (
  `id` bigint(20) NOT NULL AUTO_INCREMENT COMMENT '编号',
  `activity_id` bigint(20) DEFAULT NULL COMMENT '活动id ',
  `order_id` bigint(20) DEFAULT NULL COMMENT '订单编号',
  `create_time` datetime DEFAULT NULL COMMENT '发生日期',
  PRIMARY KEY (`id`)
) ENGINE=InnoDB AUTO_INCREMENT=224 DEFAULT CHARSET=utf8 COMMENT='活动与订单关联表';

/*Data for the table `activity_order` */

insert  into `activity_order`(`id`,`activity_id`,`order_id`,`create_time`) values 

(130,1,3038,'2020-03-15 00:00:00'),

(131,1,3041,'2020-03-15 00:00:00'),

(132,1,3043,'2020-03-15 00:00:00'),

(133,1,3044,'2020-03-16 00:00:00'),

(134,1,3046,'2020-03-16 00:00:00'),

(135,1,3047,'2020-03-16 00:00:00'),

(136,1,3048,'2020-03-16 00:00:00'),

(137,1,3049,'2020-03-16 00:00:00'),

(138,1,3050,'2020-03-16 00:00:00'),

(139,1,3051,'2020-03-16 00:00:00'),

(140,1,3053,'2020-03-16 00:00:00'),

(141,1,3057,'2020-03-16 00:00:00'),

(142,1,3058,'2020-03-16 00:00:00'),

(143,1,3060,'2020-03-16 00:00:00'),

(144,1,3062,'2020-03-16 00:00:00'),

(145,1,3064,'2020-03-16 00:00:00'),

(146,1,3066,'2020-03-16 00:00:00'),

(147,1,3069,'2020-03-16 00:00:00'),

(148,1,3072,'2020-03-16 00:00:00'),

(149,1,3073,'2020-03-16 00:00:00'),

(150,1,3074,'2020-03-16 00:00:00'),

(151,1,3075,'2020-03-16 00:00:00'),

(152,1,3076,'2020-03-16 00:00:00'),

(153,1,3077,'2020-03-16 00:00:00'),

(154,1,3078,'2020-03-16 00:00:00'),

(155,1,3079,'2020-03-16 00:00:00'),

(156,1,3085,'2020-03-16 00:00:00'),

(157,1,3090,'2020-03-17 00:00:00'),

(158,1,3092,'2020-03-17 00:00:00'),

(159,1,3093,'2020-03-17 00:00:00'),

(160,1,3094,'2020-03-17 00:00:00'),

(161,1,3095,'2020-03-17 00:00:00'),

(162,1,3096,'2020-03-17 00:00:00'),

(163,1,3098,'2020-03-17 00:00:00'),

(164,1,3099,'2020-03-17 00:00:00'),

(165,1,3102,'2020-03-17 00:00:00'),

(166,1,3109,'2020-03-17 00:00:00'),

(167,1,3112,'2020-03-18 00:00:00'),

(168,1,3113,'2020-03-18 00:00:00'),

(169,1,3115,'2020-03-18 00:00:00'),

(170,1,3116,'2020-03-18 00:00:00'),

(171,1,3117,'2020-03-18 00:00:00'),

(172,1,3118,'2020-03-18 00:00:00'),

(173,1,3119,'2020-03-18 00:00:00'),

(174,1,3120,'2020-03-18 00:00:00'),

(175,1,3121,'2020-03-18 00:00:00'),

(176,1,3125,'2020-03-18 00:00:00'),

(177,1,3127,'2020-03-18 00:00:00'),

(178,1,3128,'2020-03-18 00:00:00'),

(179,1,3129,'2020-03-18 00:00:00'),

(180,1,3131,'2020-03-18 00:00:00'),

(181,1,3132,'2020-03-18 00:00:00'),

(182,1,3133,'2020-03-18 00:00:00'),

(183,1,3136,'2020-03-20 00:00:00'),

(184,1,3137,'2020-03-20 00:00:00'),

(185,1,3138,'2020-03-20 00:00:00'),

(186,1,3140,'2020-03-20 00:00:00'),

(187,1,3142,'2020-03-20 00:00:00'),

(188,1,3143,'2020-03-20 00:00:00'),

(189,1,3145,'2020-03-20 00:00:00'),

(190,1,3147,'2020-03-20 00:00:00'),

(191,1,3149,'2020-03-20 00:00:00'),

(192,1,3152,'2020-03-20 00:00:00'),

(193,1,3153,'2020-03-20 00:00:00'),

(194,1,3154,'2020-03-20 00:00:00'),

(195,1,3156,'2020-03-20 00:00:00'),

(196,1,3160,'2020-03-20 00:00:00'),

(197,1,3163,'2020-03-20 00:00:00'),

(198,1,3164,'2020-03-20 00:00:00'),

(199,1,3165,'2020-03-20 00:00:00'),

(200,1,3167,'2020-03-20 00:00:00'),

(201,1,3169,'2020-03-20 00:00:00'),

(202,1,3170,'2020-03-20 00:00:00'),

(203,1,3171,'2020-03-20 00:00:00'),

(204,1,3173,'2020-03-20 00:00:00'),

(205,1,3174,'2020-03-20 00:00:00'),

(206,1,3176,'2020-03-20 00:00:00'),

(207,1,3177,'2020-03-20 00:00:00'),

(208,1,3178,'2020-03-20 00:00:00'),

(209,1,3179,'2020-03-20 00:00:00'),

(210,1,3181,'2020-03-20 00:00:00'),

(211,1,3187,'2020-03-20 00:00:00'),

(212,1,3188,'2020-03-20 00:00:00'),

(213,1,3189,'2020-03-20 00:00:00'),

(214,1,3190,'2020-03-20 00:00:00'),

(215,1,3192,'2020-03-20 00:00:00'),

(216,1,3194,'2020-03-20 00:00:00'),

(217,1,3198,'2020-03-20 00:00:00'),

(218,1,3200,'2020-03-20 00:00:00'),

(219,1,3201,'2020-03-20 00:00:00'),

(220,1,3203,'2020-03-20 00:00:00'),

(221,1,3204,'2020-03-20 00:00:00'),

(222,1,3206,'2020-03-20 00:00:00'),

(223,1,3207,'2020-03-20 00:00:00');

/*Table structure for table `activity_rule` */

DROP TABLE IF EXISTS `activity_rule`;

CREATE TABLE `activity_rule` (
  `id` int(11) NOT NULL COMMENT '编号',
  `activity_id` int(11) DEFAULT NULL COMMENT '类型',
  `condition_amount` decimal(16,2) DEFAULT NULL COMMENT '满减金额',
  `condition_num` bigint(20) DEFAULT NULL COMMENT '满减件数',
  `benefit_amount` decimal(16,2) DEFAULT NULL COMMENT '优惠金额',
  `benefit_discount` bigint(20) DEFAULT NULL COMMENT '优惠折扣',
  `benefit_level` bigint(20) DEFAULT NULL COMMENT '优惠级别',
  PRIMARY KEY (`id`)
) ENGINE=InnoDB DEFAULT CHARSET=utf8 COMMENT='优惠规则';

/*Data for the table `activity_rule` */

insert  into `activity_rule`(`id`,`activity_id`,`condition_amount`,`condition_num`,`benefit_amount`,`benefit_discount`,`benefit_level`) values 

(1,1,100.00,5,NULL,NULL,1),

(2,1,200.00,15,NULL,NULL,2),

(3,1,300.00,NULL,NULL,NULL,NULL);

/*Table structure for table `activity_sku` */

DROP TABLE IF EXISTS `activity_sku`;

CREATE TABLE `activity_sku` (
  `id` bigint(20) NOT NULL AUTO_INCREMENT COMMENT '编号',
  `activity_id` bigint(20) DEFAULT NULL COMMENT '活动id ',
  `sku_id` bigint(20) DEFAULT NULL COMMENT 'sku_id',
  `create_time` datetime DEFAULT NULL COMMENT '创建时间',
  PRIMARY KEY (`id`)
) ENGINE=InnoDB AUTO_INCREMENT=4 DEFAULT CHARSET=utf8 COMMENT='活动参与商品';

/*Data for the table `activity_sku` */

insert  into `activity_sku`(`id`,`activity_id`,`sku_id`,`create_time`) values 

(1,1,11,'2020-02-27 17:12:47'),

(2,1,12,'2020-02-27 17:12:52'),

(3,1,13,'2020-02-27 17:12:54');

/*Table structure for table `base_category1` */

DROP TABLE IF EXISTS `base_category1`;

CREATE TABLE `base_category1` (
  `id` bigint(20) NOT NULL AUTO_INCREMENT COMMENT '编号',
  `name` varchar(10) NOT NULL COMMENT '分类名称',
  PRIMARY KEY (`id`)
) ENGINE=InnoDB AUTO_INCREMENT=19 DEFAULT CHARSET=utf8 COMMENT='一级分类表';

/*Data for the table `base_category1` */

insert  into `base_category1`(`id`,`name`) values 

(1,'图书、音像、电子书刊'),

(2,'手机'),

(3,'家用电器'),

(4,'数码'),

(5,'家居家装'),

(6,'电脑办公'),

(7,'厨具'),

(8,'个护化妆'),

(9,'服饰内衣'),

(10,'钟表'),

(11,'鞋靴'),

(12,'母婴'),

(13,'礼品箱包'),

(14,'食品饮料、保健食品'),

(15,'珠宝'),

(16,'汽车用品'),

(17,'运动健康'),

(18,'玩具乐器');

/*Table structure for table `base_category2` */

DROP TABLE IF EXISTS `base_category2`;

CREATE TABLE `base_category2` (
  `id` bigint(20) NOT NULL AUTO_INCREMENT COMMENT '编号',
  `name` varchar(200) NOT NULL COMMENT '二级分类名称',
  `category1_id` bigint(20) DEFAULT NULL COMMENT '一级分类编号',
  PRIMARY KEY (`id`)
) ENGINE=InnoDB AUTO_INCREMENT=126 DEFAULT CHARSET=utf8 COMMENT='二级分类表';

/*Data for the table `base_category2` */

insert  into `base_category2`(`id`,`name`,`category1_id`) values 

(1,'电子书刊',1),

(2,'音像',1),

(3,'英文原版',1),

(4,'文艺',1),

(5,'少儿',1),

(6,'人文社科',1),

(7,'经管励志',1),

(8,'生活',1),

(9,'科技',1),

(10,'教育',1),

(11,'港台图书',1),

(12,'其他',1),

(13,'手机通讯',2),

(14,'运营商',2),

(15,'手机配件',2),

(16,'大 家 电',3),

(17,'厨卫大电',3),

(18,'厨房小电',3),

(19,'生活电器',3),

(20,'个护健康',3),

(21,'五金家装',3),

(22,'摄影摄像',4),

(23,'数码配件',4),

(24,'智能设备',4),

(25,'影音娱乐',4),

(26,'电子教育',4),

(27,'虚拟商品',4),

(28,'家纺',5),

(29,'灯具',5),

(30,'生活日用',5),

(31,'家装软饰',5),

(32,'宠物生活',5),

(33,'电脑整机',6),

(34,'电脑配件',6),

(35,'外设产品',6),

(36,'游戏设备',6),

(37,'网络产品',6),

(38,'办公设备',6),

(39,'文具/耗材',6),

(40,'服务产品',6),

(41,'烹饪锅具',7),

(42,'刀剪菜板',7),

(43,'厨房配件',7),

(44,'水具酒具',7),

(45,'餐具',7),

(46,'酒店用品',7),

(47,'茶具/咖啡具',7),

(48,'清洁用品',8),

(49,'面部护肤',8),

(50,'身体护理',8),

(51,'口腔护理',8),

(52,'女性护理',8),

(53,'洗发护发',8),

(54,'香水彩妆',8),

(55,'女装',9),

(56,'男装',9),

(57,'内衣',9),

(58,'洗衣服务',9),

(59,'服饰配件',9),

(60,'钟表',10),

(61,'流行男鞋',11),

(62,'时尚女鞋',11),

(63,'奶粉',12),

(64,'营养辅食',12),

(65,'尿裤湿巾',12),

(66,'喂养用品',12),

(67,'洗护用品',12),

(68,'童车童床',12),

(69,'寝居服饰',12),

(70,'妈妈专区',12),

(71,'童装童鞋',12),

(72,'安全座椅',12),

(73,'潮流女包',13),

(74,'精品男包',13),

(75,'功能箱包',13),

(76,'礼品',13),

(77,'奢侈品',13),

(78,'婚庆',13),

(79,'进口食品',14),

(80,'地方特产',14),

(81,'休闲食品',14),

(82,'粮油调味',14),

(83,'饮料冲调',14),

(84,'食品礼券',14),

(85,'茗茶',14),

(86,'时尚饰品',15),

(87,'黄金',15),

(88,'K金饰品',15),

(89,'金银投资',15),

(90,'银饰',15),

(91,'钻石',15),

(92,'翡翠玉石',15),

(93,'水晶玛瑙',15),

(94,'彩宝',15),

(95,'铂金',15),

(96,'木手串/把件',15),

(97,'珍珠',15),

(98,'维修保养',16),

(99,'车载电器',16),

(100,'美容清洗',16),

(101,'汽车装饰',16),

(102,'安全自驾',16),

(103,'汽车服务',16),

(104,'赛事改装',16),

(105,'运动鞋包',17),

(106,'运动服饰',17),

(107,'骑行运动',17),

(108,'垂钓用品',17),

(109,'游泳用品',17),

(110,'户外鞋服',17),

(111,'户外装备',17),

(112,'健身训练',17),

(113,'体育用品',17),

(114,'适用年龄',18),

(115,'遥控/电动',18),

(116,'毛绒布艺',18),

(117,'娃娃玩具',18),

(118,'模型玩具',18),

(119,'健身玩具',18),

(120,'动漫玩具',18),

(121,'益智玩具',18),

(122,'积木拼插',18),

(123,'DIY玩具',18),

(124,'创意减压',18),

(125,'乐器',18);

/*Table structure for table `base_category3` */

DROP TABLE IF EXISTS `base_category3`;

CREATE TABLE `base_category3` (
  `id` bigint(20) NOT NULL AUTO_INCREMENT COMMENT '编号',
  `name` varchar(200) NOT NULL COMMENT '三级分类名称',
  `category2_id` bigint(20) DEFAULT NULL COMMENT '二级分类编号',
  PRIMARY KEY (`id`)
) ENGINE=InnoDB AUTO_INCREMENT=1150 DEFAULT CHARSET=utf8 COMMENT='三级分类表';

/*Data for the table `base_category3` */

insert  into `base_category3`(`id`,`name`,`category2_id`) values 

(1,'电子书',1),

(2,'网络原创',1),

(3,'数字杂志',1),

(4,'多媒体图书',1),

(5,'音乐',2),

(6,'影视',2),

(7,'教育音像',2),

(8,'少儿',3),

(9,'商务投资',3),

(10,'英语学习与考试',3),

(11,'文学',3),

(12,'传记',3),

(13,'励志',3),

(14,'小说',4),

(15,'文学',4),

(16,'青春文学',4),

(17,'传记',4),

(18,'艺术',4),

(19,'少儿',5),

(20,'0-2岁',5),

(21,'3-6岁',5),

(22,'7-10岁',5),

(23,'11-14岁',5),

(24,'历史',6),

(25,'哲学',6),

(26,'国学',6),

(27,'政治/军事',6),

(28,'法律',6),

(29,'人文社科',6),

(30,'心理学',6),

(31,'文化',6),

(32,'社会科学',6),

(33,'经济',7),

(34,'金融与投资',7),

(35,'管理',7),

(36,'励志与成功',7),

(37,'生活',8),

(38,'健身与保健',8),

(39,'家庭与育儿',8),

(40,'旅游',8),

(41,'烹饪美食',8),

(42,'工业技术',9),

(43,'科普读物',9),

(44,'建筑',9),

(45,'医学',9),

(46,'科学与自然',9),

(47,'计算机与互联网',9),

(48,'电子通信',9),

(49,'中小学教辅',10),

(50,'教育与考试',10),

(51,'外语学习',10),

(52,'大中专教材',10),

(53,'字典词典',10),

(54,'艺术/设计/收藏',11),

(55,'经济管理',11),

(56,'文化/学术',11),

(57,'少儿',11),

(58,'工具书',12),

(59,'杂志/期刊',12),

(60,'套装书',12),

(61,'手机',13),

(62,'对讲机',13),

(63,'合约机',14),

(64,'选号中心',14),

(65,'装宽带',14),

(66,'办套餐',14),

(67,'移动电源',15),

(68,'电池/移动电源',15),

(69,'蓝牙耳机',15),

(70,'充电器/数据线',15),

(71,'苹果周边',15),

(72,'手机耳机',15),

(73,'手机贴膜',15),

(74,'手机存储卡',15),

(75,'充电器',15),

(76,'数据线',15),

(77,'手机保护套',15),

(78,'车载配件',15),

(79,'iPhone 配件',15),

(80,'手机电池',15),

(81,'创意配件',15),

(82,'便携/无线音响',15),

(83,'手机饰品',15),

(84,'拍照配件',15),

(85,'手机支架',15),

(86,'平板电视',16),

(87,'空调',16),

(88,'冰箱',16),

(89,'洗衣机',16),

(90,'家庭影院',16),

(91,'DVD/电视盒子',16),

(92,'迷你音响',16),

(93,'冷柜/冰吧',16),

(94,'家电配件',16),

(95,'功放',16),

(96,'回音壁/Soundbar',16),

(97,'Hi-Fi专区',16),

(98,'电视盒子',16),

(99,'酒柜',16),

(100,'燃气灶',17),

(101,'油烟机',17),

(102,'热水器',17),

(103,'消毒柜',17),

(104,'洗碗机',17),

(105,'料理机',18),

(106,'榨汁机',18),

(107,'电饭煲',18),

(108,'电压力锅',18),

(109,'豆浆机',18),

(110,'咖啡机',18),

(111,'微波炉',18),

(112,'电烤箱',18),

(113,'电磁炉',18),

(114,'面包机',18),

(115,'煮蛋器',18),

(116,'酸奶机',18),

(117,'电炖锅',18),

(118,'电水壶/热水瓶',18),

(119,'电饼铛',18),

(120,'多用途锅',18),

(121,'电烧烤炉',18),

(122,'果蔬解毒机',18),

(123,'其它厨房电器',18),

(124,'养生壶/煎药壶',18),

(125,'电热饭盒',18),

(126,'取暖电器',19),

(127,'净化器',19),

(128,'加湿器',19),

(129,'扫地机器人',19),

(130,'吸尘器',19),

(131,'挂烫机/熨斗',19),

(132,'插座',19),

(133,'电话机',19),

(134,'清洁机',19),

(135,'除湿机',19),

(136,'干衣机',19),

(137,'收录/音机',19),

(138,'电风扇',19),

(139,'冷风扇',19),

(140,'其它生活电器',19),

(141,'生活电器配件',19),

(142,'净水器',19),

(143,'饮水机',19),

(144,'剃须刀',20),

(145,'剃/脱毛器',20),

(146,'口腔护理',20),

(147,'电吹风',20),

(148,'美容器',20),

(149,'理发器',20),

(150,'卷/直发器',20),

(151,'按摩椅',20),

(152,'按摩器',20),

(153,'足浴盆',20),

(154,'血压计',20),

(155,'电子秤/厨房秤',20),

(156,'血糖仪',20),

(157,'体温计',20),

(158,'其它健康电器',20),

(159,'计步器/脂肪检测仪',20),

(160,'电动工具',21),

(161,'手动工具',21),

(162,'仪器仪表',21),

(163,'浴霸/排气扇',21),

(164,'灯具',21),

(165,'LED灯',21),

(166,'洁身器',21),

(167,'水槽',21),

(168,'龙头',21),

(169,'淋浴花洒',21),

(170,'厨卫五金',21),

(171,'家具五金',21),

(172,'门铃',21),

(173,'电气开关',21),

(174,'插座',21),

(175,'电工电料',21),

(176,'监控安防',21),

(177,'电线/线缆',21),

(178,'数码相机',22),

(179,'单电/微单相机',22),

(180,'单反相机',22),

(181,'摄像机',22),

(182,'拍立得',22),

(183,'运动相机',22),

(184,'镜头',22),

(185,'户外器材',22),

(186,'影棚器材',22),

(187,'冲印服务',22),

(188,'数码相框',22),

(189,'存储卡',23),

(190,'读卡器',23),

(191,'滤镜',23),

(192,'闪光灯/手柄',23),

(193,'相机包',23),

(194,'三脚架/云台',23),

(195,'相机清洁/贴膜',23),

(196,'机身附件',23),

(197,'镜头附件',23),

(198,'电池/充电器',23),

(199,'移动电源',23),

(200,'数码支架',23),

(201,'智能手环',24),

(202,'智能手表',24),

(203,'智能眼镜',24),

(204,'运动跟踪器',24),

(205,'健康监测',24),

(206,'智能配饰',24),

(207,'智能家居',24),

(208,'体感车',24),

(209,'其他配件',24),

(210,'智能机器人',24),

(211,'无人机',24),

(212,'MP3/MP4',25),

(213,'智能设备',25),

(214,'耳机/耳麦',25),

(215,'便携/无线音箱',25),

(216,'音箱/音响',25),

(217,'高清播放器',25),

(218,'收音机',25),

(219,'MP3/MP4配件',25),

(220,'麦克风',25),

(221,'专业音频',25),

(222,'苹果配件',25),

(223,'学生平板',26),

(224,'点读机/笔',26),

(225,'早教益智',26),

(226,'录音笔',26),

(227,'电纸书',26),

(228,'电子词典',26),

(229,'复读机',26),

(230,'延保服务',27),

(231,'杀毒软件',27),

(232,'积分商品',27),

(233,'桌布/罩件',28),

(234,'地毯地垫',28),

(235,'沙发垫套/椅垫',28),

(236,'床品套件',28),

(237,'被子',28),

(238,'枕芯',28),

(239,'床单被罩',28),

(240,'毯子',28),

(241,'床垫/床褥',28),

(242,'蚊帐',28),

(243,'抱枕靠垫',28),

(244,'毛巾浴巾',28),

(245,'电热毯',28),

(246,'窗帘/窗纱',28),

(247,'布艺软饰',28),

(248,'凉席',28),

(249,'台灯',29),

(250,'节能灯',29),

(251,'装饰灯',29),

(252,'落地灯',29),

(253,'应急灯/手电',29),

(254,'LED灯',29),

(255,'吸顶灯',29),

(256,'五金电器',29),

(257,'筒灯射灯',29),

(258,'吊灯',29),

(259,'氛围照明',29),

(260,'保暖防护',30),

(261,'收纳用品',30),

(262,'雨伞雨具',30),

(263,'浴室用品',30),

(264,'缝纫/针织用品',30),

(265,'洗晒/熨烫',30),

(266,'净化除味',30),

(267,'相框/照片墙',31),

(268,'装饰字画',31),

(269,'节庆饰品',31),

(270,'手工/十字绣',31),

(271,'装饰摆件',31),

(272,'帘艺隔断',31),

(273,'墙贴/装饰贴',31),

(274,'钟饰',31),

(275,'花瓶花艺',31),

(276,'香薰蜡烛',31),

(277,'创意家居',31),

(278,'宠物主粮',32),

(279,'宠物零食',32),

(280,'医疗保健',32),

(281,'家居日用',32),

(282,'宠物玩具',32),

(283,'出行装备',32),

(284,'洗护美容',32),

(285,'笔记本',33),

(286,'超极本',33),

(287,'游戏本',33),

(288,'平板电脑',33),

(289,'平板电脑配件',33),

(290,'台式机',33),

(291,'服务器/工作站',33),

(292,'笔记本配件',33),

(293,'一体机',33),

(294,'CPU',34),

(295,'主板',34),

(296,'显卡',34),

(297,'硬盘',34),

(298,'SSD固态硬盘',34),

(299,'内存',34),

(300,'机箱',34),

(301,'电源',34),

(302,'显示器',34),

(303,'刻录机/光驱',34),

(304,'散热器',34),

(305,'声卡/扩展卡',34),

(306,'装机配件',34),

(307,'组装电脑',34),

(308,'移动硬盘',35),

(309,'U盘',35),

(310,'鼠标',35),

(311,'键盘',35),

(312,'鼠标垫',35),

(313,'摄像头',35),

(314,'手写板',35),

(315,'硬盘盒',35),

(316,'插座',35),

(317,'线缆',35),

(318,'UPS电源',35),

(319,'电脑工具',35),

(320,'游戏设备',35),

(321,'电玩',35),

(322,'电脑清洁',35),

(323,'网络仪表仪器',35),

(324,'游戏机',36),

(325,'游戏耳机',36),

(326,'手柄/方向盘',36),

(327,'游戏软件',36),

(328,'游戏周边',36),

(329,'路由器',37),

(330,'网卡',37),

(331,'交换机',37),

(332,'网络存储',37),

(333,'4G/3G上网',37),

(334,'网络盒子',37),

(335,'网络配件',37),

(336,'投影机',38),

(337,'投影配件',38),

(338,'多功能一体机',38),

(339,'打印机',38),

(340,'传真设备',38),

(341,'验钞/点钞机',38),

(342,'扫描设备',38),

(343,'复合机',38),

(344,'碎纸机',38),

(345,'考勤机',38),

(346,'收款/POS机',38),

(347,'会议音频视频',38),

(348,'保险柜',38),

(349,'装订/封装机',38),

(350,'安防监控',38),

(351,'办公家具',38),

(352,'白板',38),

(353,'硒鼓/墨粉',39),

(354,'墨盒',39),

(355,'色带',39),

(356,'纸类',39),

(357,'办公文具',39),

(358,'学生文具',39),

(359,'财会用品',39),

(360,'文件管理',39),

(361,'本册/便签',39),

(362,'计算器',39),

(363,'笔类',39),

(364,'画具画材',39),

(365,'刻录碟片/附件',39),

(366,'上门安装',40),

(367,'延保服务',40),

(368,'维修保养',40),

(369,'电脑软件',40),

(370,'京东服务',40),

(371,'炒锅',41),

(372,'煎锅',41),

(373,'压力锅',41),

(374,'蒸锅',41),

(375,'汤锅',41),

(376,'奶锅',41),

(377,'锅具套装',41),

(378,'煲类',41),

(379,'水壶',41),

(380,'火锅',41),

(381,'菜刀',42),

(382,'剪刀',42),

(383,'刀具套装',42),

(384,'砧板',42),

(385,'瓜果刀/刨',42),

(386,'多功能刀',42),

(387,'保鲜盒',43),

(388,'烘焙/烧烤',43),

(389,'饭盒/提锅',43),

(390,'储物/置物架',43),

(391,'厨房DIY/小工具',43),

(392,'塑料杯',44),

(393,'运动水壶',44),

(394,'玻璃杯',44),

(395,'陶瓷/马克杯',44),

(396,'保温杯',44),

(397,'保温壶',44),

(398,'酒杯/酒具',44),

(399,'杯具套装',44),

(400,'餐具套装',45),

(401,'碗/碟/盘',45),

(402,'筷勺/刀叉',45),

(403,'一次性用品',45),

(404,'果盘/果篮',45),

(405,'自助餐炉',46),

(406,'酒店餐具',46),

(407,'酒店水具',46),

(408,'整套茶具',47),

(409,'茶杯',47),

(410,'茶壶',47),

(411,'茶盘茶托',47),

(412,'茶叶罐',47),

(413,'茶具配件',47),

(414,'茶宠摆件',47),

(415,'咖啡具',47),

(416,'其他',47),

(417,'纸品湿巾',48),

(418,'衣物清洁',48),

(419,'清洁工具',48),

(420,'驱虫用品',48),

(421,'家庭清洁',48),

(422,'皮具护理',48),

(423,'一次性用品',48),

(424,'洁面',49),

(425,'乳液面霜',49),

(426,'面膜',49),

(427,'剃须',49),

(428,'套装',49),

(429,'精华',49),

(430,'眼霜',49),

(431,'卸妆',49),

(432,'防晒',49),

(433,'防晒隔离',49),

(434,'T区护理',49),

(435,'眼部护理',49),

(436,'精华露',49),

(437,'爽肤水',49),

(438,'沐浴',50),

(439,'润肤',50),

(440,'颈部',50),

(441,'手足',50),

(442,'纤体塑形',50),

(443,'美胸',50),

(444,'套装',50),

(445,'精油',50),

(446,'洗发护发',50),

(447,'染发/造型',50),

(448,'香薰精油',50),

(449,'磨砂/浴盐',50),

(450,'手工/香皂',50),

(451,'洗发',50),

(452,'护发',50),

(453,'染发',50),

(454,'磨砂膏',50),

(455,'香皂',50),

(456,'牙膏/牙粉',51),

(457,'牙刷/牙线',51),

(458,'漱口水',51),

(459,'套装',51),

(460,'卫生巾',52),

(461,'卫生护垫',52),

(462,'私密护理',52),

(463,'脱毛膏',52),

(464,'其他',52),

(465,'洗发',53),

(466,'护发',53),

(467,'染发',53),

(468,'造型',53),

(469,'假发',53),

(470,'套装',53),

(471,'美发工具',53),

(472,'脸部护理',53),

(473,'香水',54),

(474,'底妆',54),

(475,'腮红',54),

(476,'眼影',54),

(477,'唇部',54),

(478,'美甲',54),

(479,'眼线',54),

(480,'美妆工具',54),

(481,'套装',54),

(482,'防晒隔离',54),

(483,'卸妆',54),

(484,'眉笔',54),

(485,'睫毛膏',54),

(486,'T恤',55),

(487,'衬衫',55),

(488,'针织衫',55),

(489,'雪纺衫',55),

(490,'卫衣',55),

(491,'马甲',55),

(492,'连衣裙',55),

(493,'半身裙',55),

(494,'牛仔裤',55),

(495,'休闲裤',55),

(496,'打底裤',55),

(497,'正装裤',55),

(498,'小西装',55),

(499,'短外套',55),

(500,'风衣',55),

(501,'毛呢大衣',55),

(502,'真皮皮衣',55),

(503,'棉服',55),

(504,'羽绒服',55),

(505,'大码女装',55),

(506,'中老年女装',55),

(507,'婚纱',55),

(508,'打底衫',55),

(509,'旗袍/唐装',55),

(510,'加绒裤',55),

(511,'吊带/背心',55),

(512,'羊绒衫',55),

(513,'短裤',55),

(514,'皮草',55),

(515,'礼服',55),

(516,'仿皮皮衣',55),

(517,'羊毛衫',55),

(518,'设计师/潮牌',55),

(519,'衬衫',56),

(520,'T恤',56),

(521,'POLO衫',56),

(522,'针织衫',56),

(523,'羊绒衫',56),

(524,'卫衣',56),

(525,'马甲/背心',56),

(526,'夹克',56),

(527,'风衣',56),

(528,'毛呢大衣',56),

(529,'仿皮皮衣',56),

(530,'西服',56),

(531,'棉服',56),

(532,'羽绒服',56),

(533,'牛仔裤',56),

(534,'休闲裤',56),

(535,'西裤',56),

(536,'西服套装',56),

(537,'大码男装',56),

(538,'中老年男装',56),

(539,'唐装/中山装',56),

(540,'工装',56),

(541,'真皮皮衣',56),

(542,'加绒裤',56),

(543,'卫裤/运动裤',56),

(544,'短裤',56),

(545,'设计师/潮牌',56),

(546,'羊毛衫',56),

(547,'文胸',57),

(548,'女式内裤',57),

(549,'男式内裤',57),

(550,'睡衣/家居服',57),

(551,'塑身美体',57),

(552,'泳衣',57),

(553,'吊带/背心',57),

(554,'抹胸',57),

(555,'连裤袜/丝袜',57),

(556,'美腿袜',57),

(557,'商务男袜',57),

(558,'保暖内衣',57),

(559,'情侣睡衣',57),

(560,'文胸套装',57),

(561,'少女文胸',57),

(562,'休闲棉袜',57),

(563,'大码内衣',57),

(564,'内衣配件',57),

(565,'打底裤袜',57),

(566,'打底衫',57),

(567,'秋衣秋裤',57),

(568,'情趣内衣',57),

(569,'服装洗护',58),

(570,'太阳镜',59),

(571,'光学镜架/镜片',59),

(572,'围巾/手套/帽子套装',59),

(573,'袖扣',59),

(574,'棒球帽',59),

(575,'毛线帽',59),

(576,'遮阳帽',59),

(577,'老花镜',59),

(578,'装饰眼镜',59),

(579,'防辐射眼镜',59),

(580,'游泳镜',59),

(581,'女士丝巾/围巾/披肩',59),

(582,'男士丝巾/围巾',59),

(583,'鸭舌帽',59),

(584,'贝雷帽',59),

(585,'礼帽',59),

(586,'真皮手套',59),

(587,'毛线手套',59),

(588,'防晒手套',59),

(589,'男士腰带/礼盒',59),

(590,'女士腰带/礼盒',59),

(591,'钥匙扣',59),

(592,'遮阳伞/雨伞',59),

(593,'口罩',59),

(594,'耳罩/耳包',59),

(595,'假领',59),

(596,'毛线/布面料',59),

(597,'领带/领结/领带夹',59),

(598,'男表',60),

(599,'瑞表',60),

(600,'女表',60),

(601,'国表',60),

(602,'日韩表',60),

(603,'欧美表',60),

(604,'德表',60),

(605,'儿童手表',60),

(606,'智能手表',60),

(607,'闹钟',60),

(608,'座钟挂钟',60),

(609,'钟表配件',60),

(610,'商务休闲鞋',61),

(611,'正装鞋',61),

(612,'休闲鞋',61),

(613,'凉鞋/沙滩鞋',61),

(614,'男靴',61),

(615,'功能鞋',61),

(616,'拖鞋/人字拖',61),

(617,'雨鞋/雨靴',61),

(618,'传统布鞋',61),

(619,'鞋配件',61),

(620,'帆布鞋',61),

(621,'增高鞋',61),

(622,'工装鞋',61),

(623,'定制鞋',61),

(624,'高跟鞋',62),

(625,'单鞋',62),

(626,'休闲鞋',62),

(627,'凉鞋',62),

(628,'女靴',62),

(629,'雪地靴',62),

(630,'拖鞋/人字拖',62),

(631,'踝靴',62),

(632,'筒靴',62),

(633,'帆布鞋',62),

(634,'雨鞋/雨靴',62),

(635,'妈妈鞋',62),

(636,'鞋配件',62),

(637,'特色鞋',62),

(638,'鱼嘴鞋',62),

(639,'布鞋/绣花鞋',62),

(640,'马丁靴',62),

(641,'坡跟鞋',62),

(642,'松糕鞋',62),

(643,'内增高',62),

(644,'防水台',62),

(645,'婴幼奶粉',63),

(646,'孕妈奶粉',63),

(647,'益生菌/初乳',64),

(648,'米粉/菜粉',64),

(649,'果泥/果汁',64),

(650,'DHA',64),

(651,'宝宝零食',64),

(652,'钙铁锌/维生素',64),

(653,'清火/开胃',64),

(654,'面条/粥',64),

(655,'婴儿尿裤',65),

(656,'拉拉裤',65),

(657,'婴儿湿巾',65),

(658,'成人尿裤',65),

(659,'奶瓶奶嘴',66),

(660,'吸奶器',66),

(661,'暖奶消毒',66),

(662,'儿童餐具',66),

(663,'水壶/水杯',66),

(664,'牙胶安抚',66),

(665,'围兜/防溅衣',66),

(666,'辅食料理机',66),

(667,'食物存储',66),

(668,'宝宝护肤',67),

(669,'洗发沐浴',67),

(670,'奶瓶清洗',67),

(671,'驱蚊防晒',67),

(672,'理发器',67),

(673,'洗澡用具',67),

(674,'婴儿口腔清洁',67),

(675,'洗衣液/皂',67),

(676,'日常护理',67),

(677,'座便器',67),

(678,'婴儿推车',68),

(679,'餐椅摇椅',68),

(680,'婴儿床',68),

(681,'学步车',68),

(682,'三轮车',68),

(683,'自行车',68),

(684,'电动车',68),

(685,'扭扭车',68),

(686,'滑板车',68),

(687,'婴儿床垫',68),

(688,'婴儿外出服',69),

(689,'婴儿内衣',69),

(690,'婴儿礼盒',69),

(691,'婴儿鞋帽袜',69),

(692,'安全防护',69),

(693,'家居床品',69),

(694,'睡袋/抱被',69),

(695,'爬行垫',69),

(696,'妈咪包/背婴带',70),

(697,'产后塑身',70),

(698,'文胸/内裤',70),

(699,'防辐射服',70),

(700,'孕妈装',70),

(701,'孕期营养',70),

(702,'孕妇护肤',70),

(703,'待产护理',70),

(704,'月子装',70),

(705,'防溢乳垫',70),

(706,'套装',71),

(707,'上衣',71),

(708,'裤子',71),

(709,'裙子',71),

(710,'内衣/家居服',71),

(711,'羽绒服/棉服',71),

(712,'亲子装',71),

(713,'儿童配饰',71),

(714,'礼服/演出服',71),

(715,'运动鞋',71),

(716,'皮鞋/帆布鞋',71),

(717,'靴子',71),

(718,'凉鞋',71),

(719,'功能鞋',71),

(720,'户外/运动服',71),

(721,'提篮式',72),

(722,'安全座椅',72),

(723,'增高垫',72),

(724,'钱包',73),

(725,'手拿包',73),

(726,'单肩包',73),

(727,'双肩包',73),

(728,'手提包',73),

(729,'斜挎包',73),

(730,'钥匙包',73),

(731,'卡包/零钱包',73),

(732,'男士钱包',74),

(733,'男士手包',74),

(734,'卡包名片夹',74),

(735,'商务公文包',74),

(736,'双肩包',74),

(737,'单肩/斜挎包',74),

(738,'钥匙包',74),

(739,'电脑包',75),

(740,'拉杆箱',75),

(741,'旅行包',75),

(742,'旅行配件',75),

(743,'休闲运动包',75),

(744,'拉杆包',75),

(745,'登山包',75),

(746,'妈咪包',75),

(747,'书包',75),

(748,'相机包',75),

(749,'腰包/胸包',75),

(750,'火机烟具',76),

(751,'礼品文具',76),

(752,'军刀军具',76),

(753,'收藏品',76),

(754,'工艺礼品',76),

(755,'创意礼品',76),

(756,'礼盒礼券',76),

(757,'鲜花绿植',76),

(758,'婚庆节庆',76),

(759,'京东卡',76),

(760,'美妆礼品',76),

(761,'礼品定制',76),

(762,'京东福卡',76),

(763,'古董文玩',76),

(764,'箱包',77),

(765,'钱包',77),

(766,'服饰',77),

(767,'腰带',77),

(768,'太阳镜/眼镜框',77),

(769,'配件',77),

(770,'鞋靴',77),

(771,'饰品',77),

(772,'名品腕表',77),

(773,'高档化妆品',77),

(774,'婚嫁首饰',78),

(775,'婚纱摄影',78),

(776,'婚纱礼服',78),

(777,'婚庆服务',78),

(778,'婚庆礼品/用品',78),

(779,'婚宴',78),

(780,'饼干蛋糕',79),

(781,'糖果/巧克力',79),

(782,'休闲零食',79),

(783,'冲调饮品',79),

(784,'粮油调味',79),

(785,'牛奶',79),

(786,'其他特产',80),

(787,'新疆',80),

(788,'北京',80),

(789,'山西',80),

(790,'内蒙古',80),

(791,'福建',80),

(792,'湖南',80),

(793,'四川',80),

(794,'云南',80),

(795,'东北',80),

(796,'休闲零食',81),

(797,'坚果炒货',81),

(798,'肉干肉脯',81),

(799,'蜜饯果干',81),

(800,'糖果/巧克力',81),

(801,'饼干蛋糕',81),

(802,'无糖食品',81),

(803,'米面杂粮',82),

(804,'食用油',82),

(805,'调味品',82),

(806,'南北干货',82),

(807,'方便食品',82),

(808,'有机食品',82),

(809,'饮用水',83),

(810,'饮料',83),

(811,'牛奶乳品',83),

(812,'咖啡/奶茶',83),

(813,'冲饮谷物',83),

(814,'蜂蜜/柚子茶',83),

(815,'成人奶粉',83),

(816,'月饼',84),

(817,'大闸蟹',84),

(818,'粽子',84),

(819,'卡券',84),

(820,'铁观音',85),

(821,'普洱',85),

(822,'龙井',85),

(823,'绿茶',85),

(824,'红茶',85),

(825,'乌龙茶',85),

(826,'花草茶',85),

(827,'花果茶',85),

(828,'养生茶',85),

(829,'黑茶',85),

(830,'白茶',85),

(831,'其它茶',85),

(832,'项链',86),

(833,'手链/脚链',86),

(834,'戒指',86),

(835,'耳饰',86),

(836,'毛衣链',86),

(837,'发饰/发卡',86),

(838,'胸针',86),

(839,'饰品配件',86),

(840,'婚庆饰品',86),

(841,'黄金吊坠',87),

(842,'黄金项链',87),

(843,'黄金转运珠',87),

(844,'黄金手镯/手链/脚链',87),

(845,'黄金耳饰',87),

(846,'黄金戒指',87),

(847,'K金吊坠',88),

(848,'K金项链',88),

(849,'K金手镯/手链/脚链',88),

(850,'K金戒指',88),

(851,'K金耳饰',88),

(852,'投资金',89),

(853,'投资银',89),

(854,'投资收藏',89),

(855,'银吊坠/项链',90),

(856,'银手镯/手链/脚链',90),

(857,'银戒指',90),

(858,'银耳饰',90),

(859,'足银手镯',90),

(860,'宝宝银饰',90),

(861,'裸钻',91),

(862,'钻戒',91),

(863,'钻石项链/吊坠',91),

(864,'钻石耳饰',91),

(865,'钻石手镯/手链',91),

(866,'项链/吊坠',92),

(867,'手镯/手串',92),

(868,'戒指',92),

(869,'耳饰',92),

(870,'挂件/摆件/把件',92),

(871,'玉石孤品',92),

(872,'项链/吊坠',93),

(873,'耳饰',93),

(874,'手镯/手链/脚链',93),

(875,'戒指',93),

(876,'头饰/胸针',93),

(877,'摆件/挂件',93),

(878,'琥珀/蜜蜡',94),

(879,'碧玺',94),

(880,'红宝石/蓝宝石',94),

(881,'坦桑石',94),

(882,'珊瑚',94),

(883,'祖母绿',94),

(884,'葡萄石',94),

(885,'其他天然宝石',94),

(886,'项链/吊坠',94),

(887,'耳饰',94),

(888,'手镯/手链',94),

(889,'戒指',94),

(890,'铂金项链/吊坠',95),

(891,'铂金手镯/手链/脚链',95),

(892,'铂金戒指',95),

(893,'铂金耳饰',95),

(894,'小叶紫檀',96),

(895,'黄花梨',96),

(896,'沉香木',96),

(897,'金丝楠',96),

(898,'菩提',96),

(899,'其他',96),

(900,'橄榄核/核桃',96),

(901,'檀香',96),

(902,'珍珠项链',97),

(903,'珍珠吊坠',97),

(904,'珍珠耳饰',97),

(905,'珍珠手链',97),

(906,'珍珠戒指',97),

(907,'珍珠胸针',97),

(908,'机油',98),

(909,'正时皮带',98),

(910,'添加剂',98),

(911,'汽车喇叭',98),

(912,'防冻液',98),

(913,'汽车玻璃',98),

(914,'滤清器',98),

(915,'火花塞',98),

(916,'减震器',98),

(917,'柴机油/辅助油',98),

(918,'雨刷',98),

(919,'车灯',98),

(920,'后视镜',98),

(921,'轮胎',98),

(922,'轮毂',98),

(923,'刹车片/盘',98),

(924,'维修配件',98),

(925,'蓄电池',98),

(926,'底盘装甲/护板',98),

(927,'贴膜',98),

(928,'汽修工具',98),

(929,'改装配件',98),

(930,'导航仪',99),

(931,'安全预警仪',99),

(932,'行车记录仪',99),

(933,'倒车雷达',99),

(934,'蓝牙设备',99),

(935,'车载影音',99),

(936,'净化器',99),

(937,'电源',99),

(938,'智能驾驶',99),

(939,'车载电台',99),

(940,'车载电器配件',99),

(941,'吸尘器',99),

(942,'智能车机',99),

(943,'冰箱',99),

(944,'汽车音响',99),

(945,'车载生活电器',99),

(946,'车蜡',100),

(947,'补漆笔',100),

(948,'玻璃水',100),

(949,'清洁剂',100),

(950,'洗车工具',100),

(951,'镀晶镀膜',100),

(952,'打蜡机',100),

(953,'洗车配件',100),

(954,'洗车机',100),

(955,'洗车水枪',100),

(956,'毛巾掸子',100),

(957,'脚垫',101),

(958,'座垫',101),

(959,'座套',101),

(960,'后备箱垫',101),

(961,'头枕腰靠',101),

(962,'方向盘套',101),

(963,'香水',101),

(964,'空气净化',101),

(965,'挂件摆件',101),

(966,'功能小件',101),

(967,'车身装饰件',101),

(968,'车衣',101),

(969,'安全座椅',102),

(970,'胎压监测',102),

(971,'防盗设备',102),

(972,'应急救援',102),

(973,'保温箱',102),

(974,'地锁',102),

(975,'摩托车',102),

(976,'充气泵',102),

(977,'储物箱',102),

(978,'自驾野营',102),

(979,'摩托车装备',102),

(980,'清洗美容',103),

(981,'功能升级',103),

(982,'保养维修',103),

(983,'油卡充值',103),

(984,'车险',103),

(985,'加油卡',103),

(986,'ETC',103),

(987,'驾驶培训',103),

(988,'赛事服装',104),

(989,'赛事用品',104),

(990,'制动系统',104),

(991,'悬挂系统',104),

(992,'进气系统',104),

(993,'排气系统',104),

(994,'电子管理',104),

(995,'车身强化',104),

(996,'赛事座椅',104),

(997,'跑步鞋',105),

(998,'休闲鞋',105),

(999,'篮球鞋',105),

(1000,'板鞋',105),

(1001,'帆布鞋',105),

(1002,'足球鞋',105),

(1003,'乒羽网鞋',105),

(1004,'专项运动鞋',105),

(1005,'训练鞋',105),

(1006,'拖鞋',105),

(1007,'运动包',105),

(1008,'羽绒服',106),

(1009,'棉服',106),

(1010,'运动裤',106),

(1011,'夹克/风衣',106),

(1012,'卫衣/套头衫',106),

(1013,'T恤',106),

(1014,'套装',106),

(1015,'乒羽网服',106),

(1016,'健身服',106),

(1017,'运动背心',106),

(1018,'毛衫/线衫',106),

(1019,'运动配饰',106),

(1020,'折叠车',107),

(1021,'山地车/公路车',107),

(1022,'电动车',107),

(1023,'其他整车',107),

(1024,'骑行服',107),

(1025,'骑行装备',107),

(1026,'平衡车',107),

(1027,'鱼竿鱼线',108),

(1028,'浮漂鱼饵',108),

(1029,'钓鱼桌椅',108),

(1030,'钓鱼配件',108),

(1031,'钓箱鱼包',108),

(1032,'其它',108),

(1033,'泳镜',109),

(1034,'泳帽',109),

(1035,'游泳包防水包',109),

(1036,'女士泳衣',109),

(1037,'男士泳衣',109),

(1038,'比基尼',109),

(1039,'其它',109),

(1040,'冲锋衣裤',110),

(1041,'速干衣裤',110),

(1042,'滑雪服',110),

(1043,'羽绒服/棉服',110),

(1044,'休闲衣裤',110),

(1045,'抓绒衣裤',110),

(1046,'软壳衣裤',110),

(1047,'T恤',110),

(1048,'户外风衣',110),

(1049,'功能内衣',110),

(1050,'军迷服饰',110),

(1051,'登山鞋',110),

(1052,'雪地靴',110),

(1053,'徒步鞋',110),

(1054,'越野跑鞋',110),

(1055,'休闲鞋',110),

(1056,'工装鞋',110),

(1057,'溯溪鞋',110),

(1058,'沙滩/凉拖',110),

(1059,'户外袜',110),

(1060,'帐篷/垫子',111),

(1061,'睡袋/吊床',111),

(1062,'登山攀岩',111),

(1063,'户外配饰',111),

(1064,'背包',111),

(1065,'户外照明',111),

(1066,'户外仪表',111),

(1067,'户外工具',111),

(1068,'望远镜',111),

(1069,'旅游用品',111),

(1070,'便携桌椅床',111),

(1071,'野餐烧烤',111),

(1072,'军迷用品',111),

(1073,'救援装备',111),

(1074,'滑雪装备',111),

(1075,'极限户外',111),

(1076,'冲浪潜水',111),

(1077,'综合训练器',112),

(1078,'其他大型器械',112),

(1079,'哑铃',112),

(1080,'仰卧板/收腹机',112),

(1081,'其他中小型器材',112),

(1082,'瑜伽舞蹈',112),

(1083,'甩脂机',112),

(1084,'踏步机',112),

(1085,'武术搏击',112),

(1086,'健身车/动感单车',112),

(1087,'跑步机',112),

(1088,'运动护具',112),

(1089,'羽毛球',113),

(1090,'乒乓球',113),

(1091,'篮球',113),

(1092,'足球',113),

(1093,'网球',113),

(1094,'排球',113),

(1095,'高尔夫',113),

(1096,'台球',113),

(1097,'棋牌麻将',113),

(1098,'轮滑滑板',113),

(1099,'其他',113),

(1100,'0-6个月',114),

(1101,'6-12个月',114),

(1102,'1-3岁',114),

(1103,'3-6岁',114),

(1104,'6-14岁',114),

(1105,'14岁以上',114),

(1106,'遥控车',115),

(1107,'遥控飞机',115),

(1108,'遥控船',115),

(1109,'机器人',115),

(1110,'轨道/助力',115),

(1111,'毛绒/布艺',116),

(1112,'靠垫/抱枕',116),

(1113,'芭比娃娃',117),

(1114,'卡通娃娃',117),

(1115,'智能娃娃',117),

(1116,'仿真模型',118),

(1117,'拼插模型',118),

(1118,'收藏爱好',118),

(1119,'炫舞毯',119),

(1120,'爬行垫/毯',119),

(1121,'户外玩具',119),

(1122,'戏水玩具',119),

(1123,'电影周边',120),

(1124,'卡通周边',120),

(1125,'网游周边',120),

(1126,'摇铃/床铃',121),

(1127,'健身架',121),

(1128,'早教启智',121),

(1129,'拖拉玩具',121),

(1130,'积木',122),

(1131,'拼图',122),

(1132,'磁力棒',122),

(1133,'立体拼插',122),

(1134,'手工彩泥',123),

(1135,'绘画工具',123),

(1136,'情景玩具',123),

(1137,'减压玩具',124),

(1138,'创意玩具',124),

(1139,'钢琴',125),

(1140,'电子琴/电钢琴',125),

(1141,'吉他/尤克里里',125),

(1142,'打击乐器',125),

(1143,'西洋管弦',125),

(1144,'民族管弦乐器',125),

(1145,'乐器配件',125),

(1146,'电脑音乐',125),

(1147,'工艺礼品乐器',125),

(1148,'口琴/口风琴/竖笛',125),

(1149,'手风琴',125);

/*Table structure for table `base_dic` */

DROP TABLE IF EXISTS `base_dic`;

CREATE TABLE `base_dic` (
  `dic_code` varchar(10) NOT NULL COMMENT '编号',
  `dic_name` varchar(100) DEFAULT NULL COMMENT '编码名称',
  `parent_code` varchar(10) DEFAULT NULL COMMENT '父编号',
  `create_time` datetime DEFAULT NULL COMMENT '创建日期',
  `operate_time` datetime DEFAULT NULL COMMENT '修改日期',
  PRIMARY KEY (`dic_code`)
) ENGINE=InnoDB DEFAULT CHARSET=utf8 COMMENT='编码字典表';

/*Data for the table `base_dic` */

insert  into `base_dic`(`dic_code`,`dic_name`,`parent_code`,`create_time`,`operate_time`) values 

('10','单据状态',NULL,NULL,NULL),

('1001','未支付','10',NULL,NULL),

('1002','已支付','10',NULL,NULL),

('1003','已取消','10',NULL,NULL),

('1004','已完成','10',NULL,NULL),

('1005','退款中','10',NULL,NULL),

('1006','退款完成','10',NULL,NULL),

('11','支付状态',NULL,NULL,NULL),

('1101','支付宝','11',NULL,NULL),

('1102','微信','11',NULL,NULL),

('1103','银联','11',NULL,NULL),

('12','评价',NULL,NULL,NULL),

('1201','好评','12',NULL,NULL),

('1202','中评','12',NULL,NULL),

('1203','差评','12',NULL,NULL),

('1204','自动','12',NULL,NULL),

('13','退货原因',NULL,NULL,NULL),

('1301','质量问题','13',NULL,NULL),

('1302','商品描述与实际描述不一致','13',NULL,NULL),

('1303','缺货','13',NULL,NULL),

('1304','号码不合适','13',NULL,NULL),

('1305','拍错','13',NULL,NULL),

('1306','不想买了','13',NULL,NULL),

('1307','其他','13',NULL,NULL),

('14','购物券状态',NULL,NULL,NULL),

('1401','未使用','14',NULL,NULL),

('1402','使用中','14',NULL,NULL),

('1403','已使用','14',NULL,NULL),

('15','退款类型',NULL,NULL,NULL),

('1501','仅退款','15',NULL,NULL),

('1502','退货退款','15',NULL,NULL);

/*Table structure for table `base_province` */

DROP TABLE IF EXISTS `base_province`;

CREATE TABLE `base_province` (
  `id` bigint(20) DEFAULT NULL COMMENT 'id',
  `name` varchar(20) DEFAULT NULL COMMENT '省名称',
  `region_id` varchar(20) DEFAULT NULL COMMENT '大区id',
  `area_code` varchar(20) DEFAULT NULL COMMENT '行政区位码',
  `iso_code` varchar(20) DEFAULT NULL COMMENT '国际编码'
) ENGINE=InnoDB DEFAULT CHARSET=utf8;

/*Data for the table `base_province` */

insert  into `base_province`(`id`,`name`,`region_id`,`area_code`,`iso_code`) values 

(1,'北京','1','110000','CN-11'),

(2,'天津市','1','120000','CN-12'),

(3,'山西','1','140000','CN-14'),

(4,'内蒙古','1','150000','CN-15'),

(5,'河北','1','130000','CN-13'),

(6,'上海','2','310000','CN-31'),

(7,'江苏','2','320000','CN-32'),

(8,'浙江','2','330000','CN-33'),

(9,'安徽','2','340000','CN-34'),

(10,'福建','2','350000','CN-35'),

(11,'江西','2','360000','CN-36'),

(12,'山东','2','370000','CN-37'),

(14,'台湾','2','710000','CN-71'),

(15,'黑龙江','3','230000','CN-23'),

(16,'吉林','3','220000','CN-22'),

(17,'辽宁','3','210000','CN-21'),

(18,'陕西','7','610000','CN-61'),

(19,'甘肃','7','620000','CN-62'),

(20,'青海','7','630000','CN-63'),

(21,'宁夏','7','640000','CN-64'),

(22,'新疆','7','650000','CN-65'),

(23,'河南','4','410000','CN-41'),

(24,'湖北','4','420000','CN-42'),

(25,'湖南','4','430000','CN-43'),

(26,'广东','5','440000','CN-44'),

(27,'广西','5','450000','CN-45'),

(28,'海南','5','460000','CN-46'),

(29,'香港','5','810000','CN-91'),

(30,'澳门','5','820000','CN-92'),

(31,'四川','6','510000','CN-51'),

(32,'贵州','6','520000','CN-52'),

(33,'云南','6','530000','CN-53'),

(13,'重庆','6','500000','CN-50'),

(34,'西藏','6','540000','CN-54');

/*Table structure for table `base_region` */

DROP TABLE IF EXISTS `base_region`;

CREATE TABLE `base_region` (
  `id` varchar(20) DEFAULT NULL COMMENT '大区id',
  `region_name` varchar(20) DEFAULT NULL COMMENT '大区名称'
) ENGINE=InnoDB DEFAULT CHARSET=utf8;

/*Data for the table `base_region` */

insert  into `base_region`(`id`,`region_name`) values 

('1','华北'),

('2','华东'),

('3','东北'),

('4','华中'),

('5','华南'),

('6','西南'),

('7','西北');

/*Table structure for table `base_trademark` */

DROP TABLE IF EXISTS `base_trademark`;

CREATE TABLE `base_trademark` (
  `tm_id` varchar(20) DEFAULT NULL COMMENT '品牌id',
  `tm_name` varchar(20) DEFAULT NULL COMMENT '品牌名称'
) ENGINE=InnoDB DEFAULT CHARSET=utf8;

/*Data for the table `base_trademark` */

insert  into `base_trademark`(`tm_id`,`tm_name`) values 

('1','小米'),

('2','荣耀'),

('3','apple'),

('4','tcl'),

('5','北纯');

/*Table structure for table `cart_info` */

DROP TABLE IF EXISTS `cart_info`;

CREATE TABLE `cart_info` (
  `id` bigint(20) NOT NULL AUTO_INCREMENT COMMENT '编号',
  `user_id` bigint(20) DEFAULT NULL COMMENT '用户id',
  `sku_id` bigint(20) DEFAULT NULL COMMENT 'skuid',
  `cart_price` decimal(10,2) DEFAULT NULL COMMENT '放入购物车时价格',
  `sku_num` bigint(11) DEFAULT NULL COMMENT '数量',
  `img_url` varchar(200) DEFAULT NULL COMMENT '图片文件',
  `sku_name` varchar(200) DEFAULT NULL COMMENT 'sku名称 (冗余)',
  `create_time` datetime DEFAULT NULL COMMENT '创建时间',
  `operate_time` datetime DEFAULT NULL COMMENT '修改时间',
  `is_ordered` bigint(20) DEFAULT NULL COMMENT '是否已经下单',
  `order_time` datetime DEFAULT NULL COMMENT '下单时间',
  PRIMARY KEY (`id`)
) ENGINE=InnoDB AUTO_INCREMENT=1663 DEFAULT CHARSET=utf8 COMMENT='购物车表 用户登录系统时更新冗余';

/*Data for the table `cart_info` */

insert  into `cart_info`(`id`,`user_id`,`sku_id`,`cart_price`,`sku_num`,`img_url`,`sku_name`,`create_time`,`operate_time`,`is_ordered`,`order_time`) values 

(1401,9,12,6699.00,1,'http://kAXllAQEzJWHwiExxVmyJIABfXyzbKwedeofMqwh','联想(Lenovo)拯救者Y7000 英特尔酷睿i7 2019新款 15.6英寸发烧游戏本笔记本电脑（i7-9750H 8GB 512GB SSD GTX1650 4G 高色域','2020-03-15 00:00:00',NULL,1,'2020-03-16 23:51:50'),

(1402,4,10,222.00,2,'http://kAXllAQEzJWHwiExxVmyJIABfXyzbKwedeofMqwh','小米（MI） 小米路由器4 双千兆路由器 无线家用穿墙1200M高速双频wifi 千兆版 千兆端口光纤适用','2020-03-15 00:00:00',NULL,1,'2020-03-16 23:21:14'),

(1403,3,1,2220.00,3,'http://AOvKmfRQEBRJJllwCwCuptVAOtBBcIjWeJRsmhbJ','荣耀10青春版 幻彩渐变 2400万AI自拍 全网通版4GB+64GB 渐变蓝 移动联通电信4G全面屏手机 双卡双待','2020-03-15 00:00:00',NULL,1,'2020-03-16 23:51:50'),

(1404,3,10,222.00,3,'http://kAXllAQEzJWHwiExxVmyJIABfXyzbKwedeofMqwh','小米（MI） 小米路由器4 双千兆路由器 无线家用穿墙1200M高速双频wifi 千兆版 千兆端口光纤适用','2020-03-15 00:00:00',NULL,1,'2020-03-16 23:51:50'),

(1405,2,10,222.00,3,'http://kAXllAQEzJWHwiExxVmyJIABfXyzbKwedeofMqwh','小米（MI） 小米路由器4 双千兆路由器 无线家用穿墙1200M高速双频wifi 千兆版 千兆端口光纤适用','2020-03-15 00:00:00',NULL,1,'2020-03-16 23:20:01'),

(1406,6,13,7299.00,3,'http://kAXllAQEzJWHwiExxVmyJIABfXyzbKwedeofMqwh','联想(Lenovo)Y9000X 2019新款 15.6英寸高性能标压轻薄本笔记本电脑(i5-9300H 16G 512GSSD FHD)深空灰','2020-03-15 00:00:00',NULL,1,'2020-03-16 23:51:50'),

(1407,4,8,8900.00,1,'http://RFCTOnWWRtrJdygmPqiUXdBvyhqiTTOnXYagFJDP','Apple iPhoneXSMax (A2104) 256GB 深空灰色 移动联通电信4G手机 双卡双待','2020-03-15 00:00:00',NULL,1,'2020-03-16 23:51:50'),

(1408,10,2,3321.00,3,'http://JfJSvAnPkErYPcUsbgCuokhjxKiLeqpDXakZqFeE','TCL 55A950C 55英寸32核人工智能 HDR曲面超薄4K电视金属机身（枪色）','2020-03-15 00:00:00',NULL,1,'2020-03-16 23:21:14'),

(1409,10,5,244.00,2,'http://INNButKuTkslasORPBmHACnJuccfsxmRxNuMznPm','十月稻田 沁州黄小米 (黄小米 五谷杂粮 山西特产 真空装 大米伴侣 粥米搭档) 2.5kg','2020-03-15 00:00:00',NULL,1,'2020-03-16 23:51:50'),

(1410,3,5,244.00,3,'http://INNButKuTkslasORPBmHACnJuccfsxmRxNuMznPm','十月稻田 沁州黄小米 (黄小米 五谷杂粮 山西特产 真空装 大米伴侣 粥米搭档) 2.5kg','2020-03-15 00:00:00',NULL,1,'2020-03-16 23:21:14'),

(1411,9,10,222.00,1,'http://kAXllAQEzJWHwiExxVmyJIABfXyzbKwedeofMqwh','小米（MI） 小米路由器4 双千兆路由器 无线家用穿墙1200M高速双频wifi 千兆版 千兆端口光纤适用','2020-03-15 00:00:00',NULL,1,'2020-03-16 23:21:14'),

(1412,8,2,3321.00,3,'http://JfJSvAnPkErYPcUsbgCuokhjxKiLeqpDXakZqFeE','TCL 55A950C 55英寸32核人工智能 HDR曲面超薄4K电视金属机身（枪色）','2020-03-15 00:00:00',NULL,1,'2020-03-16 23:56:46'),

(1413,8,9,2452.00,2,'http://hNuKrFXZgFIzzZxnYeCxEDdJlbAwHUCbBChdXAKZ','荣耀10 GT游戏加速 AIS手持夜景 6GB+64GB 幻影蓝全网通 移动联通电信','2020-03-15 00:00:00',NULL,1,'2020-03-16 23:56:46'),

(1414,4,9,2452.00,2,'http://hNuKrFXZgFIzzZxnYeCxEDdJlbAwHUCbBChdXAKZ','荣耀10 GT游戏加速 AIS手持夜景 6GB+64GB 幻影蓝全网通 移动联通电信','2020-03-15 00:00:00',NULL,1,'2020-03-16 23:17:33'),

(1415,10,3,3100.00,1,'http://LzpblavcZQeYEbwbSjsnmsgAjtpudhDradqsRgdZ','小米（MI）电视 55英寸曲面4K智能WiFi网络液晶电视机4S L55M5-AQ 小米电视4S 55英寸 曲面','2020-03-15 00:00:00',NULL,1,'2020-03-16 23:51:50'),

(1416,8,3,3100.00,3,'http://LzpblavcZQeYEbwbSjsnmsgAjtpudhDradqsRgdZ','小米（MI）电视 55英寸曲面4K智能WiFi网络液晶电视机4S L55M5-AQ 小米电视4S 55英寸 曲面','2020-03-15 00:00:00',NULL,1,'2020-03-16 23:51:50'),

(1417,6,9,2452.00,1,'http://hNuKrFXZgFIzzZxnYeCxEDdJlbAwHUCbBChdXAKZ','荣耀10 GT游戏加速 AIS手持夜景 6GB+64GB 幻影蓝全网通 移动联通电信','2020-03-15 00:00:00',NULL,1,'2020-03-16 23:21:14'),

(1418,5,11,6399.00,3,'http://kAXllAQEzJWHwiExxVmyJIABfXyzbKwedeofMqwh','联想(Lenovo)拯救者Y7000 2019新款 15.6英寸游戏本笔记本电脑（i7-9750H 8GB 1TB+256GB GTX1650 4G独显 黑）','2020-03-15 00:00:00',NULL,1,'2020-03-16 23:56:46'),

(1419,7,2,3321.00,1,'http://JfJSvAnPkErYPcUsbgCuokhjxKiLeqpDXakZqFeE','TCL 55A950C 55英寸32核人工智能 HDR曲面超薄4K电视金属机身（枪色）','2020-03-15 00:00:00',NULL,1,'2020-03-16 23:20:44'),

(1420,9,2,3321.00,2,'http://JfJSvAnPkErYPcUsbgCuokhjxKiLeqpDXakZqFeE','TCL 55A950C 55英寸32核人工智能 HDR曲面超薄4K电视金属机身（枪色）','2020-03-15 00:00:00',NULL,1,'2020-03-16 23:51:50'),

(1421,8,10,222.00,1,'http://kAXllAQEzJWHwiExxVmyJIABfXyzbKwedeofMqwh','小米（MI） 小米路由器4 双千兆路由器 无线家用穿墙1200M高速双频wifi 千兆版 千兆端口光纤适用','2020-03-15 00:00:00',NULL,1,'2020-03-16 23:51:50'),

(1422,9,7,1553.00,3,'http://IJwhvJSuwaMHaevQQKZUzLkOsvYFiYsRhmLSjpZb','荣耀10青春版 幻彩渐变 2400万AI自拍 全网通版4GB+64GB 渐变蓝 移动联通电信4G全面屏手机 双卡双待','2020-03-15 00:00:00',NULL,1,'2020-03-16 23:51:50'),

(1423,6,5,244.00,1,'http://INNButKuTkslasORPBmHACnJuccfsxmRxNuMznPm','十月稻田 沁州黄小米 (黄小米 五谷杂粮 山西特产 真空装 大米伴侣 粥米搭档) 2.5kg','2020-03-15 00:00:00',NULL,1,'2020-03-16 23:51:50'),

(1424,1,5,244.00,2,'http://INNButKuTkslasORPBmHACnJuccfsxmRxNuMznPm','十月稻田 沁州黄小米 (黄小米 五谷杂粮 山西特产 真空装 大米伴侣 粥米搭档) 2.5kg','2020-03-15 00:00:00',NULL,1,'2020-03-16 23:51:50'),

(1425,7,9,2452.00,1,'http://hNuKrFXZgFIzzZxnYeCxEDdJlbAwHUCbBChdXAKZ','荣耀10 GT游戏加速 AIS手持夜景 6GB+64GB 幻影蓝全网通 移动联通电信','2020-03-15 00:00:00',NULL,1,'2020-03-16 23:20:44'),

(1426,2,7,1553.00,3,'http://IJwhvJSuwaMHaevQQKZUzLkOsvYFiYsRhmLSjpZb','荣耀10青春版 幻彩渐变 2400万AI自拍 全网通版4GB+64GB 渐变蓝 移动联通电信4G全面屏手机 双卡双待','2020-03-15 00:00:00',NULL,1,'2020-03-16 23:56:46'),

(1427,1,13,7299.00,3,'http://kAXllAQEzJWHwiExxVmyJIABfXyzbKwedeofMqwh','联想(Lenovo)Y9000X 2019新款 15.6英寸高性能标压轻薄本笔记本电脑(i5-9300H 16G 512GSSD FHD)深空灰','2020-03-15 00:00:00',NULL,1,'2020-03-16 23:21:14'),

(1428,2,10,222.00,3,'http://kAXllAQEzJWHwiExxVmyJIABfXyzbKwedeofMqwh','小米（MI） 小米路由器4 双千兆路由器 无线家用穿墙1200M高速双频wifi 千兆版 千兆端口光纤适用','2020-03-16 00:00:00',NULL,1,'2020-03-16 23:56:46'),

(1429,20,11,6399.00,3,'http://kAXllAQEzJWHwiExxVmyJIABfXyzbKwedeofMqwh','联想(Lenovo)拯救者Y7000 2019新款 15.6英寸游戏本笔记本电脑（i7-9750H 8GB 1TB+256GB GTX1650 4G独显 黑）','2020-03-16 00:00:00',NULL,1,'2020-03-16 23:51:50'),

(1430,8,6,145.00,3,'http://lMddjKYNSaxpeAqbkWcxegrrHjayrosVDeLrABhg','北纯精制黄小米（小黄米 月子米 小米粥 粗粮杂粮 大米伴侣）2.18kg','2020-03-16 00:00:00',NULL,1,'2020-03-16 23:56:46'),

(1431,1,4,1442.00,2,'http://SXlkutIjYpDWWTEpNUiisnlsevOHVElrdngQLgyZ','小米Play 流光渐变AI双摄 4GB+64GB 梦幻蓝 全网通4G 双卡双待 小水滴全面屏拍照游戏智能手机','2020-03-16 00:00:00',NULL,1,'2020-03-16 23:51:50'),

(1432,2,1,2220.00,2,'http://AOvKmfRQEBRJJllwCwCuptVAOtBBcIjWeJRsmhbJ','荣耀10青春版 幻彩渐变 2400万AI自拍 全网通版4GB+64GB 渐变蓝 移动联通电信4G全面屏手机 双卡双待','2020-03-16 00:00:00',NULL,1,'2020-03-16 23:51:50'),

(1433,3,5,244.00,1,'http://INNButKuTkslasORPBmHACnJuccfsxmRxNuMznPm','十月稻田 沁州黄小米 (黄小米 五谷杂粮 山西特产 真空装 大米伴侣 粥米搭档) 2.5kg','2020-03-16 00:00:00',NULL,1,'2020-03-16 23:51:50'),

(1434,19,4,1442.00,3,'http://SXlkutIjYpDWWTEpNUiisnlsevOHVElrdngQLgyZ','小米Play 流光渐变AI双摄 4GB+64GB 梦幻蓝 全网通4G 双卡双待 小水滴全面屏拍照游戏智能手机','2020-03-16 00:00:00',NULL,1,'2020-03-16 23:56:46'),

(1435,19,11,6399.00,3,'http://kAXllAQEzJWHwiExxVmyJIABfXyzbKwedeofMqwh','联想(Lenovo)拯救者Y7000 2019新款 15.6英寸游戏本笔记本电脑（i7-9750H 8GB 1TB+256GB GTX1650 4G独显 黑）','2020-03-16 00:00:00',NULL,1,'2020-03-16 23:56:46'),

(1436,5,1,2220.00,3,'http://AOvKmfRQEBRJJllwCwCuptVAOtBBcIjWeJRsmhbJ','荣耀10青春版 幻彩渐变 2400万AI自拍 全网通版4GB+64GB 渐变蓝 移动联通电信4G全面屏手机 双卡双待','2020-03-16 00:00:00',NULL,1,'2020-03-16 23:56:46'),

(1437,1,12,6699.00,3,'http://kAXllAQEzJWHwiExxVmyJIABfXyzbKwedeofMqwh','联想(Lenovo)拯救者Y7000 英特尔酷睿i7 2019新款 15.6英寸发烧游戏本笔记本电脑（i7-9750H 8GB 512GB SSD GTX1650 4G 高色域','2020-03-16 00:00:00',NULL,1,'2020-03-16 23:51:50'),

(1438,2,7,1553.00,2,'http://IJwhvJSuwaMHaevQQKZUzLkOsvYFiYsRhmLSjpZb','荣耀10青春版 幻彩渐变 2400万AI自拍 全网通版4GB+64GB 渐变蓝 移动联通电信4G全面屏手机 双卡双待','2020-03-16 00:00:00',NULL,1,'2020-03-16 23:56:46'),

(1439,10,11,6399.00,2,'http://kAXllAQEzJWHwiExxVmyJIABfXyzbKwedeofMqwh','联想(Lenovo)拯救者Y7000 2019新款 15.6英寸游戏本笔记本电脑（i7-9750H 8GB 1TB+256GB GTX1650 4G独显 黑）','2020-03-16 00:00:00',NULL,1,'2020-03-16 23:51:50'),

(1440,13,2,3321.00,1,'http://JfJSvAnPkErYPcUsbgCuokhjxKiLeqpDXakZqFeE','TCL 55A950C 55英寸32核人工智能 HDR曲面超薄4K电视金属机身（枪色）','2020-03-16 00:00:00',NULL,1,'2020-03-16 23:17:33'),

(1441,9,7,1553.00,1,'http://IJwhvJSuwaMHaevQQKZUzLkOsvYFiYsRhmLSjpZb','荣耀10青春版 幻彩渐变 2400万AI自拍 全网通版4GB+64GB 渐变蓝 移动联通电信4G全面屏手机 双卡双待','2020-03-16 00:00:00',NULL,1,'2020-03-16 23:51:50'),

(1442,6,4,1442.00,3,'http://SXlkutIjYpDWWTEpNUiisnlsevOHVElrdngQLgyZ','小米Play 流光渐变AI双摄 4GB+64GB 梦幻蓝 全网通4G 双卡双待 小水滴全面屏拍照游戏智能手机','2020-03-16 00:00:00',NULL,1,'2020-03-16 23:56:46'),

(1443,6,5,244.00,2,'http://INNButKuTkslasORPBmHACnJuccfsxmRxNuMznPm','十月稻田 沁州黄小米 (黄小米 五谷杂粮 山西特产 真空装 大米伴侣 粥米搭档) 2.5kg','2020-03-16 00:00:00',NULL,1,'2020-03-16 23:56:46'),

(1444,10,13,7299.00,1,'http://kAXllAQEzJWHwiExxVmyJIABfXyzbKwedeofMqwh','联想(Lenovo)Y9000X 2019新款 15.6英寸高性能标压轻薄本笔记本电脑(i5-9300H 16G 512GSSD FHD)深空灰','2020-03-16 00:00:00',NULL,1,'2020-03-16 23:51:50'),

(1445,7,7,1553.00,1,'http://IJwhvJSuwaMHaevQQKZUzLkOsvYFiYsRhmLSjpZb','荣耀10青春版 幻彩渐变 2400万AI自拍 全网通版4GB+64GB 渐变蓝 移动联通电信4G全面屏手机 双卡双待','2020-03-16 00:00:00',NULL,1,'2020-03-16 23:20:44'),

(1446,10,5,244.00,3,'http://INNButKuTkslasORPBmHACnJuccfsxmRxNuMznPm','十月稻田 沁州黄小米 (黄小米 五谷杂粮 山西特产 真空装 大米伴侣 粥米搭档) 2.5kg','2020-03-16 00:00:00',NULL,1,'2020-03-16 23:21:14'),

(1447,5,8,8900.00,2,'http://RFCTOnWWRtrJdygmPqiUXdBvyhqiTTOnXYagFJDP','Apple iPhoneXSMax (A2104) 256GB 深空灰色 移动联通电信4G手机 双卡双待','2020-03-16 00:00:00',NULL,1,'2020-03-16 23:56:46'),

(1448,7,9,2452.00,1,'http://hNuKrFXZgFIzzZxnYeCxEDdJlbAwHUCbBChdXAKZ','荣耀10 GT游戏加速 AIS手持夜景 6GB+64GB 幻影蓝全网通 移动联通电信','2020-03-16 00:00:00',NULL,1,'2020-03-16 23:20:44'),

(1449,12,10,222.00,3,'http://kAXllAQEzJWHwiExxVmyJIABfXyzbKwedeofMqwh','小米（MI） 小米路由器4 双千兆路由器 无线家用穿墙1200M高速双频wifi 千兆版 千兆端口光纤适用','2020-03-16 00:00:00',NULL,1,'2020-03-16 23:51:50'),

(1450,8,11,6399.00,3,'http://kAXllAQEzJWHwiExxVmyJIABfXyzbKwedeofMqwh','联想(Lenovo)拯救者Y7000 2019新款 15.6英寸游戏本笔记本电脑（i7-9750H 8GB 1TB+256GB GTX1650 4G独显 黑）','2020-03-16 00:00:00',NULL,1,'2020-03-16 23:51:50'),

(1451,10,4,1442.00,2,'http://SXlkutIjYpDWWTEpNUiisnlsevOHVElrdngQLgyZ','小米Play 流光渐变AI双摄 4GB+64GB 梦幻蓝 全网通4G 双卡双待 小水滴全面屏拍照游戏智能手机','2020-03-16 00:00:00',NULL,1,'2020-03-16 23:51:50'),

(1452,12,7,1553.00,3,'http://IJwhvJSuwaMHaevQQKZUzLkOsvYFiYsRhmLSjpZb','荣耀10青春版 幻彩渐变 2400万AI自拍 全网通版4GB+64GB 渐变蓝 移动联通电信4G全面屏手机 双卡双待','2020-03-16 00:00:00',NULL,1,'2020-03-16 23:21:14'),

(1453,12,8,8900.00,1,'http://RFCTOnWWRtrJdygmPqiUXdBvyhqiTTOnXYagFJDP','Apple iPhoneXSMax (A2104) 256GB 深空灰色 移动联通电信4G手机 双卡双待','2020-03-16 00:00:00',NULL,1,'2020-03-16 23:51:50'),

(1454,6,12,6699.00,3,'http://kAXllAQEzJWHwiExxVmyJIABfXyzbKwedeofMqwh','联想(Lenovo)拯救者Y7000 英特尔酷睿i7 2019新款 15.6英寸发烧游戏本笔记本电脑（i7-9750H 8GB 512GB SSD GTX1650 4G 高色域','2020-03-16 00:00:00',NULL,1,'2020-03-16 23:56:46'),

(1455,1,9,2452.00,2,'http://hNuKrFXZgFIzzZxnYeCxEDdJlbAwHUCbBChdXAKZ','荣耀10 GT游戏加速 AIS手持夜景 6GB+64GB 幻影蓝全网通 移动联通电信','2020-03-16 00:00:00',NULL,1,'2020-03-16 23:51:50'),

(1456,4,6,145.00,2,'http://lMddjKYNSaxpeAqbkWcxegrrHjayrosVDeLrABhg','北纯精制黄小米（小黄米 月子米 小米粥 粗粮杂粮 大米伴侣）2.18kg','2020-03-16 00:00:00',NULL,1,'2020-03-16 23:51:50'),

(1457,13,7,1553.00,1,'http://IJwhvJSuwaMHaevQQKZUzLkOsvYFiYsRhmLSjpZb','荣耀10青春版 幻彩渐变 2400万AI自拍 全网通版4GB+64GB 渐变蓝 移动联通电信4G全面屏手机 双卡双待','2020-03-16 00:00:00',NULL,1,'2020-03-16 23:21:14'),

(1458,16,2,3321.00,2,'http://JfJSvAnPkErYPcUsbgCuokhjxKiLeqpDXakZqFeE','TCL 55A950C 55英寸32核人工智能 HDR曲面超薄4K电视金属机身（枪色）','2020-03-16 00:00:00',NULL,1,'2020-03-16 23:20:44'),

(1459,8,3,3100.00,2,'http://LzpblavcZQeYEbwbSjsnmsgAjtpudhDradqsRgdZ','小米（MI）电视 55英寸曲面4K智能WiFi网络液晶电视机4S L55M5-AQ 小米电视4S 55英寸 曲面','2020-03-16 00:00:00',NULL,1,'2020-03-16 23:56:46'),

(1460,14,12,6699.00,3,'http://kAXllAQEzJWHwiExxVmyJIABfXyzbKwedeofMqwh','联想(Lenovo)拯救者Y7000 英特尔酷睿i7 2019新款 15.6英寸发烧游戏本笔记本电脑（i7-9750H 8GB 512GB SSD GTX1650 4G 高色域','2020-03-16 00:00:00',NULL,1,'2020-03-16 23:56:46'),

(1461,5,12,6699.00,3,'http://kAXllAQEzJWHwiExxVmyJIABfXyzbKwedeofMqwh','联想(Lenovo)拯救者Y7000 英特尔酷睿i7 2019新款 15.6英寸发烧游戏本笔记本电脑（i7-9750H 8GB 512GB SSD GTX1650 4G 高色域','2020-03-16 00:00:00',NULL,1,'2020-03-16 23:56:46'),

(1462,17,9,2452.00,3,'http://hNuKrFXZgFIzzZxnYeCxEDdJlbAwHUCbBChdXAKZ','荣耀10 GT游戏加速 AIS手持夜景 6GB+64GB 幻影蓝全网通 移动联通电信','2020-03-16 00:00:00',NULL,1,'2020-03-16 23:21:14'),

(1463,13,9,2452.00,1,'http://hNuKrFXZgFIzzZxnYeCxEDdJlbAwHUCbBChdXAKZ','荣耀10 GT游戏加速 AIS手持夜景 6GB+64GB 幻影蓝全网通 移动联通电信','2020-03-16 00:00:00',NULL,1,'2020-03-16 23:51:50'),

(1464,8,10,222.00,2,'http://kAXllAQEzJWHwiExxVmyJIABfXyzbKwedeofMqwh','小米（MI） 小米路由器4 双千兆路由器 无线家用穿墙1200M高速双频wifi 千兆版 千兆端口光纤适用','2020-03-16 00:00:00',NULL,1,'2020-03-16 23:56:46'),

(1465,10,13,7299.00,1,'http://kAXllAQEzJWHwiExxVmyJIABfXyzbKwedeofMqwh','联想(Lenovo)Y9000X 2019新款 15.6英寸高性能标压轻薄本笔记本电脑(i5-9300H 16G 512GSSD FHD)深空灰','2020-03-16 00:00:00',NULL,1,'2020-03-16 23:51:50'),

(1466,20,9,2452.00,2,'http://hNuKrFXZgFIzzZxnYeCxEDdJlbAwHUCbBChdXAKZ','荣耀10 GT游戏加速 AIS手持夜景 6GB+64GB 幻影蓝全网通 移动联通电信','2020-03-16 00:00:00',NULL,1,'2020-03-16 23:21:14'),

(1467,14,7,1553.00,2,'http://IJwhvJSuwaMHaevQQKZUzLkOsvYFiYsRhmLSjpZb','荣耀10青春版 幻彩渐变 2400万AI自拍 全网通版4GB+64GB 渐变蓝 移动联通电信4G全面屏手机 双卡双待','2020-03-16 00:00:00',NULL,1,'2020-03-16 23:56:46'),

(1468,9,1,2220.00,3,'http://AOvKmfRQEBRJJllwCwCuptVAOtBBcIjWeJRsmhbJ','荣耀10青春版 幻彩渐变 2400万AI自拍 全网通版4GB+64GB 渐变蓝 移动联通电信4G全面屏手机 双卡双待','2020-03-16 00:00:00',NULL,1,'2020-03-16 23:51:50'),

(1469,5,7,1553.00,2,'http://IJwhvJSuwaMHaevQQKZUzLkOsvYFiYsRhmLSjpZb','荣耀10青春版 幻彩渐变 2400万AI自拍 全网通版4GB+64GB 渐变蓝 移动联通电信4G全面屏手机 双卡双待','2020-03-16 00:00:00',NULL,1,'2020-03-16 23:51:50'),

(1470,20,1,2220.00,3,'http://AOvKmfRQEBRJJllwCwCuptVAOtBBcIjWeJRsmhbJ','荣耀10青春版 幻彩渐变 2400万AI自拍 全网通版4GB+64GB 渐变蓝 移动联通电信4G全面屏手机 双卡双待','2020-03-16 00:00:00',NULL,1,'2020-03-16 23:51:50'),

(1471,19,11,6399.00,3,'http://kAXllAQEzJWHwiExxVmyJIABfXyzbKwedeofMqwh','联想(Lenovo)拯救者Y7000 2019新款 15.6英寸游戏本笔记本电脑（i7-9750H 8GB 1TB+256GB GTX1650 4G独显 黑）','2020-03-16 00:00:00',NULL,1,'2020-03-16 23:51:50'),

(1472,17,5,244.00,1,'http://INNButKuTkslasORPBmHACnJuccfsxmRxNuMznPm','十月稻田 沁州黄小米 (黄小米 五谷杂粮 山西特产 真空装 大米伴侣 粥米搭档) 2.5kg','2020-03-16 00:00:00',NULL,1,'2020-03-16 23:21:14'),

(1473,18,6,145.00,2,'http://lMddjKYNSaxpeAqbkWcxegrrHjayrosVDeLrABhg','北纯精制黄小米（小黄米 月子米 小米粥 粗粮杂粮 大米伴侣）2.18kg','2020-03-16 00:00:00',NULL,1,'2020-03-16 23:56:46'),

(1474,10,3,3100.00,1,'http://LzpblavcZQeYEbwbSjsnmsgAjtpudhDradqsRgdZ','小米（MI）电视 55英寸曲面4K智能WiFi网络液晶电视机4S L55M5-AQ 小米电视4S 55英寸 曲面','2020-03-16 00:00:00',NULL,1,'2020-03-16 23:51:50'),

(1475,3,11,6399.00,2,'http://kAXllAQEzJWHwiExxVmyJIABfXyzbKwedeofMqwh','联想(Lenovo)拯救者Y7000 2019新款 15.6英寸游戏本笔记本电脑（i7-9750H 8GB 1TB+256GB GTX1650 4G独显 黑）','2020-03-16 00:00:00',NULL,1,'2020-03-16 23:51:50'),

(1476,14,2,3321.00,1,'http://JfJSvAnPkErYPcUsbgCuokhjxKiLeqpDXakZqFeE','TCL 55A950C 55英寸32核人工智能 HDR曲面超薄4K电视金属机身（枪色）','2020-03-16 00:00:00',NULL,1,'2020-03-16 23:56:46'),

(1477,20,11,6399.00,2,'http://kAXllAQEzJWHwiExxVmyJIABfXyzbKwedeofMqwh','联想(Lenovo)拯救者Y7000 2019新款 15.6英寸游戏本笔记本电脑（i7-9750H 8GB 1TB+256GB GTX1650 4G独显 黑）','2020-03-16 00:00:00',NULL,1,'2020-03-16 23:20:44'),

(1478,10,7,1553.00,1,'http://IJwhvJSuwaMHaevQQKZUzLkOsvYFiYsRhmLSjpZb','荣耀10青春版 幻彩渐变 2400万AI自拍 全网通版4GB+64GB 渐变蓝 移动联通电信4G全面屏手机 双卡双待','2020-03-16 00:00:00',NULL,1,'2020-03-16 23:21:14'),

(1479,7,2,3321.00,1,'http://JfJSvAnPkErYPcUsbgCuokhjxKiLeqpDXakZqFeE','TCL 55A950C 55英寸32核人工智能 HDR曲面超薄4K电视金属机身（枪色）','2020-03-16 00:00:00',NULL,1,'2020-03-16 23:21:14'),

(1480,20,4,1442.00,2,'http://SXlkutIjYpDWWTEpNUiisnlsevOHVElrdngQLgyZ','小米Play 流光渐变AI双摄 4GB+64GB 梦幻蓝 全网通4G 双卡双待 小水滴全面屏拍照游戏智能手机','2020-03-16 00:00:00',NULL,1,'2020-03-16 23:51:50'),

(1481,18,4,1442.00,3,'http://SXlkutIjYpDWWTEpNUiisnlsevOHVElrdngQLgyZ','小米Play 流光渐变AI双摄 4GB+64GB 梦幻蓝 全网通4G 双卡双待 小水滴全面屏拍照游戏智能手机','2020-03-16 00:00:00',NULL,1,'2020-03-16 23:20:01'),

(1482,2,7,1553.00,3,'http://IJwhvJSuwaMHaevQQKZUzLkOsvYFiYsRhmLSjpZb','荣耀10青春版 幻彩渐变 2400万AI自拍 全网通版4GB+64GB 渐变蓝 移动联通电信4G全面屏手机 双卡双待','2020-03-16 00:00:00',NULL,1,'2020-03-16 23:51:50'),

(1483,16,9,2452.00,3,'http://hNuKrFXZgFIzzZxnYeCxEDdJlbAwHUCbBChdXAKZ','荣耀10 GT游戏加速 AIS手持夜景 6GB+64GB 幻影蓝全网通 移动联通电信','2020-03-16 00:00:00',NULL,1,'2020-03-16 23:51:50'),

(1484,17,11,6399.00,1,'http://kAXllAQEzJWHwiExxVmyJIABfXyzbKwedeofMqwh','联想(Lenovo)拯救者Y7000 2019新款 15.6英寸游戏本笔记本电脑（i7-9750H 8GB 1TB+256GB GTX1650 4G独显 黑）','2020-03-16 00:00:00',NULL,1,'2020-03-16 23:20:01'),

(1485,8,2,3321.00,2,'http://JfJSvAnPkErYPcUsbgCuokhjxKiLeqpDXakZqFeE','TCL 55A950C 55英寸32核人工智能 HDR曲面超薄4K电视金属机身（枪色）','2020-03-16 00:00:00',NULL,1,'2020-03-16 23:51:50'),

(1486,11,13,7299.00,1,'http://kAXllAQEzJWHwiExxVmyJIABfXyzbKwedeofMqwh','联想(Lenovo)Y9000X 2019新款 15.6英寸高性能标压轻薄本笔记本电脑(i5-9300H 16G 512GSSD FHD)深空灰','2020-03-16 00:00:00',NULL,1,'2020-03-16 23:51:50'),

(1487,3,2,3321.00,1,'http://JfJSvAnPkErYPcUsbgCuokhjxKiLeqpDXakZqFeE','TCL 55A950C 55英寸32核人工智能 HDR曲面超薄4K电视金属机身（枪色）','2020-03-16 00:00:00',NULL,1,'2020-03-16 23:51:50'),

(1488,7,3,3100.00,2,'http://LzpblavcZQeYEbwbSjsnmsgAjtpudhDradqsRgdZ','小米（MI）电视 55英寸曲面4K智能WiFi网络液晶电视机4S L55M5-AQ 小米电视4S 55英寸 曲面','2020-03-16 00:00:00',NULL,1,'2020-03-16 23:21:14'),

(1489,16,7,1553.00,2,'http://IJwhvJSuwaMHaevQQKZUzLkOsvYFiYsRhmLSjpZb','荣耀10青春版 幻彩渐变 2400万AI自拍 全网通版4GB+64GB 渐变蓝 移动联通电信4G全面屏手机 双卡双待','2020-03-16 00:00:00',NULL,1,'2020-03-16 23:51:50'),

(1490,7,8,8900.00,3,'http://RFCTOnWWRtrJdygmPqiUXdBvyhqiTTOnXYagFJDP','Apple iPhoneXSMax (A2104) 256GB 深空灰色 移动联通电信4G手机 双卡双待','2020-03-16 00:00:00',NULL,1,'2020-03-16 23:20:44'),

(1491,27,4,1442.00,2,'http://SXlkutIjYpDWWTEpNUiisnlsevOHVElrdngQLgyZ','小米Play 流光渐变AI双摄 4GB+64GB 梦幻蓝 全网通4G 双卡双待 小水滴全面屏拍照游戏智能手机','2020-03-16 00:00:00',NULL,1,'2020-03-16 23:51:50'),

(1492,4,6,145.00,1,'http://lMddjKYNSaxpeAqbkWcxegrrHjayrosVDeLrABhg','北纯精制黄小米（小黄米 月子米 小米粥 粗粮杂粮 大米伴侣）2.18kg','2020-03-16 00:00:00',NULL,1,'2020-03-16 23:21:14'),

(1493,18,1,2220.00,3,'http://AOvKmfRQEBRJJllwCwCuptVAOtBBcIjWeJRsmhbJ','荣耀10青春版 幻彩渐变 2400万AI自拍 全网通版4GB+64GB 渐变蓝 移动联通电信4G全面屏手机 双卡双待','2020-03-16 00:00:00',NULL,1,'2020-03-16 23:56:46'),

(1494,6,10,222.00,2,'http://kAXllAQEzJWHwiExxVmyJIABfXyzbKwedeofMqwh','小米（MI） 小米路由器4 双千兆路由器 无线家用穿墙1200M高速双频wifi 千兆版 千兆端口光纤适用','2020-03-16 00:00:00',NULL,1,'2020-03-16 23:56:46'),

(1495,13,4,1442.00,3,'http://SXlkutIjYpDWWTEpNUiisnlsevOHVElrdngQLgyZ','小米Play 流光渐变AI双摄 4GB+64GB 梦幻蓝 全网通4G 双卡双待 小水滴全面屏拍照游戏智能手机','2020-03-16 00:00:00',NULL,1,'2020-03-16 23:51:50'),

(1496,13,5,244.00,2,'http://INNButKuTkslasORPBmHACnJuccfsxmRxNuMznPm','十月稻田 沁州黄小米 (黄小米 五谷杂粮 山西特产 真空装 大米伴侣 粥米搭档) 2.5kg','2020-03-16 00:00:00',NULL,1,'2020-03-16 23:51:50'),

(1497,7,2,3321.00,3,'http://JfJSvAnPkErYPcUsbgCuokhjxKiLeqpDXakZqFeE','TCL 55A950C 55英寸32核人工智能 HDR曲面超薄4K电视金属机身（枪色）','2020-03-16 00:00:00',NULL,1,'2020-03-16 23:21:14'),

(1498,7,12,6699.00,1,'http://kAXllAQEzJWHwiExxVmyJIABfXyzbKwedeofMqwh','联想(Lenovo)拯救者Y7000 英特尔酷睿i7 2019新款 15.6英寸发烧游戏本笔记本电脑（i7-9750H 8GB 512GB SSD GTX1650 4G 高色域','2020-03-16 00:00:00',NULL,1,'2020-03-16 23:21:14'),

(1499,25,4,1442.00,1,'http://SXlkutIjYpDWWTEpNUiisnlsevOHVElrdngQLgyZ','小米Play 流光渐变AI双摄 4GB+64GB 梦幻蓝 全网通4G 双卡双待 小水滴全面屏拍照游戏智能手机','2020-03-16 00:00:00',NULL,1,'2020-03-16 23:17:33'),

(1500,6,1,2220.00,2,'http://AOvKmfRQEBRJJllwCwCuptVAOtBBcIjWeJRsmhbJ','荣耀10青春版 幻彩渐变 2400万AI自拍 全网通版4GB+64GB 渐变蓝 移动联通电信4G全面屏手机 双卡双待','2020-03-16 00:00:00',NULL,1,'2020-03-16 23:20:01'),

(1501,11,6,145.00,2,'http://lMddjKYNSaxpeAqbkWcxegrrHjayrosVDeLrABhg','北纯精制黄小米（小黄米 月子米 小米粥 粗粮杂粮 大米伴侣）2.18kg','2020-03-16 00:00:00',NULL,1,'2020-03-16 23:21:14'),

(1502,14,2,3321.00,2,'http://JfJSvAnPkErYPcUsbgCuokhjxKiLeqpDXakZqFeE','TCL 55A950C 55英寸32核人工智能 HDR曲面超薄4K电视金属机身（枪色）','2020-03-16 00:00:00',NULL,1,'2020-03-16 23:56:46'),

(1503,14,12,6699.00,3,'http://kAXllAQEzJWHwiExxVmyJIABfXyzbKwedeofMqwh','联想(Lenovo)拯救者Y7000 英特尔酷睿i7 2019新款 15.6英寸发烧游戏本笔记本电脑（i7-9750H 8GB 512GB SSD GTX1650 4G 高色域','2020-03-16 00:00:00',NULL,1,'2020-03-16 23:56:46'),

(1504,5,8,8900.00,3,'http://RFCTOnWWRtrJdygmPqiUXdBvyhqiTTOnXYagFJDP','Apple iPhoneXSMax (A2104) 256GB 深空灰色 移动联通电信4G手机 双卡双待','2020-03-16 00:00:00',NULL,1,'2020-03-16 23:56:46'),

(1505,27,5,244.00,3,'http://INNButKuTkslasORPBmHACnJuccfsxmRxNuMznPm','十月稻田 沁州黄小米 (黄小米 五谷杂粮 山西特产 真空装 大米伴侣 粥米搭档) 2.5kg','2020-03-16 00:00:00',NULL,1,'2020-03-16 23:56:46'),

(1506,23,4,1442.00,1,'http://SXlkutIjYpDWWTEpNUiisnlsevOHVElrdngQLgyZ','小米Play 流光渐变AI双摄 4GB+64GB 梦幻蓝 全网通4G 双卡双待 小水滴全面屏拍照游戏智能手机','2020-03-16 00:00:00',NULL,1,'2020-03-16 23:51:50'),

(1507,20,10,222.00,3,'http://kAXllAQEzJWHwiExxVmyJIABfXyzbKwedeofMqwh','小米（MI） 小米路由器4 双千兆路由器 无线家用穿墙1200M高速双频wifi 千兆版 千兆端口光纤适用','2020-03-16 00:00:00',NULL,1,'2020-03-16 23:21:14'),

(1508,17,4,1442.00,2,'http://SXlkutIjYpDWWTEpNUiisnlsevOHVElrdngQLgyZ','小米Play 流光渐变AI双摄 4GB+64GB 梦幻蓝 全网通4G 双卡双待 小水滴全面屏拍照游戏智能手机','2020-03-16 00:00:00',NULL,1,'2020-03-16 23:21:14'),

(1509,2,7,1553.00,3,'http://IJwhvJSuwaMHaevQQKZUzLkOsvYFiYsRhmLSjpZb','荣耀10青春版 幻彩渐变 2400万AI自拍 全网通版4GB+64GB 渐变蓝 移动联通电信4G全面屏手机 双卡双待','2020-03-16 00:00:00',NULL,1,'2020-03-16 23:56:46'),

(1510,7,1,2220.00,1,'http://AOvKmfRQEBRJJllwCwCuptVAOtBBcIjWeJRsmhbJ','荣耀10青春版 幻彩渐变 2400万AI自拍 全网通版4GB+64GB 渐变蓝 移动联通电信4G全面屏手机 双卡双待','2020-03-16 00:00:00',NULL,1,'2020-03-16 23:21:14'),

(1511,19,11,6399.00,2,'http://kAXllAQEzJWHwiExxVmyJIABfXyzbKwedeofMqwh','联想(Lenovo)拯救者Y7000 2019新款 15.6英寸游戏本笔记本电脑（i7-9750H 8GB 1TB+256GB GTX1650 4G独显 黑）','2020-03-16 00:00:00',NULL,1,'2020-03-16 23:56:46'),

(1512,23,2,3321.00,2,'http://JfJSvAnPkErYPcUsbgCuokhjxKiLeqpDXakZqFeE','TCL 55A950C 55英寸32核人工智能 HDR曲面超薄4K电视金属机身（枪色）','2020-03-16 00:00:00',NULL,1,'2020-03-16 23:56:46'),

(1513,23,9,2452.00,1,'http://hNuKrFXZgFIzzZxnYeCxEDdJlbAwHUCbBChdXAKZ','荣耀10 GT游戏加速 AIS手持夜景 6GB+64GB 幻影蓝全网通 移动联通电信','2020-03-16 00:00:00',NULL,1,'2020-03-16 23:56:46'),

(1514,4,10,222.00,3,'http://kAXllAQEzJWHwiExxVmyJIABfXyzbKwedeofMqwh','小米（MI） 小米路由器4 双千兆路由器 无线家用穿墙1200M高速双频wifi 千兆版 千兆端口光纤适用','2020-03-16 00:00:00',NULL,1,'2020-03-16 23:51:50'),

(1515,5,4,1442.00,3,'http://SXlkutIjYpDWWTEpNUiisnlsevOHVElrdngQLgyZ','小米Play 流光渐变AI双摄 4GB+64GB 梦幻蓝 全网通4G 双卡双待 小水滴全面屏拍照游戏智能手机','2020-03-16 00:00:00',NULL,1,'2020-03-16 23:56:46'),

(1516,22,4,1442.00,2,'http://SXlkutIjYpDWWTEpNUiisnlsevOHVElrdngQLgyZ','小米Play 流光渐变AI双摄 4GB+64GB 梦幻蓝 全网通4G 双卡双待 小水滴全面屏拍照游戏智能手机','2020-03-17 00:00:00',NULL,1,'2020-03-16 23:56:46'),

(1517,26,4,1442.00,3,'http://SXlkutIjYpDWWTEpNUiisnlsevOHVElrdngQLgyZ','小米Play 流光渐变AI双摄 4GB+64GB 梦幻蓝 全网通4G 双卡双待 小水滴全面屏拍照游戏智能手机','2020-03-17 00:00:00',NULL,1,'2020-03-16 23:56:46'),

(1518,25,3,3100.00,2,'http://LzpblavcZQeYEbwbSjsnmsgAjtpudhDradqsRgdZ','小米（MI）电视 55英寸曲面4K智能WiFi网络液晶电视机4S L55M5-AQ 小米电视4S 55英寸 曲面','2020-03-17 00:00:00',NULL,1,'2020-03-16 23:20:01'),

(1519,8,7,1553.00,1,'http://IJwhvJSuwaMHaevQQKZUzLkOsvYFiYsRhmLSjpZb','荣耀10青春版 幻彩渐变 2400万AI自拍 全网通版4GB+64GB 渐变蓝 移动联通电信4G全面屏手机 双卡双待','2020-03-17 00:00:00',NULL,1,'2020-03-16 23:56:46'),

(1520,40,5,244.00,3,'http://INNButKuTkslasORPBmHACnJuccfsxmRxNuMznPm','十月稻田 沁州黄小米 (黄小米 五谷杂粮 山西特产 真空装 大米伴侣 粥米搭档) 2.5kg','2020-03-17 00:00:00',NULL,1,'2020-03-16 23:56:46'),

(1521,21,5,244.00,3,'http://INNButKuTkslasORPBmHACnJuccfsxmRxNuMznPm','十月稻田 沁州黄小米 (黄小米 五谷杂粮 山西特产 真空装 大米伴侣 粥米搭档) 2.5kg','2020-03-17 00:00:00',NULL,1,'2020-03-16 23:56:46'),

(1522,14,12,6699.00,1,'http://kAXllAQEzJWHwiExxVmyJIABfXyzbKwedeofMqwh','联想(Lenovo)拯救者Y7000 英特尔酷睿i7 2019新款 15.6英寸发烧游戏本笔记本电脑（i7-9750H 8GB 512GB SSD GTX1650 4G 高色域','2020-03-17 00:00:00',NULL,1,'2020-03-16 23:21:14'),

(1523,17,4,1442.00,3,'http://SXlkutIjYpDWWTEpNUiisnlsevOHVElrdngQLgyZ','小米Play 流光渐变AI双摄 4GB+64GB 梦幻蓝 全网通4G 双卡双待 小水滴全面屏拍照游戏智能手机','2020-03-17 00:00:00',NULL,1,'2020-03-16 23:21:14'),

(1524,18,2,3321.00,1,'http://JfJSvAnPkErYPcUsbgCuokhjxKiLeqpDXakZqFeE','TCL 55A950C 55英寸32核人工智能 HDR曲面超薄4K电视金属机身（枪色）','2020-03-17 00:00:00',NULL,1,'2020-03-16 23:56:46'),

(1525,20,2,3321.00,3,'http://JfJSvAnPkErYPcUsbgCuokhjxKiLeqpDXakZqFeE','TCL 55A950C 55英寸32核人工智能 HDR曲面超薄4K电视金属机身（枪色）','2020-03-17 00:00:00',NULL,1,'2020-03-16 23:51:50'),

(1526,31,8,8900.00,3,'http://RFCTOnWWRtrJdygmPqiUXdBvyhqiTTOnXYagFJDP','Apple iPhoneXSMax (A2104) 256GB 深空灰色 移动联通电信4G手机 双卡双待','2020-03-17 00:00:00',NULL,1,'2020-03-16 23:21:14'),

(1527,4,11,6399.00,1,'http://kAXllAQEzJWHwiExxVmyJIABfXyzbKwedeofMqwh','联想(Lenovo)拯救者Y7000 2019新款 15.6英寸游戏本笔记本电脑（i7-9750H 8GB 1TB+256GB GTX1650 4G独显 黑）','2020-03-17 00:00:00',NULL,1,'2020-03-16 23:51:50'),

(1528,36,1,2220.00,1,'http://AOvKmfRQEBRJJllwCwCuptVAOtBBcIjWeJRsmhbJ','荣耀10青春版 幻彩渐变 2400万AI自拍 全网通版4GB+64GB 渐变蓝 移动联通电信4G全面屏手机 双卡双待','2020-03-17 00:00:00',NULL,1,'2020-03-16 23:56:46'),

(1529,12,9,2452.00,1,'http://hNuKrFXZgFIzzZxnYeCxEDdJlbAwHUCbBChdXAKZ','荣耀10 GT游戏加速 AIS手持夜景 6GB+64GB 幻影蓝全网通 移动联通电信','2020-03-17 00:00:00',NULL,1,'2020-03-16 23:51:50'),

(1530,20,7,1553.00,1,'http://IJwhvJSuwaMHaevQQKZUzLkOsvYFiYsRhmLSjpZb','荣耀10青春版 幻彩渐变 2400万AI自拍 全网通版4GB+64GB 渐变蓝 移动联通电信4G全面屏手机 双卡双待','2020-03-17 00:00:00',NULL,1,'2020-03-16 23:51:50'),

(1531,39,5,244.00,3,'http://INNButKuTkslasORPBmHACnJuccfsxmRxNuMznPm','十月稻田 沁州黄小米 (黄小米 五谷杂粮 山西特产 真空装 大米伴侣 粥米搭档) 2.5kg','2020-03-17 00:00:00',NULL,1,'2020-03-16 23:56:46'),

(1532,14,3,3100.00,2,'http://LzpblavcZQeYEbwbSjsnmsgAjtpudhDradqsRgdZ','小米（MI）电视 55英寸曲面4K智能WiFi网络液晶电视机4S L55M5-AQ 小米电视4S 55英寸 曲面','2020-03-17 00:00:00',NULL,1,'2020-03-16 23:56:46'),

(1533,37,8,8900.00,1,'http://RFCTOnWWRtrJdygmPqiUXdBvyhqiTTOnXYagFJDP','Apple iPhoneXSMax (A2104) 256GB 深空灰色 移动联通电信4G手机 双卡双待','2020-03-17 00:00:00',NULL,1,'2020-03-16 23:56:46'),

(1534,38,6,145.00,3,'http://lMddjKYNSaxpeAqbkWcxegrrHjayrosVDeLrABhg','北纯精制黄小米（小黄米 月子米 小米粥 粗粮杂粮 大米伴侣）2.18kg','2020-03-17 00:00:00',NULL,1,'2020-03-16 23:20:44'),

(1535,16,9,2452.00,3,'http://hNuKrFXZgFIzzZxnYeCxEDdJlbAwHUCbBChdXAKZ','荣耀10 GT游戏加速 AIS手持夜景 6GB+64GB 幻影蓝全网通 移动联通电信','2020-03-17 00:00:00',NULL,1,'2020-03-16 23:21:14'),

(1536,13,9,2452.00,1,'http://hNuKrFXZgFIzzZxnYeCxEDdJlbAwHUCbBChdXAKZ','荣耀10 GT游戏加速 AIS手持夜景 6GB+64GB 幻影蓝全网通 移动联通电信','2020-03-17 00:00:00',NULL,1,'2020-03-16 23:51:50'),

(1537,36,8,8900.00,1,'http://RFCTOnWWRtrJdygmPqiUXdBvyhqiTTOnXYagFJDP','Apple iPhoneXSMax (A2104) 256GB 深空灰色 移动联通电信4G手机 双卡双待','2020-03-17 00:00:00',NULL,1,'2020-03-16 23:20:44'),

(1538,31,4,1442.00,3,'http://SXlkutIjYpDWWTEpNUiisnlsevOHVElrdngQLgyZ','小米Play 流光渐变AI双摄 4GB+64GB 梦幻蓝 全网通4G 双卡双待 小水滴全面屏拍照游戏智能手机','2020-03-17 00:00:00',NULL,1,'2020-03-16 23:21:14'),

(1539,32,6,145.00,1,'http://lMddjKYNSaxpeAqbkWcxegrrHjayrosVDeLrABhg','北纯精制黄小米（小黄米 月子米 小米粥 粗粮杂粮 大米伴侣）2.18kg','2020-03-17 00:00:00',NULL,1,'2020-03-16 23:56:46'),

(1540,14,9,2452.00,3,'http://hNuKrFXZgFIzzZxnYeCxEDdJlbAwHUCbBChdXAKZ','荣耀10 GT游戏加速 AIS手持夜景 6GB+64GB 幻影蓝全网通 移动联通电信','2020-03-17 00:00:00',NULL,1,'2020-03-16 23:56:46'),

(1541,3,6,145.00,1,'http://lMddjKYNSaxpeAqbkWcxegrrHjayrosVDeLrABhg','北纯精制黄小米（小黄米 月子米 小米粥 粗粮杂粮 大米伴侣）2.18kg','2020-03-17 00:00:00',NULL,1,'2020-03-16 23:51:50'),

(1542,18,13,7299.00,2,'http://kAXllAQEzJWHwiExxVmyJIABfXyzbKwedeofMqwh','联想(Lenovo)Y9000X 2019新款 15.6英寸高性能标压轻薄本笔记本电脑(i5-9300H 16G 512GSSD FHD)深空灰','2020-03-17 00:00:00',NULL,1,'2020-03-16 23:56:46'),

(1543,36,13,7299.00,1,'http://kAXllAQEzJWHwiExxVmyJIABfXyzbKwedeofMqwh','联想(Lenovo)Y9000X 2019新款 15.6英寸高性能标压轻薄本笔记本电脑(i5-9300H 16G 512GSSD FHD)深空灰','2020-03-17 00:00:00',NULL,1,'2020-03-16 23:56:46'),

(1544,7,7,1553.00,1,'http://IJwhvJSuwaMHaevQQKZUzLkOsvYFiYsRhmLSjpZb','荣耀10青春版 幻彩渐变 2400万AI自拍 全网通版4GB+64GB 渐变蓝 移动联通电信4G全面屏手机 双卡双待','2020-03-17 00:00:00',NULL,1,'2020-03-16 23:21:14'),

(1545,6,5,244.00,3,'http://INNButKuTkslasORPBmHACnJuccfsxmRxNuMznPm','十月稻田 沁州黄小米 (黄小米 五谷杂粮 山西特产 真空装 大米伴侣 粥米搭档) 2.5kg','2020-03-17 00:00:00',NULL,1,'2020-03-16 23:56:46'),

(1546,32,5,244.00,3,'http://INNButKuTkslasORPBmHACnJuccfsxmRxNuMznPm','十月稻田 沁州黄小米 (黄小米 五谷杂粮 山西特产 真空装 大米伴侣 粥米搭档) 2.5kg','2020-03-18 00:00:00',NULL,1,'2020-03-16 23:56:46'),

(1547,7,5,244.00,1,'http://INNButKuTkslasORPBmHACnJuccfsxmRxNuMznPm','十月稻田 沁州黄小米 (黄小米 五谷杂粮 山西特产 真空装 大米伴侣 粥米搭档) 2.5kg','2020-03-18 00:00:00',NULL,1,'2020-03-16 23:21:14'),

(1548,31,11,6399.00,1,'http://kAXllAQEzJWHwiExxVmyJIABfXyzbKwedeofMqwh','联想(Lenovo)拯救者Y7000 2019新款 15.6英寸游戏本笔记本电脑（i7-9750H 8GB 1TB+256GB GTX1650 4G独显 黑）','2020-03-18 00:00:00',NULL,1,'2020-03-16 23:21:14'),

(1549,16,9,2452.00,3,'http://hNuKrFXZgFIzzZxnYeCxEDdJlbAwHUCbBChdXAKZ','荣耀10 GT游戏加速 AIS手持夜景 6GB+64GB 幻影蓝全网通 移动联通电信','2020-03-18 00:00:00',NULL,1,'2020-03-16 23:51:50'),

(1550,17,1,2220.00,2,'http://AOvKmfRQEBRJJllwCwCuptVAOtBBcIjWeJRsmhbJ','荣耀10青春版 幻彩渐变 2400万AI自拍 全网通版4GB+64GB 渐变蓝 移动联通电信4G全面屏手机 双卡双待','2020-03-18 00:00:00',NULL,1,'2020-03-16 23:20:44'),

(1551,37,6,145.00,1,'http://lMddjKYNSaxpeAqbkWcxegrrHjayrosVDeLrABhg','北纯精制黄小米（小黄米 月子米 小米粥 粗粮杂粮 大米伴侣）2.18kg','2020-03-18 00:00:00',NULL,1,'2020-03-16 23:21:14'),

(1552,31,7,1553.00,3,'http://IJwhvJSuwaMHaevQQKZUzLkOsvYFiYsRhmLSjpZb','荣耀10青春版 幻彩渐变 2400万AI自拍 全网通版4GB+64GB 渐变蓝 移动联通电信4G全面屏手机 双卡双待','2020-03-18 00:00:00',NULL,1,'2020-03-16 23:21:14'),

(1553,7,11,6399.00,1,'http://kAXllAQEzJWHwiExxVmyJIABfXyzbKwedeofMqwh','联想(Lenovo)拯救者Y7000 2019新款 15.6英寸游戏本笔记本电脑（i7-9750H 8GB 1TB+256GB GTX1650 4G独显 黑）','2020-03-18 00:00:00',NULL,1,'2020-03-16 23:21:14'),

(1554,4,8,8900.00,3,'http://RFCTOnWWRtrJdygmPqiUXdBvyhqiTTOnXYagFJDP','Apple iPhoneXSMax (A2104) 256GB 深空灰色 移动联通电信4G手机 双卡双待','2020-03-18 00:00:00',NULL,1,'2020-03-16 23:51:50'),

(1555,5,6,145.00,2,'http://lMddjKYNSaxpeAqbkWcxegrrHjayrosVDeLrABhg','北纯精制黄小米（小黄米 月子米 小米粥 粗粮杂粮 大米伴侣）2.18kg','2020-03-18 00:00:00',NULL,1,'2020-03-16 23:56:46'),

(1556,8,5,244.00,3,'http://INNButKuTkslasORPBmHACnJuccfsxmRxNuMznPm','十月稻田 沁州黄小米 (黄小米 五谷杂粮 山西特产 真空装 大米伴侣 粥米搭档) 2.5kg','2020-03-18 00:00:00',NULL,1,'2020-03-16 23:56:46'),

(1557,10,2,3321.00,1,'http://JfJSvAnPkErYPcUsbgCuokhjxKiLeqpDXakZqFeE','TCL 55A950C 55英寸32核人工智能 HDR曲面超薄4K电视金属机身（枪色）','2020-03-18 00:00:00',NULL,1,'2020-03-16 23:21:14'),

(1558,36,11,6399.00,3,'http://kAXllAQEzJWHwiExxVmyJIABfXyzbKwedeofMqwh','联想(Lenovo)拯救者Y7000 2019新款 15.6英寸游戏本笔记本电脑（i7-9750H 8GB 1TB+256GB GTX1650 4G独显 黑）','2020-03-18 00:00:00',NULL,1,'2020-03-16 23:20:44'),

(1559,40,12,6699.00,2,'http://kAXllAQEzJWHwiExxVmyJIABfXyzbKwedeofMqwh','联想(Lenovo)拯救者Y7000 英特尔酷睿i7 2019新款 15.6英寸发烧游戏本笔记本电脑（i7-9750H 8GB 512GB SSD GTX1650 4G 高色域','2020-03-18 00:00:00',NULL,1,'2020-03-16 23:56:46'),

(1560,27,13,7299.00,2,'http://kAXllAQEzJWHwiExxVmyJIABfXyzbKwedeofMqwh','联想(Lenovo)Y9000X 2019新款 15.6英寸高性能标压轻薄本笔记本电脑(i5-9300H 16G 512GSSD FHD)深空灰','2020-03-18 00:00:00',NULL,1,'2020-03-16 23:56:46'),

(1561,15,10,222.00,3,'http://kAXllAQEzJWHwiExxVmyJIABfXyzbKwedeofMqwh','小米（MI） 小米路由器4 双千兆路由器 无线家用穿墙1200M高速双频wifi 千兆版 千兆端口光纤适用','2020-03-18 00:00:00',NULL,1,'2020-03-16 23:21:14'),

(1562,23,4,1442.00,2,'http://SXlkutIjYpDWWTEpNUiisnlsevOHVElrdngQLgyZ','小米Play 流光渐变AI双摄 4GB+64GB 梦幻蓝 全网通4G 双卡双待 小水滴全面屏拍照游戏智能手机','2020-03-18 00:00:00',NULL,1,'2020-03-16 23:56:46'),

(1563,27,7,1553.00,2,'http://IJwhvJSuwaMHaevQQKZUzLkOsvYFiYsRhmLSjpZb','荣耀10青春版 幻彩渐变 2400万AI自拍 全网通版4GB+64GB 渐变蓝 移动联通电信4G全面屏手机 双卡双待','2020-03-18 00:00:00',NULL,1,'2020-03-16 23:56:46'),

(1564,29,5,244.00,2,'http://INNButKuTkslasORPBmHACnJuccfsxmRxNuMznPm','十月稻田 沁州黄小米 (黄小米 五谷杂粮 山西特产 真空装 大米伴侣 粥米搭档) 2.5kg','2020-03-18 00:00:00',NULL,1,'2020-03-16 23:20:44'),

(1565,5,1,2220.00,1,'http://AOvKmfRQEBRJJllwCwCuptVAOtBBcIjWeJRsmhbJ','荣耀10青春版 幻彩渐变 2400万AI自拍 全网通版4GB+64GB 渐变蓝 移动联通电信4G全面屏手机 双卡双待','2020-03-18 00:00:00',NULL,1,'2020-03-16 23:56:46'),

(1566,17,10,222.00,2,'http://kAXllAQEzJWHwiExxVmyJIABfXyzbKwedeofMqwh','小米（MI） 小米路由器4 双千兆路由器 无线家用穿墙1200M高速双频wifi 千兆版 千兆端口光纤适用','2020-03-18 00:00:00',NULL,1,'2020-03-16 23:21:14'),

(1567,8,12,6699.00,3,'http://kAXllAQEzJWHwiExxVmyJIABfXyzbKwedeofMqwh','联想(Lenovo)拯救者Y7000 英特尔酷睿i7 2019新款 15.6英寸发烧游戏本笔记本电脑（i7-9750H 8GB 512GB SSD GTX1650 4G 高色域','2020-03-18 00:00:00',NULL,1,'2020-03-16 23:51:50'),

(1568,17,13,7299.00,2,'http://kAXllAQEzJWHwiExxVmyJIABfXyzbKwedeofMqwh','联想(Lenovo)Y9000X 2019新款 15.6英寸高性能标压轻薄本笔记本电脑(i5-9300H 16G 512GSSD FHD)深空灰','2020-03-18 00:00:00',NULL,1,'2020-03-16 23:21:14'),

(1569,32,6,145.00,1,'http://lMddjKYNSaxpeAqbkWcxegrrHjayrosVDeLrABhg','北纯精制黄小米（小黄米 月子米 小米粥 粗粮杂粮 大米伴侣）2.18kg','2020-03-18 00:00:00',NULL,1,'2020-03-16 23:56:46'),

(1570,13,13,7299.00,2,'http://kAXllAQEzJWHwiExxVmyJIABfXyzbKwedeofMqwh','联想(Lenovo)Y9000X 2019新款 15.6英寸高性能标压轻薄本笔记本电脑(i5-9300H 16G 512GSSD FHD)深空灰','2020-03-18 00:00:00',NULL,1,'2020-03-16 23:51:50'),

(1571,14,8,8900.00,3,'http://RFCTOnWWRtrJdygmPqiUXdBvyhqiTTOnXYagFJDP','Apple iPhoneXSMax (A2104) 256GB 深空灰色 移动联通电信4G手机 双卡双待','2020-03-18 00:00:00',NULL,1,'2020-03-16 23:56:46'),

(1572,38,5,244.00,1,'http://INNButKuTkslasORPBmHACnJuccfsxmRxNuMznPm','十月稻田 沁州黄小米 (黄小米 五谷杂粮 山西特产 真空装 大米伴侣 粥米搭档) 2.5kg','2020-03-18 00:00:00',NULL,1,'2020-03-16 23:56:46'),

(1573,27,9,2452.00,3,'http://hNuKrFXZgFIzzZxnYeCxEDdJlbAwHUCbBChdXAKZ','荣耀10 GT游戏加速 AIS手持夜景 6GB+64GB 幻影蓝全网通 移动联通电信','2020-03-18 00:00:00',NULL,1,'2020-03-16 23:56:46'),

(1574,4,12,6699.00,2,'http://kAXllAQEzJWHwiExxVmyJIABfXyzbKwedeofMqwh','联想(Lenovo)拯救者Y7000 英特尔酷睿i7 2019新款 15.6英寸发烧游戏本笔记本电脑（i7-9750H 8GB 512GB SSD GTX1650 4G 高色域','2020-03-20 00:00:00',NULL,1,'2020-03-16 23:21:14'),

(1575,33,4,1442.00,2,'http://SXlkutIjYpDWWTEpNUiisnlsevOHVElrdngQLgyZ','小米Play 流光渐变AI双摄 4GB+64GB 梦幻蓝 全网通4G 双卡双待 小水滴全面屏拍照游戏智能手机','2020-03-20 00:00:00',NULL,1,'2020-03-16 23:21:14'),

(1576,6,10,222.00,1,'http://kAXllAQEzJWHwiExxVmyJIABfXyzbKwedeofMqwh','小米（MI） 小米路由器4 双千兆路由器 无线家用穿墙1200M高速双频wifi 千兆版 千兆端口光纤适用','2020-03-20 00:00:00',NULL,1,'2020-03-16 23:56:46'),

(1577,3,4,1442.00,1,'http://SXlkutIjYpDWWTEpNUiisnlsevOHVElrdngQLgyZ','小米Play 流光渐变AI双摄 4GB+64GB 梦幻蓝 全网通4G 双卡双待 小水滴全面屏拍照游戏智能手机','2020-03-20 00:00:00',NULL,1,'2020-03-16 23:51:50'),

(1578,4,1,2220.00,2,'http://AOvKmfRQEBRJJllwCwCuptVAOtBBcIjWeJRsmhbJ','荣耀10青春版 幻彩渐变 2400万AI自拍 全网通版4GB+64GB 渐变蓝 移动联通电信4G全面屏手机 双卡双待','2020-03-20 00:00:00',NULL,1,'2020-03-16 23:51:50'),

(1579,7,7,1553.00,3,'http://IJwhvJSuwaMHaevQQKZUzLkOsvYFiYsRhmLSjpZb','荣耀10青春版 幻彩渐变 2400万AI自拍 全网通版4GB+64GB 渐变蓝 移动联通电信4G全面屏手机 双卡双待','2020-03-20 00:00:00',NULL,1,'2020-03-16 23:21:14'),

(1580,23,3,3100.00,2,'http://LzpblavcZQeYEbwbSjsnmsgAjtpudhDradqsRgdZ','小米（MI）电视 55英寸曲面4K智能WiFi网络液晶电视机4S L55M5-AQ 小米电视4S 55英寸 曲面','2020-03-20 00:00:00',NULL,1,'2020-03-16 23:56:46'),

(1581,9,10,222.00,3,'http://kAXllAQEzJWHwiExxVmyJIABfXyzbKwedeofMqwh','小米（MI） 小米路由器4 双千兆路由器 无线家用穿墙1200M高速双频wifi 千兆版 千兆端口光纤适用','2020-03-20 00:00:00',NULL,1,'2020-03-16 23:51:50'),

(1582,10,9,2452.00,3,'http://hNuKrFXZgFIzzZxnYeCxEDdJlbAwHUCbBChdXAKZ','荣耀10 GT游戏加速 AIS手持夜景 6GB+64GB 幻影蓝全网通 移动联通电信','2020-03-20 00:00:00',NULL,1,'2020-03-16 23:51:50'),

(1583,13,11,6399.00,2,'http://kAXllAQEzJWHwiExxVmyJIABfXyzbKwedeofMqwh','联想(Lenovo)拯救者Y7000 2019新款 15.6英寸游戏本笔记本电脑（i7-9750H 8GB 1TB+256GB GTX1650 4G独显 黑）','2020-03-20 00:00:00',NULL,1,'2020-03-16 23:51:50'),

(1584,32,4,1442.00,2,'http://SXlkutIjYpDWWTEpNUiisnlsevOHVElrdngQLgyZ','小米Play 流光渐变AI双摄 4GB+64GB 梦幻蓝 全网通4G 双卡双待 小水滴全面屏拍照游戏智能手机','2020-03-20 00:00:00',NULL,1,'2020-03-16 23:51:50'),

(1585,11,7,1553.00,3,'http://IJwhvJSuwaMHaevQQKZUzLkOsvYFiYsRhmLSjpZb','荣耀10青春版 幻彩渐变 2400万AI自拍 全网通版4GB+64GB 渐变蓝 移动联通电信4G全面屏手机 双卡双待','2020-03-20 00:00:00',NULL,1,'2020-03-16 23:56:46'),

(1586,30,9,2452.00,1,'http://hNuKrFXZgFIzzZxnYeCxEDdJlbAwHUCbBChdXAKZ','荣耀10 GT游戏加速 AIS手持夜景 6GB+64GB 幻影蓝全网通 移动联通电信','2020-03-20 00:00:00',NULL,1,'2020-03-16 23:21:14'),

(1587,17,5,244.00,1,'http://INNButKuTkslasORPBmHACnJuccfsxmRxNuMznPm','十月稻田 沁州黄小米 (黄小米 五谷杂粮 山西特产 真空装 大米伴侣 粥米搭档) 2.5kg','2020-03-20 00:00:00',NULL,1,'2020-03-16 23:21:14'),

(1588,2,3,3100.00,2,'http://LzpblavcZQeYEbwbSjsnmsgAjtpudhDradqsRgdZ','小米（MI）电视 55英寸曲面4K智能WiFi网络液晶电视机4S L55M5-AQ 小米电视4S 55英寸 曲面','2020-03-20 00:00:00',NULL,1,'2020-03-16 23:56:46'),

(1589,5,7,1553.00,3,'http://IJwhvJSuwaMHaevQQKZUzLkOsvYFiYsRhmLSjpZb','荣耀10青春版 幻彩渐变 2400万AI自拍 全网通版4GB+64GB 渐变蓝 移动联通电信4G全面屏手机 双卡双待','2020-03-20 00:00:00',NULL,1,'2020-03-16 23:56:46'),

(1590,10,5,244.00,1,'http://INNButKuTkslasORPBmHACnJuccfsxmRxNuMznPm','十月稻田 沁州黄小米 (黄小米 五谷杂粮 山西特产 真空装 大米伴侣 粥米搭档) 2.5kg','2020-03-20 00:00:00',NULL,1,'2020-03-16 23:51:50'),

(1591,15,4,1442.00,2,'http://SXlkutIjYpDWWTEpNUiisnlsevOHVElrdngQLgyZ','小米Play 流光渐变AI双摄 4GB+64GB 梦幻蓝 全网通4G 双卡双待 小水滴全面屏拍照游戏智能手机','2020-03-20 00:00:00',NULL,1,'2020-03-16 23:56:46'),

(1592,16,5,244.00,3,'http://INNButKuTkslasORPBmHACnJuccfsxmRxNuMznPm','十月稻田 沁州黄小米 (黄小米 五谷杂粮 山西特产 真空装 大米伴侣 粥米搭档) 2.5kg','2020-03-20 00:00:00',NULL,1,'2020-03-16 23:51:50'),

(1593,7,3,3100.00,1,'http://LzpblavcZQeYEbwbSjsnmsgAjtpudhDradqsRgdZ','小米（MI）电视 55英寸曲面4K智能WiFi网络液晶电视机4S L55M5-AQ 小米电视4S 55英寸 曲面','2020-03-20 00:00:00',NULL,1,'2020-03-16 23:21:14'),

(1594,40,9,2452.00,1,'http://hNuKrFXZgFIzzZxnYeCxEDdJlbAwHUCbBChdXAKZ','荣耀10 GT游戏加速 AIS手持夜景 6GB+64GB 幻影蓝全网通 移动联通电信','2020-03-20 00:00:00',NULL,1,'2020-03-16 23:56:46'),

(1595,13,3,3100.00,3,'http://LzpblavcZQeYEbwbSjsnmsgAjtpudhDradqsRgdZ','小米（MI）电视 55英寸曲面4K智能WiFi网络液晶电视机4S L55M5-AQ 小米电视4S 55英寸 曲面','2020-03-20 00:00:00',NULL,1,'2020-03-16 23:51:50'),

(1596,32,8,8900.00,1,'http://RFCTOnWWRtrJdygmPqiUXdBvyhqiTTOnXYagFJDP','Apple iPhoneXSMax (A2104) 256GB 深空灰色 移动联通电信4G手机 双卡双待','2020-03-20 00:00:00',NULL,1,'2020-03-16 23:56:46'),

(1597,12,11,6399.00,3,'http://kAXllAQEzJWHwiExxVmyJIABfXyzbKwedeofMqwh','联想(Lenovo)拯救者Y7000 2019新款 15.6英寸游戏本笔记本电脑（i7-9750H 8GB 1TB+256GB GTX1650 4G独显 黑）','2020-03-20 00:00:00',NULL,1,'2020-03-16 23:51:50'),

(1598,30,7,1553.00,2,'http://IJwhvJSuwaMHaevQQKZUzLkOsvYFiYsRhmLSjpZb','荣耀10青春版 幻彩渐变 2400万AI自拍 全网通版4GB+64GB 渐变蓝 移动联通电信4G全面屏手机 双卡双待','2020-03-20 00:00:00',NULL,1,'2020-03-16 23:51:50'),

(1599,1,6,145.00,3,'http://lMddjKYNSaxpeAqbkWcxegrrHjayrosVDeLrABhg','北纯精制黄小米（小黄米 月子米 小米粥 粗粮杂粮 大米伴侣）2.18kg','2020-03-20 00:00:00',NULL,1,'2020-03-16 23:51:50'),

(1600,2,5,244.00,3,'http://INNButKuTkslasORPBmHACnJuccfsxmRxNuMznPm','十月稻田 沁州黄小米 (黄小米 五谷杂粮 山西特产 真空装 大米伴侣 粥米搭档) 2.5kg','2020-03-20 00:00:00',NULL,1,'2020-03-16 23:56:46'),

(1601,3,7,1553.00,3,'http://IJwhvJSuwaMHaevQQKZUzLkOsvYFiYsRhmLSjpZb','荣耀10青春版 幻彩渐变 2400万AI自拍 全网通版4GB+64GB 渐变蓝 移动联通电信4G全面屏手机 双卡双待','2020-03-20 00:00:00',NULL,1,'2020-03-16 23:51:50'),

(1602,37,6,145.00,2,'http://lMddjKYNSaxpeAqbkWcxegrrHjayrosVDeLrABhg','北纯精制黄小米（小黄米 月子米 小米粥 粗粮杂粮 大米伴侣）2.18kg','2020-03-20 00:00:00',NULL,1,'2020-03-16 23:56:46'),

(1603,39,9,2452.00,1,'http://hNuKrFXZgFIzzZxnYeCxEDdJlbAwHUCbBChdXAKZ','荣耀10 GT游戏加速 AIS手持夜景 6GB+64GB 幻影蓝全网通 移动联通电信','2020-03-20 00:00:00',NULL,1,'2020-03-16 23:56:46'),

(1604,38,3,3100.00,3,'http://LzpblavcZQeYEbwbSjsnmsgAjtpudhDradqsRgdZ','小米（MI）电视 55英寸曲面4K智能WiFi网络液晶电视机4S L55M5-AQ 小米电视4S 55英寸 曲面','2020-03-20 00:00:00',NULL,1,'2020-03-16 23:56:46'),

(1605,3,9,2452.00,1,'http://hNuKrFXZgFIzzZxnYeCxEDdJlbAwHUCbBChdXAKZ','荣耀10 GT游戏加速 AIS手持夜景 6GB+64GB 幻影蓝全网通 移动联通电信','2020-03-20 00:00:00',NULL,1,'2020-03-16 23:51:50'),

(1606,1,11,6399.00,3,'http://kAXllAQEzJWHwiExxVmyJIABfXyzbKwedeofMqwh','联想(Lenovo)拯救者Y7000 2019新款 15.6英寸游戏本笔记本电脑（i7-9750H 8GB 1TB+256GB GTX1650 4G独显 黑）','2020-03-20 00:00:00',NULL,1,'2020-03-16 23:51:50'),

(1607,21,7,1553.00,3,'http://IJwhvJSuwaMHaevQQKZUzLkOsvYFiYsRhmLSjpZb','荣耀10青春版 幻彩渐变 2400万AI自拍 全网通版4GB+64GB 渐变蓝 移动联通电信4G全面屏手机 双卡双待','2020-03-20 00:00:00',NULL,1,'2020-03-16 23:56:46'),

(1608,3,3,3100.00,1,'http://LzpblavcZQeYEbwbSjsnmsgAjtpudhDradqsRgdZ','小米（MI）电视 55英寸曲面4K智能WiFi网络液晶电视机4S L55M5-AQ 小米电视4S 55英寸 曲面','2020-03-20 00:00:00',NULL,1,'2020-03-16 23:51:50'),

(1609,3,7,1553.00,3,'http://IJwhvJSuwaMHaevQQKZUzLkOsvYFiYsRhmLSjpZb','荣耀10青春版 幻彩渐变 2400万AI自拍 全网通版4GB+64GB 渐变蓝 移动联通电信4G全面屏手机 双卡双待','2020-03-20 00:00:00',NULL,1,'2020-03-16 23:51:50'),

(1610,19,8,8900.00,1,'http://RFCTOnWWRtrJdygmPqiUXdBvyhqiTTOnXYagFJDP','Apple iPhoneXSMax (A2104) 256GB 深空灰色 移动联通电信4G手机 双卡双待','2020-03-20 00:00:00',NULL,1,'2020-03-16 23:56:46'),

(1611,27,6,145.00,1,'http://lMddjKYNSaxpeAqbkWcxegrrHjayrosVDeLrABhg','北纯精制黄小米（小黄米 月子米 小米粥 粗粮杂粮 大米伴侣）2.18kg','2020-03-20 00:00:00',NULL,1,'2020-03-16 23:51:50'),

(1612,15,9,2452.00,2,'http://hNuKrFXZgFIzzZxnYeCxEDdJlbAwHUCbBChdXAKZ','荣耀10 GT游戏加速 AIS手持夜景 6GB+64GB 幻影蓝全网通 移动联通电信','2020-03-20 00:00:00',NULL,1,'2020-03-16 23:56:46'),

(1613,13,6,145.00,3,'http://lMddjKYNSaxpeAqbkWcxegrrHjayrosVDeLrABhg','北纯精制黄小米（小黄米 月子米 小米粥 粗粮杂粮 大米伴侣）2.18kg','2020-03-20 00:00:00',NULL,1,'2020-03-16 23:51:50'),

(1614,6,10,222.00,3,'http://kAXllAQEzJWHwiExxVmyJIABfXyzbKwedeofMqwh','小米（MI） 小米路由器4 双千兆路由器 无线家用穿墙1200M高速双频wifi 千兆版 千兆端口光纤适用','2020-03-20 00:00:00',NULL,1,'2020-03-16 23:51:50'),

(1615,8,10,222.00,2,'http://kAXllAQEzJWHwiExxVmyJIABfXyzbKwedeofMqwh','小米（MI） 小米路由器4 双千兆路由器 无线家用穿墙1200M高速双频wifi 千兆版 千兆端口光纤适用','2020-03-20 00:00:00',NULL,1,'2020-03-16 23:51:50'),

(1616,5,13,7299.00,3,'http://kAXllAQEzJWHwiExxVmyJIABfXyzbKwedeofMqwh','联想(Lenovo)Y9000X 2019新款 15.6英寸高性能标压轻薄本笔记本电脑(i5-9300H 16G 512GSSD FHD)深空灰','2020-03-20 00:00:00',NULL,1,'2020-03-16 23:56:46'),

(1617,11,11,6399.00,1,'http://kAXllAQEzJWHwiExxVmyJIABfXyzbKwedeofMqwh','联想(Lenovo)拯救者Y7000 2019新款 15.6英寸游戏本笔记本电脑（i7-9750H 8GB 1TB+256GB GTX1650 4G独显 黑）','2020-03-20 00:00:00',NULL,1,'2020-03-16 23:56:46'),

(1618,15,11,6399.00,3,'http://kAXllAQEzJWHwiExxVmyJIABfXyzbKwedeofMqwh','联想(Lenovo)拯救者Y7000 2019新款 15.6英寸游戏本笔记本电脑（i7-9750H 8GB 1TB+256GB GTX1650 4G独显 黑）','2020-03-20 00:00:00',NULL,0,NULL),

(1619,10,3,3100.00,2,'http://LzpblavcZQeYEbwbSjsnmsgAjtpudhDradqsRgdZ','小米（MI）电视 55英寸曲面4K智能WiFi网络液晶电视机4S L55M5-AQ 小米电视4S 55英寸 曲面','2020-03-20 00:00:00',NULL,1,'2020-03-16 23:51:50'),

(1620,22,1,2220.00,2,'http://AOvKmfRQEBRJJllwCwCuptVAOtBBcIjWeJRsmhbJ','荣耀10青春版 幻彩渐变 2400万AI自拍 全网通版4GB+64GB 渐变蓝 移动联通电信4G全面屏手机 双卡双待','2020-03-20 00:00:00',NULL,1,'2020-03-16 23:56:46'),

(1621,2,3,3100.00,1,'http://LzpblavcZQeYEbwbSjsnmsgAjtpudhDradqsRgdZ','小米（MI）电视 55英寸曲面4K智能WiFi网络液晶电视机4S L55M5-AQ 小米电视4S 55英寸 曲面','2020-03-20 00:00:00',NULL,1,'2020-03-16 23:51:50'),

(1622,23,12,6699.00,2,'http://kAXllAQEzJWHwiExxVmyJIABfXyzbKwedeofMqwh','联想(Lenovo)拯救者Y7000 英特尔酷睿i7 2019新款 15.6英寸发烧游戏本笔记本电脑（i7-9750H 8GB 512GB SSD GTX1650 4G 高色域','2020-03-20 00:00:00',NULL,1,'2020-03-16 23:56:46'),

(1623,40,7,1553.00,1,'http://IJwhvJSuwaMHaevQQKZUzLkOsvYFiYsRhmLSjpZb','荣耀10青春版 幻彩渐变 2400万AI自拍 全网通版4GB+64GB 渐变蓝 移动联通电信4G全面屏手机 双卡双待','2020-03-20 00:00:00',NULL,1,'2020-03-16 23:56:46'),

(1624,10,1,2220.00,3,'http://AOvKmfRQEBRJJllwCwCuptVAOtBBcIjWeJRsmhbJ','荣耀10青春版 幻彩渐变 2400万AI自拍 全网通版4GB+64GB 渐变蓝 移动联通电信4G全面屏手机 双卡双待','2020-03-20 00:00:00',NULL,1,'2020-03-16 23:51:50'),

(1625,37,4,1442.00,3,'http://SXlkutIjYpDWWTEpNUiisnlsevOHVElrdngQLgyZ','小米Play 流光渐变AI双摄 4GB+64GB 梦幻蓝 全网通4G 双卡双待 小水滴全面屏拍照游戏智能手机','2020-03-20 00:00:00',NULL,1,'2020-03-16 23:56:46'),

(1626,38,5,244.00,3,'http://INNButKuTkslasORPBmHACnJuccfsxmRxNuMznPm','十月稻田 沁州黄小米 (黄小米 五谷杂粮 山西特产 真空装 大米伴侣 粥米搭档) 2.5kg','2020-03-20 00:00:00',NULL,0,NULL),

(1627,20,13,7299.00,3,'http://kAXllAQEzJWHwiExxVmyJIABfXyzbKwedeofMqwh','联想(Lenovo)Y9000X 2019新款 15.6英寸高性能标压轻薄本笔记本电脑(i5-9300H 16G 512GSSD FHD)深空灰','2020-03-20 00:00:00',NULL,1,'2020-03-16 23:51:50'),

(1628,30,8,8900.00,1,'http://RFCTOnWWRtrJdygmPqiUXdBvyhqiTTOnXYagFJDP','Apple iPhoneXSMax (A2104) 256GB 深空灰色 移动联通电信4G手机 双卡双待','2020-03-20 00:00:00',NULL,1,'2020-03-16 23:51:50'),

(1629,1,6,145.00,2,'http://lMddjKYNSaxpeAqbkWcxegrrHjayrosVDeLrABhg','北纯精制黄小米（小黄米 月子米 小米粥 粗粮杂粮 大米伴侣）2.18kg','2020-03-20 00:00:00',NULL,1,'2020-03-16 23:51:50'),

(1630,35,1,2220.00,1,'http://AOvKmfRQEBRJJllwCwCuptVAOtBBcIjWeJRsmhbJ','荣耀10青春版 幻彩渐变 2400万AI自拍 全网通版4GB+64GB 渐变蓝 移动联通电信4G全面屏手机 双卡双待','2020-03-20 00:00:00',NULL,1,'2020-03-16 23:51:50'),

(1631,5,8,8900.00,1,'http://RFCTOnWWRtrJdygmPqiUXdBvyhqiTTOnXYagFJDP','Apple iPhoneXSMax (A2104) 256GB 深空灰色 移动联通电信4G手机 双卡双待','2020-03-20 00:00:00',NULL,0,NULL),

(1632,39,2,3321.00,3,'http://JfJSvAnPkErYPcUsbgCuokhjxKiLeqpDXakZqFeE','TCL 55A950C 55英寸32核人工智能 HDR曲面超薄4K电视金属机身（枪色）','2020-03-20 00:00:00',NULL,1,'2020-03-16 23:56:46'),

(1633,13,7,1553.00,2,'http://IJwhvJSuwaMHaevQQKZUzLkOsvYFiYsRhmLSjpZb','荣耀10青春版 幻彩渐变 2400万AI自拍 全网通版4GB+64GB 渐变蓝 移动联通电信4G全面屏手机 双卡双待','2020-03-20 00:00:00',NULL,1,'2020-03-16 23:51:50'),

(1634,37,13,7299.00,1,'http://kAXllAQEzJWHwiExxVmyJIABfXyzbKwedeofMqwh','联想(Lenovo)Y9000X 2019新款 15.6英寸高性能标压轻薄本笔记本电脑(i5-9300H 16G 512GSSD FHD)深空灰','2020-03-20 00:00:00',NULL,0,NULL),

(1635,34,1,2220.00,3,'http://AOvKmfRQEBRJJllwCwCuptVAOtBBcIjWeJRsmhbJ','荣耀10青春版 幻彩渐变 2400万AI自拍 全网通版4GB+64GB 渐变蓝 移动联通电信4G全面屏手机 双卡双待','2020-03-20 00:00:00',NULL,0,NULL),

(1636,21,1,2220.00,3,'http://AOvKmfRQEBRJJllwCwCuptVAOtBBcIjWeJRsmhbJ','荣耀10青春版 幻彩渐变 2400万AI自拍 全网通版4GB+64GB 渐变蓝 移动联通电信4G全面屏手机 双卡双待','2020-03-20 00:00:00',NULL,0,NULL),

(1637,2,13,7299.00,1,'http://kAXllAQEzJWHwiExxVmyJIABfXyzbKwedeofMqwh','联想(Lenovo)Y9000X 2019新款 15.6英寸高性能标压轻薄本笔记本电脑(i5-9300H 16G 512GSSD FHD)深空灰','2020-03-20 00:00:00',NULL,1,'2020-03-16 23:56:46'),

(1638,18,4,1442.00,2,'http://SXlkutIjYpDWWTEpNUiisnlsevOHVElrdngQLgyZ','小米Play 流光渐变AI双摄 4GB+64GB 梦幻蓝 全网通4G 双卡双待 小水滴全面屏拍照游戏智能手机','2020-03-20 00:00:00',NULL,1,'2020-03-16 23:56:46'),

(1639,38,1,2220.00,2,'http://AOvKmfRQEBRJJllwCwCuptVAOtBBcIjWeJRsmhbJ','荣耀10青春版 幻彩渐变 2400万AI自拍 全网通版4GB+64GB 渐变蓝 移动联通电信4G全面屏手机 双卡双待','2020-03-20 00:00:00',NULL,0,NULL),

(1640,24,8,8900.00,2,'http://RFCTOnWWRtrJdygmPqiUXdBvyhqiTTOnXYagFJDP','Apple iPhoneXSMax (A2104) 256GB 深空灰色 移动联通电信4G手机 双卡双待','2020-03-20 00:00:00',NULL,0,NULL),

(1641,23,9,2452.00,3,'http://hNuKrFXZgFIzzZxnYeCxEDdJlbAwHUCbBChdXAKZ','荣耀10 GT游戏加速 AIS手持夜景 6GB+64GB 幻影蓝全网通 移动联通电信','2020-03-20 00:00:00',NULL,1,'2020-03-16 23:56:46'),

(1642,8,2,3321.00,2,'http://JfJSvAnPkErYPcUsbgCuokhjxKiLeqpDXakZqFeE','TCL 55A950C 55英寸32核人工智能 HDR曲面超薄4K电视金属机身（枪色）','2020-03-20 00:00:00',NULL,0,NULL),

(1643,22,4,1442.00,1,'http://SXlkutIjYpDWWTEpNUiisnlsevOHVElrdngQLgyZ','小米Play 流光渐变AI双摄 4GB+64GB 梦幻蓝 全网通4G 双卡双待 小水滴全面屏拍照游戏智能手机','2020-03-20 00:00:00',NULL,1,'2020-03-16 23:56:46'),

(1644,27,6,145.00,2,'http://lMddjKYNSaxpeAqbkWcxegrrHjayrosVDeLrABhg','北纯精制黄小米（小黄米 月子米 小米粥 粗粮杂粮 大米伴侣）2.18kg','2020-03-20 00:00:00',NULL,1,'2020-03-16 23:56:46'),

(1645,34,7,1553.00,3,'http://IJwhvJSuwaMHaevQQKZUzLkOsvYFiYsRhmLSjpZb','荣耀10青春版 幻彩渐变 2400万AI自拍 全网通版4GB+64GB 渐变蓝 移动联通电信4G全面屏手机 双卡双待','2020-03-20 00:00:00',NULL,1,'2020-03-16 23:56:46'),

(1646,37,4,1442.00,2,'http://SXlkutIjYpDWWTEpNUiisnlsevOHVElrdngQLgyZ','小米Play 流光渐变AI双摄 4GB+64GB 梦幻蓝 全网通4G 双卡双待 小水滴全面屏拍照游戏智能手机','2020-03-20 00:00:00',NULL,1,'2020-03-16 23:56:46'),

(1647,21,10,222.00,2,'http://kAXllAQEzJWHwiExxVmyJIABfXyzbKwedeofMqwh','小米（MI） 小米路由器4 双千兆路由器 无线家用穿墙1200M高速双频wifi 千兆版 千兆端口光纤适用','2020-03-20 00:00:00',NULL,0,NULL),

(1648,18,12,6699.00,1,'http://kAXllAQEzJWHwiExxVmyJIABfXyzbKwedeofMqwh','联想(Lenovo)拯救者Y7000 英特尔酷睿i7 2019新款 15.6英寸发烧游戏本笔记本电脑（i7-9750H 8GB 512GB SSD GTX1650 4G 高色域','2020-03-20 00:00:00',NULL,1,'2020-03-16 23:56:46'),

(1649,29,11,6399.00,3,'http://kAXllAQEzJWHwiExxVmyJIABfXyzbKwedeofMqwh','联想(Lenovo)拯救者Y7000 2019新款 15.6英寸游戏本笔记本电脑（i7-9750H 8GB 1TB+256GB GTX1650 4G独显 黑）','2020-03-20 00:00:00',NULL,1,'2020-03-16 23:56:46'),

(1650,21,6,145.00,1,'http://lMddjKYNSaxpeAqbkWcxegrrHjayrosVDeLrABhg','北纯精制黄小米（小黄米 月子米 小米粥 粗粮杂粮 大米伴侣）2.18kg','2020-03-20 00:00:00',NULL,1,'2020-03-16 23:56:46'),

(1651,28,2,3321.00,3,'http://JfJSvAnPkErYPcUsbgCuokhjxKiLeqpDXakZqFeE','TCL 55A950C 55英寸32核人工智能 HDR曲面超薄4K电视金属机身（枪色）','2020-03-20 00:00:00',NULL,1,'2020-03-16 23:56:46'),

(1652,38,2,3321.00,2,'http://JfJSvAnPkErYPcUsbgCuokhjxKiLeqpDXakZqFeE','TCL 55A950C 55英寸32核人工智能 HDR曲面超薄4K电视金属机身（枪色）','2020-03-20 00:00:00',NULL,1,'2020-03-16 23:56:46'),

(1653,36,3,3100.00,2,'http://LzpblavcZQeYEbwbSjsnmsgAjtpudhDradqsRgdZ','小米（MI）电视 55英寸曲面4K智能WiFi网络液晶电视机4S L55M5-AQ 小米电视4S 55英寸 曲面','2020-03-20 00:00:00',NULL,1,'2020-03-16 23:56:46'),

(1654,15,9,2452.00,3,'http://hNuKrFXZgFIzzZxnYeCxEDdJlbAwHUCbBChdXAKZ','荣耀10 GT游戏加速 AIS手持夜景 6GB+64GB 幻影蓝全网通 移动联通电信','2020-03-20 00:00:00',NULL,0,NULL),

(1655,14,12,6699.00,1,'http://kAXllAQEzJWHwiExxVmyJIABfXyzbKwedeofMqwh','联想(Lenovo)拯救者Y7000 英特尔酷睿i7 2019新款 15.6英寸发烧游戏本笔记本电脑（i7-9750H 8GB 512GB SSD GTX1650 4G 高色域','2020-03-20 00:00:00',NULL,1,'2020-03-16 23:56:46'),

(1656,39,2,3321.00,1,'http://JfJSvAnPkErYPcUsbgCuokhjxKiLeqpDXakZqFeE','TCL 55A950C 55英寸32核人工智能 HDR曲面超薄4K电视金属机身（枪色）','2020-03-20 00:00:00',NULL,1,'2020-03-16 23:56:46'),

(1657,40,6,145.00,1,'http://lMddjKYNSaxpeAqbkWcxegrrHjayrosVDeLrABhg','北纯精制黄小米（小黄米 月子米 小米粥 粗粮杂粮 大米伴侣）2.18kg','2020-03-20 00:00:00',NULL,1,'2020-03-16 23:56:46'),

(1658,24,5,244.00,2,'http://INNButKuTkslasORPBmHACnJuccfsxmRxNuMznPm','十月稻田 沁州黄小米 (黄小米 五谷杂粮 山西特产 真空装 大米伴侣 粥米搭档) 2.5kg','2020-03-20 00:00:00',NULL,1,'2020-03-16 23:56:46'),

(1659,38,6,145.00,3,'http://lMddjKYNSaxpeAqbkWcxegrrHjayrosVDeLrABhg','北纯精制黄小米（小黄米 月子米 小米粥 粗粮杂粮 大米伴侣）2.18kg','2020-03-20 00:00:00',NULL,1,'2020-03-16 23:56:46'),

(1660,26,4,1442.00,1,'http://SXlkutIjYpDWWTEpNUiisnlsevOHVElrdngQLgyZ','小米Play 流光渐变AI双摄 4GB+64GB 梦幻蓝 全网通4G 双卡双待 小水滴全面屏拍照游戏智能手机','2020-03-20 00:00:00',NULL,1,'2020-03-16 23:56:46'),

(1661,8,12,6699.00,3,'http://kAXllAQEzJWHwiExxVmyJIABfXyzbKwedeofMqwh','联想(Lenovo)拯救者Y7000 英特尔酷睿i7 2019新款 15.6英寸发烧游戏本笔记本电脑（i7-9750H 8GB 512GB SSD GTX1650 4G 高色域','2020-03-20 00:00:00',NULL,1,'2020-03-16 23:56:46'),

(1662,6,13,7299.00,1,'http://kAXllAQEzJWHwiExxVmyJIABfXyzbKwedeofMqwh','联想(Lenovo)Y9000X 2019新款 15.6英寸高性能标压轻薄本笔记本电脑(i5-9300H 16G 512GSSD FHD)深空灰','2020-03-20 00:00:00',NULL,1,'2020-03-16 23:56:46');

/*Table structure for table `comment_info` */

DROP TABLE IF EXISTS `comment_info`;

CREATE TABLE `comment_info` (
  `id` bigint(20) NOT NULL AUTO_INCREMENT COMMENT '编号',
  `user_id` bigint(20) DEFAULT NULL COMMENT '用户名称',
  `sku_id` bigint(20) DEFAULT NULL COMMENT 'skuid',
  `spu_id` bigint(20) DEFAULT NULL COMMENT '商品id',
  `order_id` bigint(20) DEFAULT NULL COMMENT '订单编号',
  `appraise` varchar(10) DEFAULT NULL COMMENT '评价 1 好评 2 中评 3 差评',
  `comment_txt` varchar(2000) DEFAULT NULL COMMENT '评价内容',
  `create_time` datetime DEFAULT NULL COMMENT '创建时间',
  `operate_time` datetime DEFAULT NULL COMMENT '修改时间',
  PRIMARY KEY (`id`)
) ENGINE=InnoDB AUTO_INCREMENT=1239581382233370638 DEFAULT CHARSET=utf8 COMMENT='商品评论表';

/*Data for the table `comment_info` */

insert  into `comment_info`(`id`,`user_id`,`sku_id`,`spu_id`,`order_id`,`appraise`,`comment_txt`,`create_time`,`operate_time`) values 

(1239107579363504130,9,10,9,3035,'1203','评论内容：93452262173757794373472657858871142719821757454433','2020-03-15 00:00:00',NULL),

(1239107579363504131,4,2,2,3035,'1201','评论内容：21478362166924533263572466259553592945418365362228','2020-03-15 00:00:00',NULL),

(1239107579363504132,2,7,1,3035,'1201','评论内容：98956541367425811445735369434611939955281751778672','2020-03-15 00:00:00',NULL),

(1239107579371892738,10,10,9,3036,'1201','评论内容：22225398416931751692973319777847531417432349728593','2020-03-15 00:00:00',NULL),

(1239107579371892739,5,8,7,3036,'1204','评论内容：14283265747422517948213358622829327487313188532359','2020-03-15 00:00:00',NULL),

(1239107579371892740,6,9,8,3036,'1203','评论内容：65938738832578845291454449137395799717723229174852','2020-03-15 00:00:00',NULL),

(1239107579371892741,5,10,9,3037,'1204','评论内容：46917487475594523583325543287467164662251887292381','2020-03-15 00:00:00',NULL),

(1239107579371892742,10,5,5,3037,'1203','评论内容：25778462162787339638284232891456149257956682883219','2020-03-15 00:00:00',NULL),

(1239107579371892743,9,13,10,3038,'1201','评论内容：37875182848747831125155364467461713915261123888698','2020-03-15 00:00:00',NULL),

(1239107579371892744,6,9,8,3038,'1202','评论内容：88667492398134644586995741337156151632335924274485','2020-03-15 00:00:00',NULL),

(1239107579371892745,2,5,5,3038,'1204','评论内容：17493545222692885211259825293152123483179173338125','2020-03-15 00:00:00',NULL),

(1239107579371892746,5,2,2,3040,'1201','评论内容：45534935235869136578861393416139447464925938861422','2020-03-15 00:00:00',NULL),

(1239107579371892747,7,9,8,3040,'1201','评论内容：36263965994682563112124573273775278139376577997835','2020-03-15 00:00:00',NULL),

(1239107579371892748,9,3,3,3040,'1204','评论内容：31118134626125671391417481448137918517249199244489','2020-03-15 00:00:00',NULL),

(1239107579371892749,7,10,9,3040,'1204','评论内容：88925225262216942813695419695683173158197567163111','2020-03-15 00:00:00',NULL),

(1239107579371892750,7,5,5,3043,'1201','评论内容：77633253633285836442174567578943223275947835949336','2020-03-15 00:00:00',NULL),

(1239107579371892751,10,13,10,3043,'1204','评论内容：44662455714494987851991189546239792972739745686593','2020-03-15 00:00:00',NULL),

(1239107848113496066,10,10,9,3035,'1204','评论内容：73283279955531217612984644551229836954974487573523','2020-03-16 00:00:00',NULL),

(1239107848113496067,7,2,2,3035,'1201','评论内容：31318253212385467464696297427821588198276264434533','2020-03-16 00:00:00',NULL),

(1239107848113496068,18,7,1,3035,'1204','评论内容：94771821544178981957762366112325762885338519535873','2020-03-16 00:00:00',NULL),

(1239107848113496069,1,10,9,3036,'1203','评论内容：59479833324669755641798118458519427132451738528462','2020-03-16 00:00:00',NULL),

(1239107848113496070,17,8,7,3036,'1202','评论内容：11295157356339468415217822735498649124321453589121','2020-03-16 00:00:00',NULL),

(1239107848113496071,20,9,8,3036,'1204','评论内容：63647263428554278319752415329366654318947636771542','2020-03-16 00:00:00',NULL),

(1239107848121884674,9,10,9,3037,'1204','评论内容：64216883754394414515582439817574451158484591628317','2020-03-16 00:00:00',NULL),

(1239107848121884675,12,5,5,3037,'1204','评论内容：44379849584968782632249396141312212543967276247754','2020-03-16 00:00:00',NULL),

(1239107848121884676,18,2,2,3040,'1204','评论内容：95279529148493944499452947574921669217384385793822','2020-03-16 00:00:00',NULL),

(1239107848121884677,6,9,8,3040,'1201','评论内容：86185319792448733842652828599254261294383994835614','2020-03-16 00:00:00',NULL),

(1239107848121884678,18,3,3,3040,'1202','评论内容：55577226133229517825314241536151489788169785979757','2020-03-16 00:00:00',NULL),

(1239107848121884679,16,10,9,3040,'1201','评论内容：41243491259858644964779978282881926896161725758623','2020-03-16 00:00:00',NULL),

(1239107848121884680,1,5,5,3043,'1203','评论内容：52279582448274642472455836188961423884578496898921','2020-03-16 00:00:00',NULL),

(1239107848121884681,20,13,10,3043,'1201','评论内容：35959794352344624225628482355658447164386442742899','2020-03-16 00:00:00',NULL),

(1239107848121884682,6,12,10,3044,'1204','评论内容：25918366288741835721162333851469136299954315141476','2020-03-16 00:00:00',NULL),

(1239107848121884683,20,10,9,3044,'1202','评论内容：56211257319846712661811273166566343532837665841213','2020-03-16 00:00:00',NULL),

(1239107848121884684,12,2,2,3044,'1204','评论内容：88634277283132243142665177146369672124591752311598','2020-03-16 00:00:00',NULL),

(1239107848121884685,11,7,1,3044,'1204','评论内容：24613852227762325183456258729198376146524128966297','2020-03-16 00:00:00',NULL),

(1239107848121884686,8,7,1,3044,'1204','评论内容：78982957536453674777459979732279665526695492153781','2020-03-16 00:00:00',NULL),

(1239107848121884687,11,1,1,3045,'1204','评论内容：19527442832911451988955319755794678241789276268436','2020-03-16 00:00:00',NULL),

(1239107848121884688,14,10,9,3045,'1204','评论内容：81256564988553536751862284628958998631828185162259','2020-03-16 00:00:00',NULL),

(1239107848121884689,15,5,5,3045,'1204','评论内容：94948765917719494975683838571417566164422156828832','2020-03-16 00:00:00',NULL),

(1239107848121884690,1,5,5,3045,'1204','评论内容：18339413374712862916384524459291231439811621219833','2020-03-16 00:00:00',NULL),

(1239107848121884691,11,11,10,3047,'1201','评论内容：53435179216351213249693594826994374793476142516711','2020-03-16 00:00:00',NULL),

(1239107848121884692,4,11,10,3051,'1204','评论内容：91586486184142859221681248866883492233914358352246','2020-03-16 00:00:00',NULL),

(1239107848121884693,16,2,2,3052,'1201','评论内容：19565111242292338542679135945995861526857729977591','2020-03-16 00:00:00',NULL),

(1239107848121884694,1,7,1,3052,'1204','评论内容：83396332162316147888919298934431268462415369466738','2020-03-16 00:00:00',NULL),

(1239107848121884695,19,13,10,3053,'1204','评论内容：46171664796171489154359448638982634578551321451974','2020-03-16 00:00:00',NULL),

(1239107848121884696,9,9,8,3053,'1204','评论内容：19253335498379314864199741626771321131578828374591','2020-03-16 00:00:00',NULL),

(1239107848121884697,19,5,5,3053,'1202','评论内容：62596154994851941626535275876779742215512665371183','2020-03-16 00:00:00',NULL),

(1239107848121884698,2,10,9,3054,'1201','评论内容：56867931965847466647126918151465995441216862118211','2020-03-16 00:00:00',NULL),

(1239107848130273281,3,8,7,3054,'1201','评论内容：53682788617229738565594164987711611731435632858933','2020-03-16 00:00:00',NULL),

(1239107848130273282,14,8,7,3055,'1204','评论内容：72496632599525551219227492136161354813958189382745','2020-03-16 00:00:00',NULL),

(1239107848130273283,6,6,6,3055,'1204','评论内容：61845199182842434293641723687498653947712227536314','2020-03-16 00:00:00',NULL),

(1239570610266599425,16,2,2,3040,'1204','评论内容：82425339735395236946723654458821969424463476829351','2020-03-16 00:00:00',NULL),

(1239570610274988033,4,9,8,3040,'1203','评论内容：87688762837695418276824683824863979615887883392798','2020-03-16 00:00:00',NULL),

(1239570610274988034,22,3,3,3040,'1202','评论内容：74132995638489226296335451258442595966284433516667','2020-03-16 00:00:00',NULL),

(1239570610274988035,13,10,9,3040,'1204','评论内容：45943729522288833522696924419734824369356293579829','2020-03-16 00:00:00',NULL),

(1239570610274988036,11,12,10,3044,'1204','评论内容：84576878615835836919898649922645255228584715193679','2020-03-16 00:00:00',NULL),

(1239570610274988037,30,10,9,3044,'1204','评论内容：52587439235966452232769113725672996672148528463633','2020-03-16 00:00:00',NULL),

(1239570610279182337,28,2,2,3044,'1202','评论内容：23854645954793834149282975172877621219843713778652','2020-03-16 00:00:00',NULL),

(1239570610279182338,30,7,1,3044,'1201','评论内容：84744741525636717818748296513496784463226515627827','2020-03-16 00:00:00',NULL),

(1239570610279182339,3,7,1,3044,'1204','评论内容：96678263379699788445687816894477271252431171466869','2020-03-16 00:00:00',NULL),

(1239570610279182340,15,1,1,3045,'1204','评论内容：15117486422529591614931145664282814973725898986221','2020-03-16 00:00:00',NULL),

(1239570610279182341,21,10,9,3045,'1204','评论内容：35538119823783289468297657664316918441915496781186','2020-03-16 00:00:00',NULL),

(1239570610279182342,17,5,5,3045,'1201','评论内容：15348981487449586826895122351186266421391464154918','2020-03-16 00:00:00',NULL),

(1239570610279182343,21,5,5,3045,'1204','评论内容：84228538416118455131415699329714721753171239114567','2020-03-16 00:00:00',NULL),

(1239570610279182344,27,11,10,3047,'1202','评论内容：32468913636432544623457856862335243648659323729127','2020-03-16 00:00:00',NULL),

(1239570610279182345,15,2,2,3048,'1204','评论内容：86431447461178147153621415267369493672894637449646','2020-03-16 00:00:00',NULL),

(1239570610279182346,26,9,8,3048,'1204','评论内容：45284866879772632845852374398575281347449822738287','2020-03-16 00:00:00',NULL),

(1239570610279182347,28,10,9,3048,'1204','评论内容：32963633232649494714697419954449981542637297852194','2020-03-16 00:00:00',NULL),

(1239570610279182348,30,6,6,3048,'1202','评论内容：45399123786942516714174362814281135272315542942257','2020-03-16 00:00:00',NULL),

(1239570610279182349,17,11,10,3048,'1204','评论内容：19136676275222539891313493625378413488121761839925','2020-03-16 00:00:00',NULL),

(1239570610279182350,18,11,10,3051,'1201','评论内容：12887338337125223841135599947948859581521484397436','2020-03-16 00:00:00',NULL),

(1239570610279182351,18,2,2,3052,'1204','评论内容：83465916221514175111131927322711933629452548954191','2020-03-16 00:00:00',NULL),

(1239570610279182352,30,7,1,3052,'1204','评论内容：54954798228188341544111364517225154721282388685586','2020-03-16 00:00:00',NULL),

(1239570610279182353,8,13,10,3053,'1204','评论内容：91339136245921583828928294347395948192395692829794','2020-03-16 00:00:00',NULL),

(1239570610279182354,26,9,8,3053,'1204','评论内容：47497781289118241462937323458467575874291954257985','2020-03-16 00:00:00',NULL),

(1239570610279182355,18,5,5,3053,'1204','评论内容：45796958963161552849582865259252237533858986814416','2020-03-16 00:00:00',NULL),

(1239570610279182356,20,10,9,3054,'1204','评论内容：86251185239718787633855959796133453781142759442921','2020-03-16 00:00:00',NULL),

(1239570610279182357,27,8,7,3054,'1204','评论内容：35854446327821897734286237679352395728375754415616','2020-03-16 00:00:00',NULL),

(1239570610279182358,8,8,7,3055,'1201','评论内容：17879958654624592656574628978771566698383153278378','2020-03-16 00:00:00',NULL),

(1239570610279182359,10,6,6,3055,'1202','评论内容：91156745154489759549789181734589293799173576333916','2020-03-16 00:00:00',NULL),

(1239570610279182360,22,13,10,3058,'1204','评论内容：51633993868135498842264184265658867385975161773859','2020-03-16 00:00:00',NULL),

(1239570610279182361,13,9,8,3058,'1204','评论内容：43289266259656917721259569292461589321795475687229','2020-03-16 00:00:00',NULL),

(1239570610279182362,13,5,5,3058,'1201','评论内容：23951694224133259246221889962542193747513736411582','2020-03-16 00:00:00',NULL),

(1239570610279182363,4,4,4,3058,'1204','评论内容：17651541356426743784974532577554341749627888795536','2020-03-16 00:00:00',NULL),

(1239570610279182364,5,5,5,3058,'1202','评论内容：46413397437725369798259963279654453166217324122446','2020-03-16 00:00:00',NULL),

(1239570610287570946,5,12,10,3058,'1204','评论内容：27268514633233556358294894822479439653211523275673','2020-03-16 00:00:00',NULL),

(1239570610287570947,8,2,2,3059,'1203','评论内容：31881932729268824823812599769583279548511899424148','2020-03-16 00:00:00',NULL),

(1239570610287570948,13,9,8,3059,'1201','评论内容：71648775626444777256546973593583227641692455549628','2020-03-16 00:00:00',NULL),

(1239570610287570949,5,7,1,3059,'1204','评论内容：43327279855553469462993862415426585914947292447917','2020-03-16 00:00:00',NULL),

(1239570610287570950,19,9,8,3059,'1204','评论内容：27552193999577861822857827189997867744585731722713','2020-03-16 00:00:00',NULL),

(1239570610287570951,18,10,9,3061,'1201','评论内容：41679359318145789361781413947515497912479244642768','2020-03-16 00:00:00',NULL),

(1239570610287570952,28,12,10,3069,'1204','评论内容：43919842692823574192475951741818897432886654286282','2020-03-16 00:00:00',NULL),

(1239570610287570953,3,2,2,3069,'1201','评论内容：34222447216579466225163429964892826647932764589689','2020-03-16 00:00:00',NULL),

(1239570610287570954,15,7,1,3069,'1204','评论内容：48985493517528963377436139996429645881745312234329','2020-03-16 00:00:00',NULL),

(1239570610287570955,24,7,1,3069,'1201','评论内容：26282198812337622543634694635681799537932387736887','2020-03-16 00:00:00',NULL),

(1239570610287570956,12,1,1,3069,'1204','评论内容：36757621839371113736923347146175766437859384353231','2020-03-16 00:00:00',NULL),

(1239570610287570957,24,6,6,3070,'1204','评论内容：47298427441124184193577765587445278514819689997114','2020-03-16 00:00:00',NULL),

(1239570610287570958,1,4,4,3070,'1204','评论内容：34944144552745684135154341229787932229613721858652','2020-03-16 00:00:00',NULL),

(1239571510825586690,39,2,2,3040,'1203','评论内容：18515172678659962575831595465452191187524395255227','2020-03-16 00:00:00',NULL),

(1239571510825586691,17,9,8,3040,'1204','评论内容：46417436548114196461695462152898335719584527651764','2020-03-16 00:00:00',NULL),

(1239571510825586692,10,3,3,3040,'1201','评论内容：13972312594225281527344432946692472719253689881729','2020-03-16 00:00:00',NULL),

(1239571510825586693,8,10,9,3040,'1204','评论内容：83684126582747231458725648848342797947853188738177','2020-03-16 00:00:00',NULL),

(1239571510825586694,35,12,10,3044,'1204','评论内容：23259393134827499171289755438931191975671273662397','2020-03-16 00:00:00',NULL),

(1239571510833975297,27,10,9,3044,'1204','评论内容：45567613353529791195167888683822183815992513641839','2020-03-16 00:00:00',NULL),

(1239571510833975298,27,2,2,3044,'1204','评论内容：36391866265734326363829786818335986843845364693522','2020-03-16 00:00:00',NULL),

(1239571510833975299,24,7,1,3044,'1203','评论内容：45692585436858194782764276352288432353786298156477','2020-03-16 00:00:00',NULL),

(1239571510833975300,27,7,1,3044,'1204','评论内容：15924784222337313544475995954918344278658353784971','2020-03-16 00:00:00',NULL),

(1239571510833975301,10,11,10,3047,'1204','评论内容：25338437691597729137434556394415492762333178999216','2020-03-16 00:00:00',NULL),

(1239571510833975302,15,11,10,3051,'1204','评论内容：97542234139831143797276355995754431895585541356429','2020-03-16 00:00:00',NULL),

(1239571510833975303,22,2,2,3052,'1204','评论内容：25865312739522567265165348291298515341146556264982','2020-03-16 00:00:00',NULL),

(1239571510833975304,26,7,1,3052,'1204','评论内容：29643844165552238231796326598942448533754776158246','2020-03-16 00:00:00',NULL),

(1239571510833975305,9,13,10,3053,'1201','评论内容：26616987584239867867816771678487329699933377643845','2020-03-16 00:00:00',NULL),

(1239571510833975306,14,9,8,3053,'1204','评论内容：79991684733349384776683996333774858846771265773337','2020-03-16 00:00:00',NULL),

(1239571510833975307,15,5,5,3053,'1204','评论内容：92757161357289976378994978824829139812659893314875','2020-03-16 00:00:00',NULL),

(1239571510833975308,25,8,7,3055,'1204','评论内容：84549166657271749945332197585744424619231682699733','2020-03-16 00:00:00',NULL),

(1239571510833975309,33,6,6,3055,'1201','评论内容：65899953134494146889889448791443771691891435477759','2020-03-16 00:00:00',NULL),

(1239571510833975310,34,13,10,3058,'1202','评论内容：33875632678917117968294745577894572214986328537826','2020-03-16 00:00:00',NULL),

(1239571510833975311,34,9,8,3058,'1201','评论内容：11136647854897858163663592949826323353236946648861','2020-03-16 00:00:00',NULL),

(1239571510833975312,24,5,5,3058,'1204','评论内容：34249289251545628691438388994764433718381393462566','2020-03-16 00:00:00',NULL),

(1239571510833975313,31,4,4,3058,'1204','评论内容：28417176482744672484484742813829533168241218899655','2020-03-16 00:00:00',NULL),

(1239571510833975314,10,5,5,3058,'1204','评论内容：48118124822413959751448328511535721233546356414454','2020-03-16 00:00:00',NULL),

(1239571510833975315,8,12,10,3058,'1201','评论内容：65995939934728197533771743215524893422865233117714','2020-03-16 00:00:00',NULL),

(1239571510833975316,18,10,9,3061,'1204','评论内容：68387127443837876672646721834625662525852524796535','2020-03-16 00:00:00',NULL),

(1239571510833975317,3,2,2,3063,'1203','评论内容：49992327912972868275677462812177784459794121325568','2020-03-16 00:00:00',NULL),

(1239571510833975318,6,9,8,3063,'1201','评论内容：25153448358136428284861263132187757587224485182642','2020-03-16 00:00:00',NULL),

(1239571510833975319,22,2,2,3067,'1204','评论内容：52884794969364139988274479457966476996191337986672','2020-03-16 00:00:00',NULL),

(1239571510833975320,39,7,1,3067,'1201','评论内容：68975413556963856658838143186541588295965735754962','2020-03-16 00:00:00',NULL),

(1239571510833975321,9,9,8,3067,'1201','评论内容：51977456383661254473946123417512227733187563462127','2020-03-16 00:00:00',NULL),

(1239571510833975322,9,9,8,3068,'1203','评论内容：92452953452788623284137569157974853218612773313721','2020-03-16 00:00:00',NULL),

(1239571510833975323,37,4,4,3068,'1204','评论内容：12692554867499337883668333439248747129667945958376','2020-03-16 00:00:00',NULL),

(1239571510833975324,4,6,6,3070,'1204','评论内容：49746297659339821821137446989149337238632578288827','2020-03-16 00:00:00',NULL),

(1239571510833975325,39,4,4,3070,'1201','评论内容：32842984423555981819639228788826773859174822687752','2020-03-16 00:00:00',NULL),

(1239571510833975326,28,4,4,3072,'1203','评论内容：87146313434172151976473739855569688672144887275991','2020-03-16 00:00:00',NULL),

(1239571510833975327,9,11,10,3072,'1201','评论内容：39968651283495163426511327622555487488648187631848','2020-03-16 00:00:00',NULL),

(1239571510833975328,22,11,10,3072,'1204','评论内容：69791291362848649112138745439815695821749278319998','2020-03-16 00:00:00',NULL),

(1239571510833975329,35,2,2,3076,'1202','评论内容：31272949386924935957226135344888725396158611483925','2020-03-16 00:00:00',NULL),

(1239571510833975330,12,3,3,3076,'1204','评论内容：42227346291862847185566394184849444694159975142619','2020-03-16 00:00:00',NULL),

(1239571510833975331,14,6,6,3076,'1201','评论内容：66916381279769798828362262745599856886522233968757','2020-03-16 00:00:00',NULL),

(1239571510833975332,10,11,10,3076,'1201','评论内容：42924685255343449146115873899365481662888982992336','2020-03-16 00:00:00',NULL),

(1239571510833975333,15,3,3,3076,'1204','评论内容：89337118186177319184816575639187949894385739284373','2020-03-16 00:00:00',NULL),

(1239571510833975334,14,11,10,3078,'1204','评论内容：23918271859962823284635352939959954687644682876482','2020-03-16 00:00:00',NULL),

(1239571510842363906,27,9,8,3078,'1204','评论内容：11938745497435937789184328568929535382113632344344','2020-03-16 00:00:00',NULL),

(1239571510842363907,13,11,10,3078,'1201','评论内容：23845456753395411791187767371612348867918543756883','2020-03-16 00:00:00',NULL),

(1239571510842363908,2,10,9,3078,'1204','评论内容：63965947822512475835575173938462614348631459245136','2020-03-16 00:00:00',NULL),

(1239571510842363909,9,11,10,3079,'1204','评论内容：47142466275155635969381293982677513187446585845586','2020-03-16 00:00:00',NULL),

(1239571510842363910,37,4,4,3079,'1202','评论内容：72754835837827995419882612874157366583678767124925','2020-03-16 00:00:00',NULL),

(1239571510842363911,14,2,2,3080,'1202','评论内容：73133397471571949421897345178274882731891732875257','2020-03-16 00:00:00',NULL),

(1239571510842363912,11,9,8,3080,'1201','评论内容：24234461619399912224791278382349373891664847652895','2020-03-16 00:00:00',NULL),

(1239571510842363913,11,7,1,3080,'1204','评论内容：39941433918476934569459169493367923545639556224866','2020-03-16 00:00:00',NULL),

(1239571510842363914,37,9,8,3080,'1204','评论内容：95172461168796269562832433422237619736356447472133','2020-03-16 00:00:00',NULL),

(1239571510842363915,33,2,2,3080,'1201','评论内容：78664671255814566415947882228789732167846118345797','2020-03-16 00:00:00',NULL),

(1239571510842363916,34,2,2,3080,'1204','评论内容：96585488876638354265953634553631996155427722457751','2020-03-16 00:00:00',NULL),

(1239571510842363917,28,1,1,3080,'1201','评论内容：69875563396625784611749469294988576599328948442545','2020-03-16 00:00:00',NULL),

(1239571510842363918,31,8,7,3083,'1203','评论内容：12992524527416997674285286863588694186554817133168','2020-03-16 00:00:00',NULL),

(1239571510842363919,20,9,8,3083,'1203','评论内容：91338996841743187476141146385727651723844912653477','2020-03-16 00:00:00',NULL),

(1239571510842363920,40,6,6,3083,'1201','评论内容：11963453693158698142168733698842111416217729466349','2020-03-16 00:00:00',NULL),

(1239571510842363921,1,6,6,3083,'1204','评论内容：92881833531148973211425149545682813375739655897996','2020-03-16 00:00:00',NULL),

(1239571510842363922,36,6,6,3084,'1204','评论内容：68253398891995456391614792114475257433788289547467','2020-03-16 00:00:00',NULL),

(1239571510842363923,3,4,4,3084,'1204','评论内容：32166263438954278139277434661429326551883756217561','2020-03-16 00:00:00',NULL),

(1239571510842363924,23,1,1,3084,'1204','评论内容：92732393489795894126372798248856434394395498698465','2020-03-16 00:00:00',NULL),

(1239571510842363925,10,9,8,3085,'1202','评论内容：33337429821264997391798734471475643527941196268243','2020-03-16 00:00:00',NULL),

(1239571510842363926,3,5,5,3085,'1202','评论内容：14926527834963363629192852316973441979679225681556','2020-03-16 00:00:00',NULL),

(1239571510842363927,36,4,4,3085,'1201','评论内容：45796289538712585872653438959567223672247223615932','2020-03-16 00:00:00',NULL),

(1239571510842363928,4,12,10,3085,'1203','评论内容：91119778859452377394129758983137987951865547442734','2020-03-16 00:00:00',NULL),

(1239571510842363929,25,10,9,3085,'1201','评论内容：89742691849995258311719467428616373672578467847839','2020-03-16 00:00:00',NULL),

(1239571510842363930,7,2,2,3086,'1204','评论内容：52472889221674316652166685421724792386523215635288','2020-03-16 00:00:00',NULL),

(1239571510842363931,9,7,1,3086,'1204','评论内容：91428917427431243395588741253996183613184868476639','2020-03-16 00:00:00',NULL),

(1239571510842363932,12,5,5,3086,'1204','评论内容：35912123134426872624937354799578751173879643151453','2020-03-16 00:00:00',NULL),

(1239572132807380993,31,2,2,3040,'1204','评论内容：95515959147533116997375952813412271665529181674713','2020-03-17 00:00:00',NULL),

(1239572132807380994,25,9,8,3040,'1204','评论内容：65277221448562753584751852296876446431214997531556','2020-03-17 00:00:00',NULL),

(1239572132807380995,31,3,3,3040,'1203','评论内容：76511114289686857842485823261569497391796327345564','2020-03-17 00:00:00',NULL),

(1239572132807380996,18,10,9,3040,'1204','评论内容：57594371954426269594392395779431947291523639647866','2020-03-17 00:00:00',NULL),

(1239572132807380997,5,12,10,3044,'1201','评论内容：18715114583816556656241651778635974468794974674797','2020-03-17 00:00:00',NULL),

(1239572132815769601,10,10,9,3044,'1204','评论内容：86658244557643375851241785236973181372735414372236','2020-03-17 00:00:00',NULL),

(1239572132815769602,8,2,2,3044,'1204','评论内容：78341716142615859761128881269747843515682362347712','2020-03-17 00:00:00',NULL),

(1239572132815769603,16,7,1,3044,'1204','评论内容：83982993516518256537739858147639986932327362932533','2020-03-17 00:00:00',NULL),

(1239572132815769604,8,7,1,3044,'1204','评论内容：92514516877316815975316669997523869484266135394765','2020-03-17 00:00:00',NULL),

(1239572132815769605,20,11,10,3047,'1204','评论内容：16352967156182514134889617454653737961829334145788','2020-03-17 00:00:00',NULL),

(1239572132815769606,3,5,5,3049,'1201','评论内容：35112239361293754833453353714227672641365682155388','2020-03-17 00:00:00',NULL),

(1239572132815769607,16,13,10,3049,'1201','评论内容：28626355723624268514444522751684793422858386333644','2020-03-17 00:00:00',NULL),

(1239572132815769608,2,4,4,3049,'1204','评论内容：32656654642235744214858429563355113449778747946174','2020-03-17 00:00:00',NULL),

(1239572132815769609,26,12,10,3049,'1204','评论内容：57434761353623869274186358772773391226175397244492','2020-03-17 00:00:00',NULL),

(1239572132815769610,30,2,2,3052,'1204','评论内容：95713645627346948753546731334268261981732939354789','2020-03-17 00:00:00',NULL),

(1239572132815769611,38,7,1,3052,'1204','评论内容：73852797444436485585569977487233489589387886937821','2020-03-17 00:00:00',NULL),

(1239572132815769612,18,13,10,3053,'1204','评论内容：14236455482192562546171885987599253259638497437451','2020-03-17 00:00:00',NULL),

(1239572132815769613,29,9,8,3053,'1201','评论内容：59475931465377693692636546522243982346163594659436','2020-03-17 00:00:00',NULL),

(1239572132815769614,13,5,5,3053,'1201','评论内容：78446857863732464757333465297551567593521284788823','2020-03-17 00:00:00',NULL),

(1239572132815769615,30,8,7,3055,'1204','评论内容：15896556955936587919666826853599338542389937848992','2020-03-17 00:00:00',NULL),

(1239572132815769616,24,6,6,3055,'1201','评论内容：85748299934665783155568295928672491333715893217936','2020-03-17 00:00:00',NULL),

(1239572132815769617,30,13,10,3058,'1203','评论内容：36245131773958582852568894317834571561482475287741','2020-03-17 00:00:00',NULL),

(1239572132815769618,38,9,8,3058,'1202','评论内容：58478864311622812473966669326514482347462755227886','2020-03-17 00:00:00',NULL),

(1239572132815769619,22,5,5,3058,'1204','评论内容：71141886658762965993786149952695961229346673924427','2020-03-17 00:00:00',NULL),

(1239572132815769620,6,4,4,3058,'1204','评论内容：97644689387954319712217215192873742588375949839884','2020-03-17 00:00:00',NULL),

(1239572132815769621,38,5,5,3058,'1204','评论内容：53711951797879461955337768878946833782745946663545','2020-03-17 00:00:00',NULL),

(1239572132815769622,34,12,10,3058,'1203','评论内容：72734738135547559579883237793635258644886669354185','2020-03-17 00:00:00',NULL),

(1239572132815769623,3,10,9,3061,'1204','评论内容：37143538644171813667777449796924873723647739513113','2020-03-17 00:00:00',NULL),

(1239572132815769624,20,2,2,3064,'1201','评论内容：25824855276717831673485963342614673237792648375828','2020-03-17 00:00:00',NULL),

(1239572132815769625,4,9,8,3064,'1201','评论内容：67666695299594282675354758357686952898827333446591','2020-03-17 00:00:00',NULL),

(1239572132815769626,2,3,3,3064,'1201','评论内容：64665436122362587948948222812564369298251819717272','2020-03-17 00:00:00',NULL),

(1239572132815769627,10,10,9,3064,'1204','评论内容：93277617634588151425127928734394686617491457824368','2020-03-17 00:00:00',NULL),

(1239572132815769628,16,11,10,3064,'1204','评论内容：33842974885834886618852457159418727276252499576966','2020-03-17 00:00:00',NULL),

(1239572132815769629,24,10,9,3064,'1203','评论内容：29464692546988793583165333318654149941812512867875','2020-03-17 00:00:00',NULL),

(1239572132815769630,8,2,2,3064,'1204','评论内容：22615335593636989816684343512755695923927673216495','2020-03-17 00:00:00',NULL),

(1239572132815769631,21,2,2,3067,'1203','评论内容：87624279545199173814739567432454423575466735285296','2020-03-17 00:00:00',NULL),

(1239572132815769632,39,7,1,3067,'1203','评论内容：16922823848364979731836635131243732742317618415138','2020-03-17 00:00:00',NULL),

(1239572132819963906,39,9,8,3067,'1204','评论内容：93592352925558554447347888927925257826146151417359','2020-03-17 00:00:00',NULL),

(1239572132819963907,17,9,8,3068,'1204','评论内容：16679816924312826838953823651893111352746264537145','2020-03-17 00:00:00',NULL),

(1239572132819963908,27,4,4,3068,'1204','评论内容：18136943113696846979158499192366398169339734367777','2020-03-17 00:00:00',NULL),

(1239572132819963909,38,6,6,3070,'1203','评论内容：46399514664624312658776547638732554364524776674451','2020-03-17 00:00:00',NULL),

(1239572132819963910,35,4,4,3070,'1204','评论内容：37193835445516744983396794353757478663855415255431','2020-03-17 00:00:00',NULL),

(1239572132819963911,18,10,9,3071,'1204','评论内容：71491228563683942991957616168934944472628862517278','2020-03-17 00:00:00',NULL),

(1239572132819963912,26,7,1,3071,'1201','评论内容：86639625596864981423478444797561284438691999355739','2020-03-17 00:00:00',NULL),

(1239572132819963913,36,7,1,3071,'1203','评论内容：62671349266399933848569625213521488939132193495696','2020-03-17 00:00:00',NULL),

(1239572132819963914,8,4,4,3072,'1204','评论内容：27622431818599789681892481434916149533439363764853','2020-03-17 00:00:00',NULL),

(1239572132819963915,2,11,10,3072,'1204','评论内容：52453766768284245844584599833723369196114367791391','2020-03-17 00:00:00',NULL),

(1239572132819963916,23,11,10,3072,'1204','评论内容：82464638234615768876945825923388943293276298245384','2020-03-17 00:00:00',NULL),

(1239572132819963917,8,13,10,3075,'1204','评论内容：34256324724158384665464317911857244665751771625781','2020-03-17 00:00:00',NULL),

(1239572132819963918,37,4,4,3075,'1204','评论内容：81611577978132286536383558813683125618342425556981','2020-03-17 00:00:00',NULL),

(1239572132819963919,35,2,2,3076,'1201','评论内容：29659459331113412979545798966448187518755858224123','2020-03-17 00:00:00',NULL),

(1239572132819963920,8,3,3,3076,'1204','评论内容：15945416733866827887639894237284172979333515986182','2020-03-17 00:00:00',NULL),

(1239572132819963921,33,6,6,3076,'1204','评论内容：25428239678873179643819674692849247612841636542289','2020-03-17 00:00:00',NULL),

(1239572132819963922,2,11,10,3076,'1202','评论内容：54495182537223264674583846669684449491922168998867','2020-03-17 00:00:00',NULL),

(1239572132819963923,32,3,3,3076,'1203','评论内容：39171841172229864281222756641244198919479411148193','2020-03-17 00:00:00',NULL),

(1239572132819963924,20,12,10,3077,'1204','评论内容：14687188919676658422842289661862412883354747336491','2020-03-17 00:00:00',NULL),

(1239572132819963925,32,7,1,3077,'1201','评论内容：63236114735535865279782894865574688378753959736914','2020-03-17 00:00:00',NULL),

(1239572132819963926,16,2,2,3077,'1201','评论内容：54526532315244682618347786418278183237743487964978','2020-03-17 00:00:00',NULL),

(1239572132819963927,3,11,10,3078,'1202','评论内容：28653381594374469222471653845582674236268532964682','2020-03-17 00:00:00',NULL),

(1239572132819963928,15,9,8,3078,'1202','评论内容：45533562447266882259675348549831945992119794227359','2020-03-17 00:00:00',NULL),

(1239572132819963929,39,11,10,3078,'1201','评论内容：95365447599534747655365621183828848819979415516853','2020-03-17 00:00:00',NULL),

(1239572132819963930,25,10,9,3078,'1201','评论内容：54878364485933947937473356991142414597487995655577','2020-03-17 00:00:00',NULL),

(1239572132819963931,25,11,10,3079,'1204','评论内容：11445517238622947799854753897843623737172323672219','2020-03-17 00:00:00',NULL),

(1239572132819963932,6,4,4,3079,'1204','评论内容：98787624195257671639838218529393827859566971282534','2020-03-17 00:00:00',NULL),

(1239572132819963933,34,2,2,3080,'1204','评论内容：93426473847242617197732626396488825586146711628263','2020-03-17 00:00:00',NULL),

(1239572132819963934,10,9,8,3080,'1202','评论内容：62725327149622975926317325799519186762889614411151','2020-03-17 00:00:00',NULL),

(1239572132819963935,9,7,1,3080,'1201','评论内容：86443164277144864644622943467668154618819848291968','2020-03-17 00:00:00',NULL),

(1239572132819963936,2,9,8,3080,'1204','评论内容：51621381271283986987525381647573443555517253177117','2020-03-17 00:00:00',NULL),

(1239572132819963937,38,2,2,3080,'1201','评论内容：67767239818847841258263158158796611414985136784371','2020-03-17 00:00:00',NULL),

(1239572132819963938,13,2,2,3080,'1204','评论内容：73251141863587866523586473242643186585252171147388','2020-03-17 00:00:00',NULL),

(1239572132819963939,19,1,1,3080,'1201','评论内容：56347928365661144588171822726969455142336284862256','2020-03-17 00:00:00',NULL),

(1239572132819963940,14,8,7,3083,'1202','评论内容：66543781397258393228395976794354249139978221881895','2020-03-17 00:00:00',NULL),

(1239572132819963941,7,9,8,3083,'1204','评论内容：99372796973618496179724443663886835788837312445873','2020-03-17 00:00:00',NULL),

(1239572132819963942,6,6,6,3083,'1204','评论内容：54868937347121414554313667616329487921752527883586','2020-03-17 00:00:00',NULL),

(1239572132819963943,17,6,6,3083,'1204','评论内容：92114247785756731123627973944248912964625242392547','2020-03-17 00:00:00',NULL),

(1239572132819963944,36,6,6,3084,'1204','评论内容：33721357995613391876717297198434572282253481755735','2020-03-17 00:00:00',NULL),

(1239572132819963945,5,4,4,3084,'1202','评论内容：92172836336897466916747383911342543848521411417541','2020-03-17 00:00:00',NULL),

(1239572132819963946,37,1,1,3084,'1204','评论内容：43395666944754245585634113559721538791937234826149','2020-03-17 00:00:00',NULL),

(1239572132819963947,9,9,8,3085,'1201','评论内容：96384748859744484818215922225292614641481511519467','2020-03-17 00:00:00',NULL),

(1239572132819963948,27,5,5,3085,'1201','评论内容：46996643953718671747423823779751199779413732148781','2020-03-17 00:00:00',NULL),

(1239572132819963949,22,4,4,3085,'1201','评论内容：43228561676132533417752168472889565247586545844139','2020-03-17 00:00:00',NULL),

(1239572132819963950,32,12,10,3085,'1204','评论内容：85244749474733617399592398988572871851777159527536','2020-03-17 00:00:00',NULL),

(1239572132819963951,5,10,9,3085,'1204','评论内容：54443936873793345724119114842455741323514343329662','2020-03-17 00:00:00',NULL),

(1239572132819963952,15,2,2,3086,'1201','评论内容：12687821375887872144431316888527836563598612137416','2020-03-17 00:00:00',NULL),

(1239572132819963953,6,7,1,3086,'1204','评论内容：21924146941141775176859891561842854182584459617354','2020-03-17 00:00:00',NULL),

(1239572132819963954,35,5,5,3086,'1204','评论内容：45661473277532783415854249379591637332118461555345','2020-03-17 00:00:00',NULL),

(1239572132819963955,12,9,8,3093,'1204','评论内容：69459587867126162719617196543848423424613234669363','2020-03-17 00:00:00',NULL),

(1239572132819963956,31,11,10,3093,'1204','评论内容：53558843951715856937645275683121928473915225276755','2020-03-17 00:00:00',NULL),

(1239572132819963957,18,4,4,3093,'1201','评论内容：73935462958429648815333162821932522651268861581999','2020-03-17 00:00:00',NULL),

(1239572132819963958,5,10,9,3093,'1204','评论内容：45824114237654925491415739876897549455158831336313','2020-03-17 00:00:00',NULL),

(1239572132819963959,20,2,2,3093,'1202','评论内容：15485745268194512794749242846877358416226853667532','2020-03-17 00:00:00',NULL),

(1239572132819963960,2,7,1,3093,'1201','评论内容：76497379429255624191146878934537621629365234933451','2020-03-17 00:00:00',NULL),

(1239572132819963961,7,7,1,3096,'1204','评论内容：42379596399894711584346247932436538438486917156576','2020-03-17 00:00:00',NULL),

(1239572132819963962,1,9,8,3096,'1204','评论内容：76789698756561226699352579281713231584517637764627','2020-03-17 00:00:00',NULL),

(1239572132819963963,19,2,2,3096,'1201','评论内容：13249464432763192294829129418363672821972527537197','2020-03-17 00:00:00',NULL),

(1239572132828352514,27,3,3,3096,'1204','评论内容：77326714798477783347234973267376985997323733843563','2020-03-17 00:00:00',NULL),

(1239572132828352515,20,2,2,3096,'1201','评论内容：28661996343418819885617354541221171729819953935631','2020-03-17 00:00:00',NULL),

(1239572132828352516,3,12,10,3096,'1203','评论内容：11132357532335748842596135317362732971785574838525','2020-03-17 00:00:00',NULL),

(1239572132828352517,3,7,1,3096,'1204','评论内容：42131947745951935613292164697797249229356375886423','2020-03-17 00:00:00',NULL),

(1239572132828352518,8,9,8,3098,'1204','评论内容：83249862914714184733258572383933158121942391468556','2020-03-17 00:00:00',NULL),

(1239572132828352519,19,4,4,3098,'1201','评论内容：53388745427891482983263778715668956825536323138436','2020-03-17 00:00:00',NULL),

(1239572133021290498,39,5,5,3098,'1201','评论内容：27125191335927233417224722836861475155711814836582','2020-03-17 00:00:00',NULL),

(1239572133021290499,28,12,10,3098,'1204','评论内容：42177779781661761915439927949485124928581117471267','2020-03-17 00:00:00',NULL),

(1239572133021290500,16,1,1,3098,'1203','评论内容：97739969342126859949764647796836683454611292645992','2020-03-17 00:00:00',NULL),

(1239572133021290501,24,8,7,3108,'1202','评论内容：24883492334792469314443458159698561168616266243289','2020-03-17 00:00:00',NULL),

(1239572133021290502,39,1,1,3109,'1201','评论内容：48396537146336998583185777682612472547355436881345','2020-03-17 00:00:00',NULL),

(1239572133021290503,31,8,7,3109,'1204','评论内容：94242663584433859769964948271546128668737355955172','2020-03-17 00:00:00',NULL),

(1239572133021290504,7,13,10,3109,'1202','评论内容：37791339226986155788226445861393411442668466729135','2020-03-17 00:00:00',NULL),

(1239572312654950402,32,2,2,3040,'1204','评论内容：39484917662714347566882951721821155973563463283183','2020-03-18 00:00:00',NULL),

(1239572312654950403,35,9,8,3040,'1203','评论内容：73874668651337782344117865353421361191897212733622','2020-03-18 00:00:00',NULL),

(1239572312654950404,36,3,3,3040,'1203','评论内容：59678254377655673269522856562232846977422592181123','2020-03-18 00:00:00',NULL),

(1239572312654950405,5,10,9,3040,'1201','评论内容：69928484764625318736895856212249717138379489397157','2020-03-18 00:00:00',NULL),

(1239572312654950406,26,12,10,3044,'1204','评论内容：85883289755822551217639628867497517684647967221378','2020-03-18 00:00:00',NULL),

(1239572312659144706,3,10,9,3044,'1204','评论内容：51893963257881318541943542348854574446431534167652','2020-03-18 00:00:00',NULL),

(1239572312659144707,8,2,2,3044,'1201','评论内容：84514151469696352552165739254752166883163967427763','2020-03-18 00:00:00',NULL),

(1239572312659144708,10,7,1,3044,'1202','评论内容：86325783396666445642491781532434833874868425777962','2020-03-18 00:00:00',NULL),

(1239572312659144709,36,7,1,3044,'1204','评论内容：63417132561679561343221372377539465346694549663893','2020-03-18 00:00:00',NULL),

(1239572312659144710,25,11,10,3047,'1204','评论内容：31365125791258364242415677464363947751854176717488','2020-03-18 00:00:00',NULL),

(1239572312659144711,3,5,5,3049,'1201','评论内容：42116739428937668899946371118865773683444363185823','2020-03-18 00:00:00',NULL),

(1239572312659144712,11,13,10,3049,'1201','评论内容：67852981985573213248874636875535544741219489762833','2020-03-18 00:00:00',NULL),

(1239572312659144713,35,4,4,3049,'1201','评论内容：21553453717186321777544338556931623551338759584536','2020-03-18 00:00:00',NULL),

(1239572312659144714,23,12,10,3049,'1201','评论内容：63776155974186723661399633763689166789454141135587','2020-03-18 00:00:00',NULL),

(1239572312659144715,13,2,2,3052,'1203','评论内容：23774211423816552825136487991913886737872859527797','2020-03-18 00:00:00',NULL),

(1239572312659144716,8,7,1,3052,'1204','评论内容：23531747318644477517899624213765888617194255967298','2020-03-18 00:00:00',NULL),

(1239572312659144717,30,10,9,3061,'1203','评论内容：58493814896559292633155162959255328415231973879631','2020-03-18 00:00:00',NULL),

(1239572312663339010,23,2,2,3064,'1204','评论内容：84679826721859248879825212559786991293929437753561','2020-03-18 00:00:00',NULL),

(1239572312663339011,34,9,8,3064,'1203','评论内容：79984272584549388732972886769975855419965634249265','2020-03-18 00:00:00',NULL),

(1239572312663339012,16,3,3,3064,'1203','评论内容：16543838514213183886871441281871447497812729549845','2020-03-18 00:00:00',NULL),

(1239572312663339013,15,10,9,3064,'1201','评论内容：13463569854429337336868736695767131612314915633538','2020-03-18 00:00:00',NULL),

(1239572312663339014,35,11,10,3064,'1201','评论内容：22329831482399821616819385432938911674834995598431','2020-03-18 00:00:00',NULL),

(1239572312663339015,9,10,9,3064,'1201','评论内容：63635338249722164242898665137319869773651854654632','2020-03-18 00:00:00',NULL),

(1239572312663339016,32,2,2,3064,'1204','评论内容：58633518545888128593595173358648249433883346869652','2020-03-18 00:00:00',NULL),

(1239572312663339017,8,2,2,3067,'1202','评论内容：33181248627156363661786618293395244156424346213392','2020-03-18 00:00:00',NULL),

(1239572312663339018,13,7,1,3067,'1203','评论内容：29323478746298837664784694621158237929398964761876','2020-03-18 00:00:00',NULL),

(1239572312663339019,34,9,8,3067,'1202','评论内容：73654735484659364529165653775611172668748793473253','2020-03-18 00:00:00',NULL),

(1239572312663339020,36,9,8,3068,'1201','评论内容：35297946219832585422498629747514558875392165576735','2020-03-18 00:00:00',NULL),

(1239572312663339021,30,4,4,3068,'1202','评论内容：19861752771585683174886762813833233237276734363742','2020-03-18 00:00:00',NULL),

(1239572312663339022,9,6,6,3070,'1201','评论内容：62424229157725951497733653684976553911971361588266','2020-03-18 00:00:00',NULL),

(1239572312663339023,10,4,4,3070,'1201','评论内容：62455658234455889879371492692714863689742731872756','2020-03-18 00:00:00',NULL),

(1239572312663339024,20,4,4,3072,'1204','评论内容：35529269829987641285112852319221917167789374147173','2020-03-18 00:00:00',NULL),

(1239572312663339025,8,11,10,3072,'1204','评论内容：95863428322764369994722336136643358497882318686139','2020-03-18 00:00:00',NULL),

(1239572312663339026,6,11,10,3072,'1204','评论内容：39982289837863912933625865574321127826616147724351','2020-03-18 00:00:00',NULL),

(1239572312663339027,14,13,10,3075,'1201','评论内容：89182971865246723437635992296371846978196775877112','2020-03-18 00:00:00',NULL),

(1239572312663339028,15,4,4,3075,'1202','评论内容：38297118421286997763585876983194964453627857142835','2020-03-18 00:00:00',NULL),

(1239572312663339029,15,2,2,3076,'1203','评论内容：14663699978737493852573728528364968723761734741957','2020-03-18 00:00:00',NULL),

(1239572312663339030,21,3,3,3076,'1204','评论内容：17385585945711119391818531871966686623264723271775','2020-03-18 00:00:00',NULL),

(1239572312663339031,38,6,6,3076,'1201','评论内容：46486192732272667168842744176594348728494852131825','2020-03-18 00:00:00',NULL),

(1239572312663339032,4,11,10,3076,'1201','评论内容：95481327286697999892932337747197677356815696971158','2020-03-18 00:00:00',NULL),

(1239572312663339033,36,3,3,3076,'1202','评论内容：17239913929111237941741838596241237861361396748713','2020-03-18 00:00:00',NULL),

(1239572312663339034,22,11,10,3078,'1203','评论内容：25628313668187211228534517939946974614245985591513','2020-03-18 00:00:00',NULL),

(1239572312663339035,25,9,8,3078,'1201','评论内容：26155385547734554411142423583746745915946282487661','2020-03-18 00:00:00',NULL),

(1239572312663339036,13,11,10,3078,'1204','评论内容：93934777919865255455757193562224625312995879663382','2020-03-18 00:00:00',NULL),

(1239572312663339037,21,10,9,3078,'1204','评论内容：72126422468327284863638293579538358256418989474993','2020-03-18 00:00:00',NULL),

(1239572312663339038,29,2,2,3080,'1201','评论内容：94788836746934625667496263166141476867362872611573','2020-03-18 00:00:00',NULL),

(1239572312663339039,21,9,8,3080,'1201','评论内容：98927843995474596496714346813421117459913782387366','2020-03-18 00:00:00',NULL),

(1239572312663339040,34,7,1,3080,'1201','评论内容：85956746473434616489433354168728198699161425438871','2020-03-18 00:00:00',NULL),

(1239572312663339041,12,9,8,3080,'1201','评论内容：66971552233321929599811641899811285722656474449835','2020-03-18 00:00:00',NULL),

(1239572312663339042,20,2,2,3080,'1201','评论内容：41716679943951487971162112935983557425355748185183','2020-03-18 00:00:00',NULL),

(1239572312663339043,16,2,2,3080,'1204','评论内容：45834484687289885474829756137297886226569248791753','2020-03-18 00:00:00',NULL),

(1239572312663339044,16,1,1,3080,'1204','评论内容：34369154769771434679187171833944774774284696354152','2020-03-18 00:00:00',NULL),

(1239572312663339045,20,8,7,3083,'1201','评论内容：78932979251376784527265971728662514225249588828223','2020-03-18 00:00:00',NULL),

(1239572312663339046,6,9,8,3083,'1201','评论内容：92739662897187612369961554993666133748867385466444','2020-03-18 00:00:00',NULL),

(1239572312663339047,22,6,6,3083,'1204','评论内容：24175713192227245256277151359296324426512711634977','2020-03-18 00:00:00',NULL),

(1239572312663339048,7,6,6,3083,'1201','评论内容：38595932883795458477846946867876844354136962764216','2020-03-18 00:00:00',NULL),

(1239572312663339049,18,6,6,3084,'1204','评论内容：45914997654935284299288381353134211622778973333999','2020-03-18 00:00:00',NULL),

(1239572312663339050,18,4,4,3084,'1204','评论内容：28748436271266329883383149517797268297516219413675','2020-03-18 00:00:00',NULL),

(1239572312663339051,16,1,1,3084,'1201','评论内容：15966857648157695465253566534386962499773962856956','2020-03-18 00:00:00',NULL),

(1239572312663339052,8,9,8,3085,'1204','评论内容：24758723133167655218151217947154541325599371926634','2020-03-18 00:00:00',NULL),

(1239572312663339053,13,5,5,3085,'1203','评论内容：67517533345935292278933359755336287174613386476244','2020-03-18 00:00:00',NULL),

(1239572312663339054,28,4,4,3085,'1204','评论内容：45417589149318667897974231581119879388718875783726','2020-03-18 00:00:00',NULL),

(1239572312663339055,25,12,10,3085,'1201','评论内容：15943594661897422388553866767231139148421736983815','2020-03-18 00:00:00',NULL),

(1239572312663339056,5,10,9,3085,'1204','评论内容：32431261119298991658463179326736113216259854724728','2020-03-18 00:00:00',NULL),

(1239572312663339057,19,2,2,3086,'1201','评论内容：32894793319359231746884285594744258423571719918216','2020-03-18 00:00:00',NULL),

(1239572312663339058,29,7,1,3086,'1203','评论内容：42186459551814821154186263694996328659663393556166','2020-03-18 00:00:00',NULL),

(1239572312663339059,29,5,5,3086,'1204','评论内容：67316296397643228742656696472241445842762598713254','2020-03-18 00:00:00',NULL),

(1239572312663339060,7,10,9,3089,'1201','评论内容：46782778554187989215581729373185167612294147427631','2020-03-18 00:00:00',NULL),

(1239572312663339061,15,7,1,3089,'1203','评论内容：45634123564966389489511115195982844855711181963939','2020-03-18 00:00:00',NULL),

(1239572312671727617,4,10,9,3089,'1203','评论内容：75948587258489621188314788431221597747667523353845','2020-03-18 00:00:00',NULL),

(1239572312671727618,36,1,1,3089,'1204','评论内容：57985745433158595482256828922832374262244336671347','2020-03-18 00:00:00',NULL),

(1239572312671727619,40,7,1,3089,'1204','评论内容：53885131387758843438817445951111821355514465183415','2020-03-18 00:00:00',NULL),

(1239572312671727620,22,7,1,3089,'1203','评论内容：47211665397365529941468684714519544557899116562312','2020-03-18 00:00:00',NULL),

(1239572312671727621,4,5,5,3090,'1201','评论内容：17373812126137292214443545622523163344366579519926','2020-03-18 00:00:00',NULL),

(1239572312671727622,7,3,3,3090,'1203','评论内容：31181523897538139528863154252871273866668628225244','2020-03-18 00:00:00',NULL),

(1239572312671727623,11,13,10,3090,'1204','评论内容：45512826799817834644445711436432397951767862762622','2020-03-18 00:00:00',NULL),

(1239572312671727624,19,5,5,3090,'1204','评论内容：14798142222839179769475246451142189871491388331611','2020-03-18 00:00:00',NULL),

(1239572312671727625,37,4,4,3090,'1204','评论内容：21897189538754272916312597737255581691533923413918','2020-03-18 00:00:00',NULL),

(1239572312671727626,23,13,10,3090,'1201','评论内容：25892344977729436193838329574134368937451121497941','2020-03-18 00:00:00',NULL),

(1239572312671727627,32,3,3,3090,'1201','评论内容：34238763551988234771841633675574776612416245164133','2020-03-18 00:00:00',NULL),

(1239572312671727628,32,7,1,3090,'1204','评论内容：19283638211786818922519745581573485726344792488575','2020-03-18 00:00:00',NULL),

(1239572312671727629,32,9,8,3093,'1201','评论内容：84266954917178184578832779479268573773299747978639','2020-03-18 00:00:00',NULL),

(1239572312671727630,10,11,10,3093,'1204','评论内容：79229869171839319676642841628339397299928252441328','2020-03-18 00:00:00',NULL),

(1239572312671727631,9,4,4,3093,'1201','评论内容：26736832627266617821113198781688892477316285866779','2020-03-18 00:00:00',NULL),

(1239572312671727632,20,10,9,3093,'1204','评论内容：28778339826359996431157555436747216718839985872369','2020-03-18 00:00:00',NULL),

(1239572312671727633,32,2,2,3093,'1204','评论内容：36914412188517512992873665114443298966413624458323','2020-03-18 00:00:00',NULL),

(1239572312671727634,28,7,1,3093,'1204','评论内容：26844262837593548118659892418586277239866812343117','2020-03-18 00:00:00',NULL),

(1239572312671727635,23,7,1,3096,'1201','评论内容：97975565716186655214459445415842826244241847323165','2020-03-18 00:00:00',NULL),

(1239572312671727636,24,9,8,3096,'1204','评论内容：49434167468595638464654248913884647446642712354475','2020-03-18 00:00:00',NULL),

(1239572312671727637,22,2,2,3096,'1201','评论内容：55657971576552968747143626678825819376527713723393','2020-03-18 00:00:00',NULL),

(1239572312671727638,28,3,3,3096,'1204','评论内容：55814791881525297683461682218246753793337488362166','2020-03-18 00:00:00',NULL),

(1239572312671727639,9,2,2,3096,'1204','评论内容：65334418518188341323133772328885491778723811614854','2020-03-18 00:00:00',NULL),

(1239572312671727640,31,12,10,3096,'1204','评论内容：73366867455413959124952693782836229283513565417682','2020-03-18 00:00:00',NULL),

(1239572312671727641,10,7,1,3096,'1201','评论内容：11129827238612772386147818599517317735936324417397','2020-03-18 00:00:00',NULL),

(1239572312671727642,28,3,3,3105,'1204','评论内容：34787985327644888239224319872467898884654128235217','2020-03-18 00:00:00',NULL),

(1239572312671727643,4,4,4,3107,'1204','评论内容：22623258511262562436282895249412429288571748743366','2020-03-18 00:00:00',NULL),

(1239572312671727644,28,1,1,3107,'1201','评论内容：82378281835371295112966374866445492318179926438696','2020-03-18 00:00:00',NULL),

(1239572312671727645,23,2,2,3107,'1202','评论内容：49199843478591612555927576426587928594394992236488','2020-03-18 00:00:00',NULL),

(1239572312671727646,12,8,7,3110,'1204','评论内容：12797583967263464926963989567614532287345582219277','2020-03-18 00:00:00',NULL),

(1239572312671727647,32,6,6,3111,'1204','评论内容：86287127412166683867332124157953781122785148431233','2020-03-18 00:00:00',NULL),

(1239572312671727648,38,5,5,3112,'1201','评论内容：88148749155278479534159446951112761582256625714434','2020-03-18 00:00:00',NULL),

(1239572312814333953,23,4,4,3112,'1204','评论内容：35791695692942927834699415199275317427588965141742','2020-03-18 00:00:00',NULL),

(1239572312814333954,23,12,10,3112,'1204','评论内容：24368781297628816466653685214386276263824422166416','2020-03-18 00:00:00',NULL),

(1239572312814333955,8,11,10,3113,'1203','评论内容：97264659431811547864732162677952117168232272914659','2020-03-18 00:00:00',NULL),

(1239572312814333956,25,9,8,3113,'1202','评论内容：34535323953893558125161739273599116948471415873829','2020-03-18 00:00:00',NULL),

(1239572312814333957,7,11,10,3113,'1201','评论内容：14996822271634362668727546976966812636275552863713','2020-03-18 00:00:00',NULL),

(1239572312814333958,34,4,4,3113,'1203','评论内容：85926391118274361858235167933795856287844464889324','2020-03-18 00:00:00',NULL),

(1239572312814333959,13,2,2,3113,'1204','评论内容：64456897777331748614554516728925433147536582688219','2020-03-18 00:00:00',NULL),

(1239572312814333960,26,2,2,3116,'1204','评论内容：29587358747657187522847476436493243469873995238371','2020-03-18 00:00:00',NULL),

(1239572312814333961,10,9,8,3116,'1201','评论内容：67738628575241866779694141972663491317372111942742','2020-03-18 00:00:00',NULL),

(1239572312814333962,37,7,1,3116,'1204','评论内容：42591583434466179658525148528622258913828878267679','2020-03-18 00:00:00',NULL),

(1239572312814333963,12,9,8,3116,'1204','评论内容：54312848538371315124516761829258647559916368764772','2020-03-18 00:00:00',NULL),

(1239572312814333964,8,2,2,3116,'1201','评论内容：79117319882598814987577593288251315765473127354533','2020-03-18 00:00:00',NULL),

(1239572312814333965,25,8,7,3116,'1203','评论内容：29698599764361526728114141457424836812663669436947','2020-03-18 00:00:00',NULL),

(1239572312814333966,2,12,10,3116,'1204','评论内容：17789689529165642551192325843927515287149666912329','2020-03-18 00:00:00',NULL),

(1239572312814333967,37,1,1,3116,'1201','评论内容：49162496485517794459913335937715558447277953678313','2020-03-18 00:00:00',NULL),

(1239572312814333968,11,5,5,3116,'1203','评论内容：42812976782634771636534423465328169217659386761936','2020-03-18 00:00:00',NULL),

(1239572312814333969,28,11,10,3116,'1204','评论内容：81654933737537258526746291781949973376515619534177','2020-03-18 00:00:00',NULL),

(1239572312814333970,15,3,3,3118,'1204','评论内容：32878893584417616797854843247792864293398236788385','2020-03-18 00:00:00',NULL),

(1239572312814333971,5,10,9,3118,'1204','评论内容：25753828965438496132728756373277281774666392477468','2020-03-18 00:00:00',NULL),

(1239572312814333972,38,6,6,3118,'1201','评论内容：65268848328337271797921293368443138189242843355882','2020-03-18 00:00:00',NULL),

(1239572312814333973,35,11,10,3118,'1202','评论内容：24833679638247641392689694143289631673328594944396','2020-03-18 00:00:00',NULL),

(1239572312814333974,26,3,3,3118,'1204','评论内容：22784583515235793979134998471467127624382594775561','2020-03-18 00:00:00',NULL),

(1239572312814333975,19,10,9,3118,'1204','评论内容：52512457126153134327924737389391672545883397286182','2020-03-18 00:00:00',NULL),

(1239572312814333976,36,2,2,3118,'1201','评论内容：17973565329792732159784243791959598875225854623847','2020-03-18 00:00:00',NULL),

(1239572312814333977,12,7,1,3118,'1204','评论内容：67625949298191365792212552754719646855891146218113','2020-03-18 00:00:00',NULL),

(1239572312814333978,12,5,5,3118,'1201','评论内容：65712932368792159964969353722639553574339174133364','2020-03-18 00:00:00',NULL),

(1239572312814333979,17,12,10,3118,'1204','评论内容：32281928822628633833923476134256311342347146275416','2020-03-18 00:00:00',NULL),

(1239572312814333980,22,5,5,3119,'1201','评论内容：21993296985927585181795627757881711493329427796852','2020-03-18 00:00:00',NULL),

(1239572312814333981,11,12,10,3119,'1204','评论内容：79241629137218119827668188255168684519852776762436','2020-03-18 00:00:00',NULL),

(1239572312814333982,15,7,1,3120,'1202','评论内容：63191686832354364122936318665568784715313511746171','2020-03-18 00:00:00',NULL),

(1239572312814333983,33,2,2,3120,'1204','评论内容：86596686198784937218168731393136316988645944269957','2020-03-18 00:00:00',NULL),

(1239572312814333984,4,2,2,3120,'1204','评论内容：16542722949124345986136341821721549149529171514729','2020-03-18 00:00:00',NULL),

(1239572312814333985,6,12,10,3120,'1201','评论内容：56549963774812214286496843421818846962447543426741','2020-03-18 00:00:00',NULL),

(1239572312814333986,17,12,10,3120,'1204','评论内容：13355946958692273153675877583814646894427348655762','2020-03-18 00:00:00',NULL),

(1239572312814333987,35,3,3,3120,'1204','评论内容：93952727224138269669662367969244416743716531433114','2020-03-18 00:00:00',NULL),

(1239572312814333988,19,8,7,3120,'1204','评论内容：53555263335475627559454892532511587151172723652695','2020-03-18 00:00:00',NULL),

(1239572312814333989,1,7,1,3125,'1203','评论内容：96848233953869648335584346668471553729914618635991','2020-03-18 00:00:00',NULL),

(1239572312814333990,2,9,8,3125,'1204','评论内容：21835357411857669782292525379559463725974745478773','2020-03-18 00:00:00',NULL),

(1239572312814333991,6,9,8,3125,'1202','评论内容：65163758477369283812618576456345176226215711472245','2020-03-18 00:00:00',NULL),

(1239572312814333992,1,13,10,3125,'1202','评论内容：34928138586852358172293681132692166454536937528351','2020-03-18 00:00:00',NULL),

(1239572312814333993,30,6,6,3128,'1204','评论内容：34889861118724382549537481593684388677387325278327','2020-03-18 00:00:00',NULL),

(1239572312814333994,22,1,1,3128,'1203','评论内容：84256139967143139595349744165685565159433215112911','2020-03-18 00:00:00',NULL),

(1239572312814333995,31,13,10,3128,'1204','评论内容：66441262743663213889473913597526844651645112484497','2020-03-18 00:00:00',NULL),

(1239572312814333996,26,13,10,3129,'1201','评论内容：16755855963399861478153265294635929943658427545921','2020-03-18 00:00:00',NULL),

(1239572312822722561,13,9,8,3129,'1201','评论内容：99128928572124629577968236418125954656611448755885','2020-03-18 00:00:00',NULL),

(1239572312822722562,18,5,5,3129,'1201','评论内容：79578667198912293467774354345419791439116148595463','2020-03-18 00:00:00',NULL),

(1239572312822722563,27,4,4,3129,'1204','评论内容：83298879478235898118572436519267831651466453189643','2020-03-18 00:00:00',NULL),

(1239572312822722564,33,12,10,3129,'1204','评论内容：75286454823987763317497911635215884893583941292463','2020-03-18 00:00:00',NULL),

(1239572312822722565,39,10,9,3129,'1202','评论内容：28331499173175993821833991739271419384532415455834','2020-03-18 00:00:00',NULL),

(1239572312822722566,15,5,5,3129,'1204','评论内容：25178635995929517268699534675211276822351655871691','2020-03-18 00:00:00',NULL),

(1239572312822722567,34,6,6,3130,'1204','评论内容：39581378851524274474514576827893616933875192965833','2020-03-18 00:00:00',NULL),

(1239572312822722568,21,2,2,3131,'1204','评论内容：78845537443653568291712384847287434714527393316211','2020-03-18 00:00:00',NULL),

(1239572312822722569,12,5,5,3131,'1204','评论内容：64758279448668954236595481396564127156493789377511','2020-03-18 00:00:00',NULL),

(1239572312822722570,14,5,5,3131,'1204','评论内容：88836969172216313865529885446513872182474213118569','2020-03-18 00:00:00',NULL),

(1239572312822722571,3,13,10,3131,'1204','评论内容：15752121762877724635851764831117978938876683572139','2020-03-18 00:00:00',NULL),

(1239572312822722572,29,3,3,3131,'1203','评论内容：73234165169999583135667787995478976762246173998643','2020-03-18 00:00:00',NULL),

(1239572312822722573,13,7,1,3131,'1201','评论内容：61749312527154292517397838698886855176559547152848','2020-03-18 00:00:00',NULL),

(1239572312822722574,23,2,2,3131,'1204','评论内容：21179652794951629992564362412653654137242774157953','2020-03-18 00:00:00',NULL),

(1239572312822722575,38,8,7,3132,'1204','评论内容：98194563291463297448846484137645341123743844453185','2020-03-18 00:00:00',NULL),

(1239572312822722576,38,13,10,3132,'1204','评论内容：95991175196782781845812279222896988215913546777491','2020-03-18 00:00:00',NULL),

(1239572312822722577,3,11,10,3132,'1204','评论内容：96784965869159974785282841636574756835671537326467','2020-03-18 00:00:00',NULL),

(1239572312822722578,12,2,2,3134,'1203','评论内容：31553927564426896371181122216655934762361575272772','2020-03-18 00:00:00',NULL),

(1239572312822722579,36,4,4,3134,'1201','评论内容：65691611565242263483973273195634293954989431485774','2020-03-18 00:00:00',NULL),

(1239572438890921985,14,2,2,3040,'1201','评论内容：74616532268357476915192139388224971227117921331927','2020-03-20 00:00:00',NULL),

(1239572438890921986,3,9,8,3040,'1201','评论内容：48899465161644249884352238777365231942269349754184','2020-03-20 00:00:00',NULL),

(1239572438890921987,21,3,3,3040,'1201','评论内容：16647799459637765597934955546997554181554667945942','2020-03-20 00:00:00',NULL),

(1239572438890921988,32,10,9,3040,'1201','评论内容：79477611375845243955175744299791138376762341959721','2020-03-20 00:00:00',NULL),

(1239572438890921989,33,11,10,3047,'1204','评论内容：83294242486778174972183899828229799831384269283357','2020-03-20 00:00:00',NULL),

(1239572438890921990,10,2,2,3052,'1204','评论内容：36122526746255128685583249117885936378184797524269','2020-03-20 00:00:00',NULL),

(1239572438890921991,27,7,1,3052,'1204','评论内容：36258577844958191541777425443444714999544418365815','2020-03-20 00:00:00',NULL),

(1239572438890921992,30,10,9,3061,'1201','评论内容：95977519646984776639499567925749876291697629624132','2020-03-20 00:00:00',NULL),

(1239572438890921993,40,2,2,3064,'1201','评论内容：15285375234252761263559362188239866458734192218334','2020-03-20 00:00:00',NULL),

(1239572438890921994,40,9,8,3064,'1201','评论内容：79215263949726247567797286444189217937935922378323','2020-03-20 00:00:00',NULL),

(1239572438890921995,11,3,3,3064,'1201','评论内容：35589237713913467445766174642244878399171898654649','2020-03-20 00:00:00',NULL),

(1239572438890921996,39,10,9,3064,'1204','评论内容：59482249999165673921367139133284536922867381737377','2020-03-20 00:00:00',NULL),

(1239572438890921997,15,11,10,3064,'1201','评论内容：25791312787635664292899734719488812392972972761744','2020-03-20 00:00:00',NULL),

(1239572438890921998,6,10,9,3064,'1204','评论内容：78286811243113982729741377996935614585664623123987','2020-03-20 00:00:00',NULL),

(1239572438890921999,24,2,2,3064,'1201','评论内容：37146753223723647543835853321412954282826431386257','2020-03-20 00:00:00',NULL),

(1239572438890922000,9,2,2,3067,'1202','评论内容：22444657399438649364511196114671887722688238786985','2020-03-20 00:00:00',NULL),

(1239572438899310593,12,7,1,3067,'1204','评论内容：88586182859952652788269196741567679984113157491274','2020-03-20 00:00:00',NULL),

(1239572438899310594,22,9,8,3067,'1204','评论内容：37939157554989968383161998278356528761165967377665','2020-03-20 00:00:00',NULL),

(1239572438899310595,4,9,8,3068,'1204','评论内容：81962972259658794735435938984719155668789331598148','2020-03-20 00:00:00',NULL),

(1239572438899310596,32,4,4,3068,'1203','评论内容：31787971436271739762869494384182232254731145345582','2020-03-20 00:00:00',NULL),

(1239572438899310597,8,4,4,3072,'1201','评论内容：72356167968398453456469236771345447247362547633736','2020-03-20 00:00:00',NULL),

(1239572438899310598,28,11,10,3072,'1204','评论内容：37324275191912816138413183388587849189447691911431','2020-03-20 00:00:00',NULL),

(1239572438899310599,2,11,10,3072,'1202','评论内容：94552483616595282131964789613171442211864273428698','2020-03-20 00:00:00',NULL),

(1239572438899310600,36,2,2,3076,'1201','评论内容：68216268933641538522262547653359423339134317297797','2020-03-20 00:00:00',NULL),

(1239572438899310601,37,3,3,3076,'1201','评论内容：25886667977854222372982699797135817977451323519851','2020-03-20 00:00:00',NULL),

(1239572438899310602,28,6,6,3076,'1201','评论内容：93726157231452478242329937123817415456952638435576','2020-03-20 00:00:00',NULL),

(1239572438899310603,7,11,10,3076,'1203','评论内容：93665212295751531718312217572798614622917792523788','2020-03-20 00:00:00',NULL),

(1239572438899310604,38,3,3,3076,'1201','评论内容：21179861774857261314554965288287264576177615339482','2020-03-20 00:00:00',NULL),

(1239572438899310605,22,2,2,3080,'1204','评论内容：46763553913336128157644949248563975324376643982345','2020-03-20 00:00:00',NULL),

(1239572438899310606,14,9,8,3080,'1204','评论内容：32655258857761779658248894889287682475447211957554','2020-03-20 00:00:00',NULL),

(1239572438899310607,35,7,1,3080,'1203','评论内容：33348181489562933458626173561133579278651399958893','2020-03-20 00:00:00',NULL),

(1239572438899310608,36,9,8,3080,'1201','评论内容：18824319727574857213585564189196984619873579692521','2020-03-20 00:00:00',NULL),

(1239572438899310609,3,2,2,3080,'1201','评论内容：49513752514829755327465556414898172192324688398238','2020-03-20 00:00:00',NULL),

(1239572438899310610,18,2,2,3080,'1201','评论内容：68446463872899537839137631527748854772119578154863','2020-03-20 00:00:00',NULL),

(1239572438899310611,14,1,1,3080,'1204','评论内容：31644131927956722996993833395628862931142985821737','2020-03-20 00:00:00',NULL),

(1239572438899310612,25,8,7,3083,'1204','评论内容：61423292512178883787914955319166312962488262562319','2020-03-20 00:00:00',NULL),

(1239572438899310613,26,9,8,3083,'1201','评论内容：61555482985934465336544571634995247221562584186686','2020-03-20 00:00:00',NULL),

(1239572438899310614,10,6,6,3083,'1204','评论内容：11887571156853475645979948387587615549343835357823','2020-03-20 00:00:00',NULL),

(1239572438899310615,12,6,6,3083,'1204','评论内容：93461186228765912589878456424748785655449642527493','2020-03-20 00:00:00',NULL),

(1239572438899310616,6,6,6,3084,'1204','评论内容：34369943517931115579868136887526744855211897158198','2020-03-20 00:00:00',NULL),

(1239572438899310617,6,4,4,3084,'1201','评论内容：47718791699139455172574784334782589451568146967678','2020-03-20 00:00:00',NULL),

(1239572438899310618,15,1,1,3084,'1204','评论内容：98667352529793738686739574531182826158632743744334','2020-03-20 00:00:00',NULL),

(1239572438899310619,34,9,8,3085,'1202','评论内容：79722735824578448312561195855562293228718572823623','2020-03-20 00:00:00',NULL),

(1239572438899310620,38,5,5,3085,'1204','评论内容：49589475145644422719634785526979567846941361787556','2020-03-20 00:00:00',NULL),

(1239572438899310621,25,4,4,3085,'1204','评论内容：74348714944259438786679493835265853724764831278451','2020-03-20 00:00:00',NULL),

(1239572438899310622,30,12,10,3085,'1204','评论内容：12887653371282446116643613229218116768712438233753','2020-03-20 00:00:00',NULL),

(1239572438899310623,33,10,9,3085,'1201','评论内容：34336955745562924329785766261581125627951916399597','2020-03-20 00:00:00',NULL),

(1239572438899310624,22,2,2,3086,'1204','评论内容：72653936473426774225148877227751469245981134932475','2020-03-20 00:00:00',NULL),

(1239572438899310625,39,7,1,3086,'1204','评论内容：28229377776748482828591553583679444292923192835235','2020-03-20 00:00:00',NULL),

(1239572438899310626,7,5,5,3086,'1201','评论内容：71829713646617493947726363891854611141331948674473','2020-03-20 00:00:00',NULL),

(1239572438899310627,39,10,9,3089,'1201','评论内容：55538254431112972139521568819979326969896273142614','2020-03-20 00:00:00',NULL),

(1239572438899310628,26,7,1,3089,'1204','评论内容：91524128899922535725478253971311178466535723244851','2020-03-20 00:00:00',NULL),

(1239572438899310629,32,10,9,3089,'1201','评论内容：83972948357256223137391223196911677831325249215255','2020-03-20 00:00:00',NULL),

(1239572438899310630,4,1,1,3089,'1202','评论内容：76516934352134818945294657189499198916558263332587','2020-03-20 00:00:00',NULL),

(1239572438899310631,27,7,1,3089,'1201','评论内容：72944794436593355637269326821365625953211127284271','2020-03-20 00:00:00',NULL),

(1239572438899310632,32,7,1,3089,'1204','评论内容：76532984994939827814593898851588634692952712681493','2020-03-20 00:00:00',NULL),

(1239572438899310633,32,5,5,3090,'1201','评论内容：87928176815432324346223157175311435399336332455325','2020-03-20 00:00:00',NULL),

(1239572438899310634,21,3,3,3090,'1204','评论内容：86247485244998741773815726151367226238941727725267','2020-03-20 00:00:00',NULL),

(1239572438899310635,21,13,10,3090,'1201','评论内容：97599718825675558448713487849893834568853243294636','2020-03-20 00:00:00',NULL),

(1239572438899310636,23,5,5,3090,'1204','评论内容：86739816819233958373568177244485249649584364815138','2020-03-20 00:00:00',NULL),

(1239572438899310637,2,4,4,3090,'1204','评论内容：71627736481428849737857386792844828536176988471973','2020-03-20 00:00:00',NULL),

(1239572438907699202,16,13,10,3090,'1204','评论内容：97931833511598799539949189499279481831157934456486','2020-03-20 00:00:00',NULL),

(1239572438907699203,20,3,3,3090,'1204','评论内容：76489764796579326445346437816975643547931639377266','2020-03-20 00:00:00',NULL),

(1239572438907699204,13,7,1,3090,'1201','评论内容：54414482676928334777773593736678616843171218891485','2020-03-20 00:00:00',NULL),

(1239572438907699205,2,9,8,3093,'1204','评论内容：85791792175488555222383744476136298758196374472238','2020-03-20 00:00:00',NULL),

(1239572438907699206,18,11,10,3093,'1204','评论内容：52458523685796118443573317888945311964193963999788','2020-03-20 00:00:00',NULL),

(1239572438907699207,4,4,4,3093,'1201','评论内容：69992887327678795434424464126438193752172588813887','2020-03-20 00:00:00',NULL),

(1239572438907699208,6,10,9,3093,'1203','评论内容：19514474453527184587377995751953837876114115991276','2020-03-20 00:00:00',NULL),

(1239572438907699209,31,2,2,3093,'1202','评论内容：82261985468843192724143725439821127721758694564312','2020-03-20 00:00:00',NULL),

(1239572438907699210,7,7,1,3093,'1202','评论内容：47792385649872498593344291158919891576477299418157','2020-03-20 00:00:00',NULL),

(1239572438907699211,4,7,1,3096,'1202','评论内容：11534596721586933174296332848833173346864448286683','2020-03-20 00:00:00',NULL),

(1239572438907699212,11,9,8,3096,'1204','评论内容：19911385413358259119885929979211222773465832294621','2020-03-20 00:00:00',NULL),

(1239572438907699213,6,2,2,3096,'1203','评论内容：33897372969249883996282839277441729792845236196381','2020-03-20 00:00:00',NULL),

(1239572438907699214,19,3,3,3096,'1201','评论内容：34562147318842858984281613597226971612534141191199','2020-03-20 00:00:00',NULL),

(1239572438907699215,33,2,2,3096,'1204','评论内容：94499148172125113555189939586158169479635924141827','2020-03-20 00:00:00',NULL),

(1239572438907699216,30,12,10,3096,'1204','评论内容：78326293832969757484338453653613147931168277571846','2020-03-20 00:00:00',NULL),

(1239572438907699217,9,7,1,3096,'1204','评论内容：98439642477293442621867139722364296474985152334719','2020-03-20 00:00:00',NULL),

(1239572438907699218,31,4,4,3107,'1204','评论内容：79524241469633792655233875185519934742452582568382','2020-03-20 00:00:00',NULL),

(1239572438907699219,39,1,1,3107,'1201','评论内容：43914778587188268713872786693578858424971197522513','2020-03-20 00:00:00',NULL),

(1239572438907699220,38,2,2,3107,'1201','评论内容：72176437997919176656418146873949731497268142479249','2020-03-20 00:00:00',NULL),

(1239572438907699221,25,8,7,3110,'1204','评论内容：99844335633835878721242991935327837996834933948117','2020-03-20 00:00:00',NULL),

(1239572438907699222,21,6,6,3111,'1204','评论内容：33457753394916142472112459946348568951852735715587','2020-03-20 00:00:00',NULL),

(1239572438907699223,16,11,10,3113,'1201','评论内容：46922234222683326939454151363293686763961478929283','2020-03-20 00:00:00',NULL),

(1239572438907699224,25,9,8,3113,'1204','评论内容：55467649117514949694186912583477628813127165435338','2020-03-20 00:00:00',NULL),

(1239572438907699225,32,11,10,3113,'1202','评论内容：18699368994754546754952554293272726947556516322882','2020-03-20 00:00:00',NULL),

(1239572438907699226,25,4,4,3113,'1201','评论内容：19126539945741847373268961582362735299337192675947','2020-03-20 00:00:00',NULL),

(1239572438907699227,30,2,2,3113,'1204','评论内容：86784361759611195996135982178944223268544995571845','2020-03-20 00:00:00',NULL),

(1239572438907699228,17,3,3,3118,'1204','评论内容：56834358426571828941787458328888874714914844551738','2020-03-20 00:00:00',NULL),

(1239572438907699229,10,10,9,3118,'1204','评论内容：69759663597815561426658718727862741226173127333587','2020-03-20 00:00:00',NULL),

(1239572438907699230,40,6,6,3118,'1201','评论内容：31986176483249564394172978235834272229443277425888','2020-03-20 00:00:00',NULL),

(1239572438907699231,10,11,10,3118,'1201','评论内容：51645137929398144371855945843881639624323422786699','2020-03-20 00:00:00',NULL),

(1239572438907699232,18,3,3,3118,'1204','评论内容：44862454529535893393499388996191252493465162334238','2020-03-20 00:00:00',NULL),

(1239572438907699233,6,10,9,3118,'1202','评论内容：59924536648525491245293744666181461132914129596239','2020-03-20 00:00:00',NULL),

(1239572438907699234,16,2,2,3118,'1204','评论内容：57548473797576317532566681168198222923993283966131','2020-03-20 00:00:00',NULL),

(1239572438907699235,16,7,1,3118,'1204','评论内容：86672588762464243475514528854561385734667567229524','2020-03-20 00:00:00',NULL),

(1239572438907699236,29,5,5,3118,'1201','评论内容：44191924186835554865345369989273714818756639259381','2020-03-20 00:00:00',NULL),

(1239572438907699237,35,12,10,3118,'1201','评论内容：56468931546449267366211368817766286369984832145298','2020-03-20 00:00:00',NULL),

(1239572438907699238,10,5,5,3119,'1204','评论内容：62144116287565729396336143454517756816728666115861','2020-03-20 00:00:00',NULL),

(1239572438907699239,35,12,10,3119,'1201','评论内容：75779181472824749785987833558925514373453965747979','2020-03-20 00:00:00',NULL),

(1239572438907699240,29,7,1,3120,'1204','评论内容：59895811639331469974123229181815373599772516922581','2020-03-20 00:00:00',NULL),

(1239572438907699241,20,2,2,3120,'1204','评论内容：36348617551277712136812597876338546176362491958187','2020-03-20 00:00:00',NULL),

(1239572439029334017,9,2,2,3120,'1201','评论内容：81591685835895635329975859644227286833314743772946','2020-03-20 00:00:00',NULL),

(1239572439029334018,25,12,10,3120,'1204','评论内容：11736867563426636764665548196357286469167318895833','2020-03-20 00:00:00',NULL),

(1239572439029334019,16,12,10,3120,'1201','评论内容：48221921466768889147238185791962382487252886374416','2020-03-20 00:00:00',NULL),

(1239572439029334020,34,3,3,3120,'1201','评论内容：56277642649756834516828633697764437589793129975658','2020-03-20 00:00:00',NULL),

(1239572439029334021,19,8,7,3120,'1203','评论内容：27517442433173571575335775147414977323173799936411','2020-03-20 00:00:00',NULL),

(1239572439029334022,23,10,9,3121,'1202','评论内容：33845213567169232585677134931896731845669842678398','2020-03-20 00:00:00',NULL),

(1239572439033528321,36,6,6,3121,'1204','评论内容：74551669986142224974468189444121853277744832422466','2020-03-20 00:00:00',NULL),

(1239572439033528322,35,6,6,3121,'1201','评论内容：18551232536911291571119722137851858638679943616312','2020-03-20 00:00:00',NULL),

(1239572439033528323,33,10,9,3121,'1204','评论内容：24357165385162611111243687471382545645293243446769','2020-03-20 00:00:00',NULL),

(1239572439033528324,12,11,10,3121,'1201','评论内容：74384546167337253144944825676639925828584945386987','2020-03-20 00:00:00',NULL),

(1239572439033528325,15,7,1,3125,'1204','评论内容：66385517843125474464945662127227126116133872935614','2020-03-20 00:00:00',NULL),

(1239572439033528326,16,9,8,3125,'1202','评论内容：32224475635168354738982698514137838538967496336852','2020-03-20 00:00:00',NULL),

(1239572439033528327,19,9,8,3125,'1204','评论内容：23477329269249241899112272445223619689376551797623','2020-03-20 00:00:00',NULL),

(1239572439033528328,3,13,10,3125,'1204','评论内容：55696576679156888168514914343899596185932338696623','2020-03-20 00:00:00',NULL),

(1239572439033528329,35,10,9,3127,'1201','评论内容：66565211219522737297846224133459372374127883947821','2020-03-20 00:00:00',NULL),

(1239572439033528330,5,5,5,3127,'1202','评论内容：66981846794642227113939359337982646288214156568453','2020-03-20 00:00:00',NULL),

(1239572439033528331,8,11,10,3127,'1202','评论内容：67372153324364745817957725949771191873612162993638','2020-03-20 00:00:00',NULL),

(1239572439033528332,9,2,2,3127,'1201','评论内容：27466248833279735728928749547259976829967551817199','2020-03-20 00:00:00',NULL),

(1239572439033528333,10,6,6,3127,'1201','评论内容：39494842117824818717644785562898661756599349195574','2020-03-20 00:00:00',NULL),

(1239572439033528334,3,6,6,3128,'1201','评论内容：25756962512611916377626815813288734972127679332851','2020-03-20 00:00:00',NULL),

(1239572439033528335,32,1,1,3128,'1204','评论内容：46824562825384252591953217966484232453265936319649','2020-03-20 00:00:00',NULL),

(1239572439033528336,15,13,10,3128,'1203','评论内容：72561546489439611399139191832647182113286652715477','2020-03-20 00:00:00',NULL),

(1239572439033528337,7,13,10,3129,'1204','评论内容：24243327342424217384664838223336678741976346627673','2020-03-20 00:00:00',NULL),

(1239572439033528338,9,9,8,3129,'1201','评论内容：36296927172291917333452884537282971766251995664213','2020-03-20 00:00:00',NULL),

(1239572439033528339,24,5,5,3129,'1202','评论内容：48347964615583284653653746985629272597959893534923','2020-03-20 00:00:00',NULL),

(1239572439033528340,30,4,4,3129,'1204','评论内容：55838483466259468271763176366953417431743156233632','2020-03-20 00:00:00',NULL),

(1239572439033528341,31,12,10,3129,'1201','评论内容：29812312381623551355799579192646357618275261838131','2020-03-20 00:00:00',NULL),

(1239572439033528342,37,10,9,3129,'1204','评论内容：75885943414274445537586854963643893261344343258966','2020-03-20 00:00:00',NULL),

(1239572439033528343,5,5,5,3129,'1204','评论内容：11341479144788597443335982182428994357948198127552','2020-03-20 00:00:00',NULL),

(1239572439033528344,23,6,6,3130,'1204','评论内容：73358393715924979739818645173773741793545122539618','2020-03-20 00:00:00',NULL),

(1239572439033528345,16,8,7,3132,'1201','评论内容：69482727544532422565728878713381243637716483616469','2020-03-20 00:00:00',NULL),

(1239572439033528346,40,13,10,3132,'1203','评论内容：23885958973124426821248175717989461144927529895421','2020-03-20 00:00:00',NULL),

(1239572439033528347,40,11,10,3132,'1202','评论内容：69533222829546488516941161332426748891778785629463','2020-03-20 00:00:00',NULL),

(1239572439033528348,33,4,4,3133,'1204','评论内容：54337482993234659739851146441325991554543592585451','2020-03-20 00:00:00',NULL),

(1239572439033528349,9,13,10,3133,'1204','评论内容：74682578396119973575499428616971887627888258744639','2020-03-20 00:00:00',NULL),

(1239572439033528350,4,7,1,3133,'1202','评论内容：14498762889518337794915672448746572566377797229165','2020-03-20 00:00:00',NULL),

(1239572439033528351,17,9,8,3133,'1204','评论内容：83672296453337215543743983477968838734458417868742','2020-03-20 00:00:00',NULL),

(1239572439033528352,30,2,2,3134,'1204','评论内容：92823416724164993539254769319986558447136119263434','2020-03-20 00:00:00',NULL),

(1239572439033528353,28,4,4,3134,'1204','评论内容：74664343638942629927798864353322357628128451595868','2020-03-20 00:00:00',NULL),

(1239572439033528354,2,13,10,3136,'1201','评论内容：76296496138524643818911937854836838592736778516354','2020-03-20 00:00:00',NULL),

(1239572439033528355,2,4,4,3136,'1204','评论内容：52496962963324251992511891432322856946428388278192','2020-03-20 00:00:00',NULL),

(1239572439033528356,36,12,10,3136,'1204','评论内容：13971288853491534545313486527953913356676811739873','2020-03-20 00:00:00',NULL),

(1239572439033528357,21,9,8,3136,'1202','评论内容：96275413821155287924146451727582678147347324393121','2020-03-20 00:00:00',NULL),

(1239572439033528358,20,11,10,3137,'1202','评论内容：32615158581753716382572929425624744189244915715959','2020-03-20 00:00:00',NULL),

(1239572439033528359,29,9,8,3137,'1202','评论内容：72565587243856834696932356319136996912522125969741','2020-03-20 00:00:00',NULL),

(1239572439033528360,4,4,4,3137,'1204','评论内容：46795596448745238112175375519412241574952633251289','2020-03-20 00:00:00',NULL),

(1239572439033528361,34,10,9,3137,'1204','评论内容：92489331266286372359375762111811973688825712448943','2020-03-20 00:00:00',NULL),

(1239572439033528362,35,2,2,3137,'1202','评论内容：76428315738576659565261844691631325919293734684961','2020-03-20 00:00:00',NULL),

(1239572439033528363,23,7,1,3137,'1204','评论内容：72314986154342328824359743138868959259641742461817','2020-03-20 00:00:00',NULL),

(1239572439033528364,38,6,6,3139,'1201','评论内容：25269277939874939578242479178555215849488184745342','2020-03-20 00:00:00',NULL),

(1239572439033528365,16,4,4,3139,'1204','评论内容：22121624329228716769273359347544558894532144813338','2020-03-20 00:00:00',NULL),

(1239572439033528366,1,8,7,3139,'1202','评论内容：27877739263873933257964977356122414758886956884627','2020-03-20 00:00:00',NULL),

(1239572439033528367,8,9,8,3141,'1204','评论内容：93513984418697855356229434158849654772691289559876','2020-03-20 00:00:00',NULL),

(1239572439033528368,9,5,5,3141,'1203','评论内容：83487457788444226995295678332952274893949366931326','2020-03-20 00:00:00',NULL),

(1239572439033528369,22,11,10,3143,'1203','评论内容：83662729956715261296668988632613378237674831438519','2020-03-20 00:00:00',NULL),

(1239572439033528370,14,1,1,3143,'1204','评论内容：22139364676882618219125827438545821143665418992838','2020-03-20 00:00:00',NULL),

(1239572439033528371,13,8,7,3143,'1201','评论内容：92353815454897624182891415273844669659666973295866','2020-03-20 00:00:00',NULL),

(1239572439033528372,28,12,10,3143,'1201','评论内容：46113788253581234778824294822388755968697868141699','2020-03-20 00:00:00',NULL),

(1239572439033528373,37,7,1,3143,'1204','评论内容：52868459964477975768786257738433729353435488684363','2020-03-20 00:00:00',NULL),

(1239572439033528374,21,8,7,3143,'1204','评论内容：14529383729674167444141759783994358559648881692192','2020-03-20 00:00:00',NULL),

(1239572439033528375,14,4,4,3143,'1204','评论内容：79752691691235763373249911396972727735816439867829','2020-03-20 00:00:00',NULL),

(1239572439041916930,25,6,6,3143,'1201','评论内容：13752521674692393579725578692816398392733572957752','2020-03-20 00:00:00',NULL),

(1239572439041916931,32,1,1,3143,'1204','评论内容：52749421412944567687414113578427283297986547264437','2020-03-20 00:00:00',NULL),

(1239572439041916932,9,13,10,3147,'1204','评论内容：31178429231814376945694253127575756715749424568981','2020-03-20 00:00:00',NULL),

(1239572439041916933,32,9,8,3147,'1204','评论内容：26162424641674463536141277574287289724245556526946','2020-03-20 00:00:00',NULL),

(1239572439041916934,4,5,5,3147,'1204','评论内容：32389377166286112977874336589267978619892263289665','2020-03-20 00:00:00',NULL),

(1239572439041916935,10,4,4,3147,'1204','评论内容：38761942813565971991781446837873938384275592465914','2020-03-20 00:00:00',NULL),

(1239572439041916936,13,5,5,3147,'1201','评论内容：37334163455841583255572618158284625355768728248952','2020-03-20 00:00:00',NULL),

(1239572439041916937,24,12,10,3147,'1203','评论内容：85653546963351414112481227869183943432395655527452','2020-03-20 00:00:00',NULL),

(1239572439041916938,15,10,9,3147,'1201','评论内容：25155225172241335312156533667363227568296312972915','2020-03-20 00:00:00',NULL),

(1239572439041916939,33,5,5,3148,'1204','评论内容：64385386879917826131492877713388673458397439646242','2020-03-20 00:00:00',NULL),

(1239572439041916940,5,2,2,3148,'1204','评论内容：23263499347653344955669779164417347342295956136573','2020-03-20 00:00:00',NULL),

(1239572439041916941,30,4,4,3148,'1204','评论内容：47758335129944643342847329676843341189494384744648','2020-03-20 00:00:00',NULL),

(1239572439041916942,32,10,9,3151,'1204','评论内容：56791583883325747345793136318222364592311254786556','2020-03-20 00:00:00',NULL),

(1239572439041916943,6,2,2,3151,'1204','评论内容：37599713151611342648911771262566825772557888918793','2020-03-20 00:00:00',NULL),

(1239572439041916944,30,7,1,3151,'1201','评论内容：95585541698542726492598812921852897632888982832694','2020-03-20 00:00:00',NULL),

(1239572439041916945,3,5,5,3156,'1204','评论内容：51643773342231267351143798589869258869932467342269','2020-03-20 00:00:00',NULL),

(1239572439041916946,39,12,10,3156,'1204','评论内容：99791232552586783231843184267428122632558467293793','2020-03-20 00:00:00',NULL),

(1239572439041916947,34,8,7,3158,'1201','评论内容：26729134162964292226287762613226973756427171358621','2020-03-20 00:00:00',NULL),

(1239572439041916948,39,6,6,3158,'1204','评论内容：56626222644921165115586981154885325148689761696922','2020-03-20 00:00:00',NULL),

(1239572439041916949,34,6,6,3158,'1203','评论内容：29643693561436943253872361535369428192452247592482','2020-03-20 00:00:00',NULL),

(1239572439041916950,29,5,5,3159,'1204','评论内容：19991131882396725958521442194144848413184462485476','2020-03-20 00:00:00',NULL),

(1239572439041916951,4,9,8,3159,'1201','评论内容：42316668169126779938755368289642417393362781557853','2020-03-20 00:00:00',NULL),

(1239580139737862146,16,2,2,3040,'1202','评论内容：97361343131956784184113638387465923346288255754668','2020-03-20 00:00:00',NULL),

(1239580139737862147,36,9,8,3040,'1204','评论内容：89268454487688967144771967982618899878876519224163','2020-03-20 00:00:00',NULL),

(1239580139737862148,32,3,3,3040,'1201','评论内容：51396718153732121341789164448759136677713764124133','2020-03-20 00:00:00',NULL),

(1239580139737862149,33,10,9,3040,'1201','评论内容：58424187853998193689925481997899254742799983355267','2020-03-20 00:00:00',NULL),

(1239580139737862150,9,11,10,3047,'1204','评论内容：52563875534656693432753479535273178392641557975275','2020-03-20 00:00:00',NULL),

(1239580139737862151,2,2,2,3052,'1204','评论内容：88764437533853339843586114637744368793331776284866','2020-03-20 00:00:00',NULL),

(1239580139737862152,9,7,1,3052,'1203','评论内容：74995933959438573421443896523967351298538553615172','2020-03-20 00:00:00',NULL),

(1239580139737862153,21,10,9,3061,'1204','评论内容：43879976989365853648237885248985268832715821151622','2020-03-20 00:00:00',NULL),

(1239580139737862154,25,2,2,3064,'1204','评论内容：41141431791887475459517917836575488622632117355685','2020-03-20 00:00:00',NULL),

(1239580139737862155,36,9,8,3064,'1202','评论内容：49932472329616129573811941856118689968856667768453','2020-03-20 00:00:00',NULL),

(1239580139737862156,5,3,3,3064,'1202','评论内容：33249788222371729957823493997972349512477224924253','2020-03-20 00:00:00',NULL),

(1239580139737862157,1,10,9,3064,'1202','评论内容：37397276796481984338511741935626971198611273255696','2020-03-20 00:00:00',NULL),

(1239580139737862158,14,11,10,3064,'1204','评论内容：46278265292685919579274549348428754241176279472533','2020-03-20 00:00:00',NULL),

(1239580139746250754,40,10,9,3064,'1204','评论内容：97194974213275663115564126817343624495323358951257','2020-03-20 00:00:00',NULL),

(1239580139746250755,9,2,2,3064,'1204','评论内容：59234768876754788834799485236989168637487923651341','2020-03-20 00:00:00',NULL),

(1239580139746250756,27,9,8,3068,'1201','评论内容：17248122949416646426557161162671333875652423481274','2020-03-20 00:00:00',NULL),

(1239580139746250757,27,4,4,3068,'1201','评论内容：85975169331746169262255383246679666671217274854281','2020-03-20 00:00:00',NULL),

(1239580139746250758,35,4,4,3072,'1201','评论内容：48921449768569697961194258627567383962716653676197','2020-03-20 00:00:00',NULL),

(1239580139746250759,38,11,10,3072,'1204','评论内容：76741171764434531762864724479514929447917534584396','2020-03-20 00:00:00',NULL),

(1239580139746250760,8,11,10,3072,'1201','评论内容：89588983812398846914812381345449465552592555842323','2020-03-20 00:00:00',NULL),

(1239580139746250761,26,2,2,3080,'1201','评论内容：69382946511124115139236725897939129553592334879566','2020-03-20 00:00:00',NULL),

(1239580139746250762,12,9,8,3080,'1203','评论内容：52588384732188555442411971525899646611311926296925','2020-03-20 00:00:00',NULL),

(1239580139746250763,39,7,1,3080,'1204','评论内容：96931168395327222162563691683296687446418637853511','2020-03-20 00:00:00',NULL),

(1239580139746250764,35,9,8,3080,'1204','评论内容：91767879914511481237381828264997947569628551984344','2020-03-20 00:00:00',NULL),

(1239580139746250765,7,2,2,3080,'1202','评论内容：76238597498778468492531736676458858418584735227268','2020-03-20 00:00:00',NULL),

(1239580139746250766,19,2,2,3080,'1201','评论内容：29389482284492287339818643768874674239174438862133','2020-03-20 00:00:00',NULL),

(1239580139746250767,11,1,1,3080,'1201','评论内容：27488935321254723174316722984425699258628133522289','2020-03-20 00:00:00',NULL),

(1239580139746250768,29,8,7,3083,'1203','评论内容：49369394716832558923363444661496548365781942262573','2020-03-20 00:00:00',NULL),

(1239580139746250769,37,9,8,3083,'1201','评论内容：11833581132448684615377311993449586186333449418883','2020-03-20 00:00:00',NULL),

(1239580139746250770,15,6,6,3083,'1204','评论内容：27614725218461777713979665739625953367479827324869','2020-03-20 00:00:00',NULL),

(1239580139746250771,11,6,6,3083,'1201','评论内容：59823211516191931853441186146331381995546984826118','2020-03-20 00:00:00',NULL),

(1239580139746250772,36,6,6,3084,'1201','评论内容：38868562185371978392264575636111727916611757377268','2020-03-20 00:00:00',NULL),

(1239580139746250773,19,4,4,3084,'1201','评论内容：33218839228276363669724162215799165238356413168454','2020-03-20 00:00:00',NULL),

(1239580139746250774,31,1,1,3084,'1204','评论内容：64968423361731278732126667495341715315514134657845','2020-03-20 00:00:00',NULL),

(1239580139746250775,23,2,2,3086,'1203','评论内容：79685597616991523727614766713167131994424872141438','2020-03-20 00:00:00',NULL),

(1239580139746250776,14,7,1,3086,'1203','评论内容：87775335329311239852515326774377845251882295718867','2020-03-20 00:00:00',NULL),

(1239580139746250777,6,5,5,3086,'1204','评论内容：21151123158123618294161969553721896789783359585933','2020-03-20 00:00:00',NULL),

(1239580139746250778,8,10,9,3089,'1204','评论内容：61971568882772312926976686176758669185874185518374','2020-03-20 00:00:00',NULL),

(1239580139746250779,7,7,1,3089,'1204','评论内容：78329994797196531296451161574419277832159316955679','2020-03-20 00:00:00',NULL),

(1239580139746250780,32,10,9,3089,'1204','评论内容：27814761991968214372577924435914494747317596427195','2020-03-20 00:00:00',NULL),

(1239580139746250781,28,1,1,3089,'1204','评论内容：66585246187648524713982669762982562444356488972884','2020-03-20 00:00:00',NULL),

(1239580139746250782,30,7,1,3089,'1201','评论内容：79378266926689356242159726844299751315644119616691','2020-03-20 00:00:00',NULL),

(1239580139746250783,13,7,1,3089,'1202','评论内容：19616293242159785351866127861683527918175626723834','2020-03-20 00:00:00',NULL),

(1239580139746250784,18,9,8,3093,'1204','评论内容：63942499275751832342975252479552845728843297868151','2020-03-20 00:00:00',NULL),

(1239580139746250785,4,11,10,3093,'1204','评论内容：32647188483183567288238894745231342933958856434135','2020-03-20 00:00:00',NULL),

(1239580139746250786,34,4,4,3093,'1204','评论内容：58116418143811592784193293264519595822498726171776','2020-03-20 00:00:00',NULL),

(1239580139746250787,40,10,9,3093,'1204','评论内容：56225454814318667729313229962812829492421256886184','2020-03-20 00:00:00',NULL),

(1239580139746250788,19,2,2,3093,'1204','评论内容：91829184659824275327885748473755565744313249379154','2020-03-20 00:00:00',NULL),

(1239580139746250789,30,7,1,3093,'1201','评论内容：89721132734921188133662763793492526511642821891891','2020-03-20 00:00:00',NULL),

(1239580139746250790,19,7,1,3096,'1201','评论内容：33585541572588674838417966396921716969958236548127','2020-03-20 00:00:00',NULL),

(1239580139746250791,28,9,8,3096,'1201','评论内容：51247125772158744614189713245844194868827615418985','2020-03-20 00:00:00',NULL),

(1239580139746250792,17,2,2,3096,'1204','评论内容：22354682756347463547217687459715714963346556593729','2020-03-20 00:00:00',NULL),

(1239580139746250793,5,3,3,3096,'1204','评论内容：29386326741475921891125234381779663622735166872835','2020-03-20 00:00:00',NULL),

(1239580139746250794,13,2,2,3096,'1204','评论内容：81478819759628316563862367933237655979313953318958','2020-03-20 00:00:00',NULL),

(1239580139746250795,6,12,10,3096,'1204','评论内容：34172571729662715937249658943197832872156677815127','2020-03-20 00:00:00',NULL),

(1239580139746250796,36,7,1,3096,'1204','评论内容：21115238396543324761548549171669669132599896435335','2020-03-20 00:00:00',NULL),

(1239580139746250797,34,8,7,3110,'1204','评论内容：78187669426722564324742493983445253232993751848347','2020-03-20 00:00:00',NULL),

(1239580139746250798,16,6,6,3111,'1204','评论内容：86353531871137433771314934361115282329875489289243','2020-03-20 00:00:00',NULL),

(1239580139746250799,5,11,10,3113,'1204','评论内容：39162238921342197864331486846578189944497687515982','2020-03-20 00:00:00',NULL),

(1239580139746250800,6,9,8,3113,'1202','评论内容：83478787111723694189967872257236293247738754121667','2020-03-20 00:00:00',NULL),

(1239580139746250801,16,11,10,3113,'1204','评论内容：25133178642184164377284674699137666562922457874485','2020-03-20 00:00:00',NULL),

(1239580139746250802,3,4,4,3113,'1201','评论内容：56491577565466392999459821725798255973884921787173','2020-03-20 00:00:00',NULL),

(1239580139746250803,22,2,2,3113,'1204','评论内容：69649791556369225547471463214737793454623159232997','2020-03-20 00:00:00',NULL),

(1239580139746250804,32,5,5,3122,'1201','评论内容：72151697885868349652794621362345273911325496935669','2020-03-20 00:00:00',NULL),

(1239580139746250805,39,4,4,3126,'1204','评论内容：77188136612747896768546562848411916152616119742491','2020-03-20 00:00:00',NULL),

(1239580139746250806,12,7,1,3126,'1201','评论内容：56338455855565162585471293183739452962728894168734','2020-03-20 00:00:00',NULL),

(1239580139746250807,2,10,9,3127,'1203','评论内容：66819387762854956243884189158777764588419143441998','2020-03-20 00:00:00',NULL),

(1239580139746250808,24,5,5,3127,'1201','评论内容：78625754582517518947244454787511562441359837755571','2020-03-20 00:00:00',NULL),

(1239580139746250809,3,11,10,3127,'1204','评论内容：28225656213118628176887444179933613678224293758329','2020-03-20 00:00:00',NULL),

(1239580139754639362,29,2,2,3127,'1204','评论内容：17582845172861869545234479175169181352228558461614','2020-03-20 00:00:00',NULL),

(1239580139754639363,28,6,6,3127,'1204','评论内容：36522725187459476253375266114465352341388552219241','2020-03-20 00:00:00',NULL),

(1239580139754639364,30,6,6,3128,'1204','评论内容：31791557384958992264686697178554724976226552221587','2020-03-20 00:00:00',NULL),

(1239580139754639365,31,1,1,3128,'1204','评论内容：37235768894771525831238241449376371825425331341872','2020-03-20 00:00:00',NULL),

(1239580139754639366,26,13,10,3128,'1202','评论内容：88756629328495677388312486273746837728773286714413','2020-03-20 00:00:00',NULL),

(1239580139754639367,39,6,6,3130,'1204','评论内容：71898978433973174257336656746226816184263498619663','2020-03-20 00:00:00',NULL),

(1239580139754639368,30,8,7,3132,'1201','评论内容：48366799961833578598657395271785712156644566532561','2020-03-20 00:00:00',NULL),

(1239580139754639369,3,13,10,3132,'1202','评论内容：18731745999686533814579473788464362959721336712497','2020-03-20 00:00:00',NULL),

(1239580139754639370,36,11,10,3132,'1204','评论内容：28132495892344976615515848522392322883924254886826','2020-03-20 00:00:00',NULL),

(1239580139754639371,10,4,4,3133,'1204','评论内容：34754869893991897929659443254992669712551927989723','2020-03-20 00:00:00',NULL),

(1239580139754639372,17,13,10,3133,'1203','评论内容：79595144924874715422893479474152225814299859233937','2020-03-20 00:00:00',NULL),

(1239580139754639373,1,7,1,3133,'1204','评论内容：71434748674434285266424164739367639651714968686537','2020-03-20 00:00:00',NULL),

(1239580139754639374,2,9,8,3133,'1204','评论内容：98395739584733521555457736539234435856914566667458','2020-03-20 00:00:00',NULL),

(1239580139754639375,17,2,2,3134,'1201','评论内容：69155568667319537938871722131573328577317523726344','2020-03-20 00:00:00',NULL),

(1239580139754639376,35,4,4,3134,'1204','评论内容：47641353765381922976558687185756412176335188447521','2020-03-20 00:00:00',NULL),

(1239580139754639377,15,6,6,3139,'1201','评论内容：96228885891734443382757611485554961661815242678677','2020-03-20 00:00:00',NULL),

(1239580139754639378,5,4,4,3139,'1204','评论内容：87141579948561636764239596898994276937129439561612','2020-03-20 00:00:00',NULL),

(1239580139754639379,33,8,7,3139,'1204','评论内容：32777782419378881442678385991525197384581766823733','2020-03-20 00:00:00',NULL),

(1239580139754639380,6,9,8,3141,'1201','评论内容：38999325112256743965252499541479992162555818212223','2020-03-20 00:00:00',NULL),

(1239580139754639381,36,5,5,3141,'1204','评论内容：27558161154524891868766686857434333188296178969512','2020-03-20 00:00:00',NULL),

(1239580139754639382,15,4,4,3146,'1204','评论内容：89542616919145159886266491498961751319874871977677','2020-03-20 00:00:00',NULL),

(1239580139754639383,40,13,10,3147,'1204','评论内容：38124747739434883552753946868534214582843332638474','2020-03-20 00:00:00',NULL),

(1239580139754639384,10,9,8,3147,'1201','评论内容：34637227776883869378721898453928859587489999797645','2020-03-20 00:00:00',NULL),

(1239580139754639385,21,5,5,3147,'1203','评论内容：89541173675661348475493654835514545369988483431972','2020-03-20 00:00:00',NULL),

(1239580139754639386,22,4,4,3147,'1204','评论内容：88134591644922829766237239879219251817516843122312','2020-03-20 00:00:00',NULL),

(1239580139754639387,31,5,5,3147,'1204','评论内容：33165965693236713252226744685911245627342444923174','2020-03-20 00:00:00',NULL),

(1239580139754639388,25,12,10,3147,'1201','评论内容：46565967751321115812596414947834918597643425263135','2020-03-20 00:00:00',NULL),

(1239580139754639389,33,10,9,3147,'1204','评论内容：47264772634722847438794275638359265489955335166837','2020-03-20 00:00:00',NULL),

(1239580139754639390,6,5,5,3148,'1203','评论内容：69213228667415895429534777153588323372684932126199','2020-03-20 00:00:00',NULL),

(1239580139754639391,30,2,2,3148,'1201','评论内容：38961142759439338139614578792954711857437645385674','2020-03-20 00:00:00',NULL),

(1239580139754639392,31,4,4,3148,'1201','评论内容：18214793586243566911338154332514984762655254777615','2020-03-20 00:00:00',NULL),

(1239580139754639393,31,10,9,3151,'1204','评论内容：67791488131239946169478289446574728393172732747886','2020-03-20 00:00:00',NULL),

(1239580139863691265,40,2,2,3151,'1201','评论内容：23224564426643374938493321531129694291716725974195','2020-03-20 00:00:00',NULL),

(1239580139863691266,16,7,1,3151,'1201','评论内容：32844661633399122978282953188722849965872141512878','2020-03-20 00:00:00',NULL),

(1239580139863691267,23,2,2,3152,'1202','评论内容：66499329555748674368198353453455295726171892987177','2020-03-20 00:00:00',NULL),

(1239580139863691268,13,5,5,3152,'1204','评论内容：46331635888254162829476313478993139282854338444792','2020-03-20 00:00:00',NULL),

(1239580139863691269,34,3,3,3152,'1201','评论内容：41354665947514944749611487457314248723137857669398','2020-03-20 00:00:00',NULL),

(1239580139863691270,20,11,10,3152,'1204','评论内容：69542186893936274692337474394568316438185555895239','2020-03-20 00:00:00',NULL),

(1239580139863691271,9,5,5,3152,'1204','评论内容：16916787271621721692986611817453224911496952982532','2020-03-20 00:00:00',NULL),

(1239580139872079874,21,4,4,3152,'1201','评论内容：93886823265149252712784292238365799315965141226626','2020-03-20 00:00:00',NULL),

(1239580139872079875,40,13,10,3152,'1204','评论内容：92539479562344693212814914824433758924225218355116','2020-03-20 00:00:00',NULL),

(1239580139872079876,25,3,3,3152,'1204','评论内容：93639137775327698862343612935166297325978117761834','2020-03-20 00:00:00',NULL),

(1239580139872079877,19,7,1,3152,'1204','评论内容：95162941489512836355288558647148542855497735718283','2020-03-20 00:00:00',NULL),

(1239580139872079878,17,2,2,3152,'1204','评论内容：82687687635728867613685898421212432466847726731282','2020-03-20 00:00:00',NULL),

(1239580139872079879,23,9,8,3152,'1204','评论内容：71276633796628735996968931627482295394399743287178','2020-03-20 00:00:00',NULL),

(1239580139872079880,25,5,5,3152,'1204','评论内容：27181171898464974481121978847148693326463114345779','2020-03-20 00:00:00',NULL),

(1239580139872079881,37,8,7,3158,'1204','评论内容：45886497735716626135674682966774568917757947879599','2020-03-20 00:00:00',NULL),

(1239580139872079882,35,6,6,3158,'1202','评论内容：53381277573198552978136967483237259845533675464175','2020-03-20 00:00:00',NULL),

(1239580139872079883,16,6,6,3158,'1204','评论内容：18811124826388624943639359628743172117571924626812','2020-03-20 00:00:00',NULL),

(1239580139872079884,33,11,10,3160,'1204','评论内容：67235253566916322817526381814835478295632622336329','2020-03-20 00:00:00',NULL),

(1239580139872079885,10,1,1,3160,'1204','评论内容：82846455254516349141895338514624544799678234827372','2020-03-20 00:00:00',NULL),

(1239580139872079886,24,4,4,3160,'1204','评论内容：43194736778457554751274135653855826385852387741674','2020-03-20 00:00:00',NULL),

(1239580139872079887,10,2,2,3160,'1203','评论内容：92755351188758693244949978227961628885944234291855','2020-03-20 00:00:00',NULL),

(1239580139872079888,35,7,1,3160,'1204','评论内容：26738145879358894589699482612436178534661932457265','2020-03-20 00:00:00',NULL),

(1239580139872079889,5,13,10,3160,'1201','评论内容：34799135885383795881473172584688887216759166348284','2020-03-20 00:00:00',NULL),

(1239580139872079890,15,6,6,3161,'1204','评论内容：65278927798572786223469223885894976391312128654425','2020-03-20 00:00:00',NULL),

(1239580139872079891,4,5,5,3161,'1203','评论内容：55781918413793571263975566548645984386234461338826','2020-03-20 00:00:00',NULL),

(1239580139872079892,19,4,4,3161,'1204','评论内容：22583969588798688174623387135171789497711458748477','2020-03-20 00:00:00',NULL),

(1239580139872079893,8,8,7,3161,'1204','评论内容：22963885349359119952216619621164664532799554211774','2020-03-20 00:00:00',NULL),

(1239580139872079894,6,9,8,3162,'1201','评论内容：18383642746363135134219696678562891745724217378152','2020-03-20 00:00:00',NULL),

(1239580139872079895,17,7,1,3162,'1204','评论内容：39986342499958615827276977877646191185748335617438','2020-03-20 00:00:00',NULL),

(1239580139872079896,1,9,8,3162,'1204','评论内容：15829789144229383835375716637436895988848617969191','2020-03-20 00:00:00',NULL),

(1239580139872079897,12,5,5,3162,'1202','评论内容：41913223296589442664335583375762148779386516163136','2020-03-20 00:00:00',NULL),

(1239580139872079898,26,8,7,3164,'1201','评论内容：99593514578769249446168573145855844979262379785837','2020-03-20 00:00:00',NULL),

(1239580139872079899,19,6,6,3164,'1204','评论内容：64963552962722714892819935876988163459989294465158','2020-03-20 00:00:00',NULL),

(1239580139872079900,33,10,9,3164,'1203','评论内容：84175147293916132152221665533554718714528339537616','2020-03-20 00:00:00',NULL),

(1239580139872079901,40,11,10,3164,'1204','评论内容：76151785323377274574726723486846725284785572164649','2020-03-20 00:00:00',NULL),

(1239580139872079902,26,8,7,3164,'1203','评论内容：53836138794934911255792841465649788182763222585344','2020-03-20 00:00:00',NULL),

(1239580139872079903,7,1,1,3164,'1204','评论内容：61723787873329645955714222678939446298292721586194','2020-03-20 00:00:00',NULL),

(1239580139872079904,19,12,10,3165,'1204','评论内容：62235342128746142886963324287227858923592112374129','2020-03-20 00:00:00',NULL),

(1239580139872079905,36,2,2,3165,'1201','评论内容：43597232518639471824435852346699457191657783583585','2020-03-20 00:00:00',NULL),

(1239580139872079906,27,7,1,3165,'1201','评论内容：71864271572943431794645273149792852498927645826238','2020-03-20 00:00:00',NULL),

(1239580139872079907,32,7,1,3165,'1202','评论内容：57724775694554243366267953764758978261374779654356','2020-03-20 00:00:00',NULL),

(1239580139872079908,6,1,1,3165,'1202','评论内容：18457272256445118942869821472627148254394133728724','2020-03-20 00:00:00',NULL),

(1239580139872079909,3,10,9,3165,'1204','评论内容：19818679272645424549638249949594332651146731787317','2020-03-20 00:00:00',NULL),

(1239580139872079910,2,11,10,3167,'1204','评论内容：69824256963852548321581526289956456981977313176331','2020-03-20 00:00:00',NULL),

(1239580139872079911,8,12,10,3167,'1204','评论内容：93396571733824486358569562174872718775476584132597','2020-03-20 00:00:00',NULL),

(1239580139872079912,33,7,1,3167,'1202','评论内容：38633885276264686368351858453362181962762445257359','2020-03-20 00:00:00',NULL),

(1239580139872079913,13,6,6,3167,'1204','评论内容：95543932535948485899865795813622925742731256837647','2020-03-20 00:00:00',NULL),

(1239580139872079914,32,1,1,3167,'1204','评论内容：49191586377158792827613536584946418663641194339519','2020-03-20 00:00:00',NULL),

(1239580139872079915,40,13,10,3167,'1204','评论内容：16718283762519943623226112274223683856893283214179','2020-03-20 00:00:00',NULL),

(1239580139872079916,15,5,5,3168,'1204','评论内容：41121123474771265279555861848461375256561783554489','2020-03-20 00:00:00',NULL),

(1239580139872079917,10,5,5,3170,'1201','评论内容：56674285813281738547212415411468249789927668755416','2020-03-20 00:00:00',NULL),

(1239580139872079918,25,4,4,3170,'1204','评论内容：63845967299271881135869829688784154172333285857299','2020-03-20 00:00:00',NULL),

(1239580139872079919,7,12,10,3170,'1204','评论内容：37468398278555191257588269781554978349528918868522','2020-03-20 00:00:00',NULL),

(1239580139872079920,13,9,8,3170,'1204','评论内容：62318649414919636132475523946212571223674167178879','2020-03-20 00:00:00',NULL),

(1239580139872079921,40,6,6,3170,'1204','评论内容：47334196122777742637853841927285633128119565323731','2020-03-20 00:00:00',NULL),

(1239580139872079922,27,11,10,3170,'1204','评论内容：53426671432498384816887361728949223574393962187897','2020-03-20 00:00:00',NULL),

(1239580139872079923,19,6,6,3170,'1203','评论内容：25719635921575316154222333279713446196296558493675','2020-03-20 00:00:00',NULL),

(1239580139872079924,34,1,1,3171,'1204','评论内容：42575384321361983295791856566456477181843718165774','2020-03-20 00:00:00',NULL),

(1239580139872079925,25,10,9,3171,'1202','评论内容：87457212737726391915992467133887579449356242153316','2020-03-20 00:00:00',NULL),

(1239580139872079926,4,5,5,3171,'1204','评论内容：23695869963451288928826396648256741926438199129698','2020-03-20 00:00:00',NULL),

(1239580139872079927,23,11,10,3171,'1202','评论内容：63834684127968375814432355483483619969641234412594','2020-03-20 00:00:00',NULL),

(1239580139872079928,26,2,2,3171,'1203','评论内容：53355515855741176865784337334925962195852426759645','2020-03-20 00:00:00',NULL),

(1239580139872079929,17,6,6,3171,'1203','评论内容：86413555738862919496875751124588314339385952678634','2020-03-20 00:00:00',NULL),

(1239580139872079930,37,4,4,3171,'1204','评论内容：72658679321245945485834289781178375611445852454496','2020-03-20 00:00:00',NULL),

(1239580139872079931,25,7,1,3171,'1201','评论内容：78442132229987812566754737122313232114822456269598','2020-03-20 00:00:00',NULL),

(1239580139872079932,14,9,8,3171,'1204','评论内容：15174588432953964233597785943526934224718727894959','2020-03-20 00:00:00',NULL),

(1239580139872079933,17,3,3,3171,'1202','评论内容：68774853855959798555437632125311831635279283661242','2020-03-20 00:00:00',NULL),

(1239580139872079934,31,7,1,3171,'1204','评论内容：71658377491471654356859996494632692537428925522122','2020-03-20 00:00:00',NULL),

(1239580139880468482,13,4,4,3173,'1204','评论内容：53482931284919178257154312539554858781315318947162','2020-03-20 00:00:00',NULL),

(1239580139880468483,12,11,10,3173,'1204','评论内容：16231129238862635976785585759859389274224395356116','2020-03-20 00:00:00',NULL),

(1239580139880468484,38,11,10,3173,'1201','评论内容：76129968522287668527518536886778332798445764162852','2020-03-20 00:00:00',NULL),

(1239580139880468485,40,4,4,3174,'1203','评论内容：41739877436179936188462492482822853175161616746134','2020-03-20 00:00:00',NULL),

(1239580139880468486,28,5,5,3174,'1204','评论内容：46541447467677277438963938756924576342573666443212','2020-03-20 00:00:00',NULL),

(1239580139880468487,16,13,10,3174,'1201','评论内容：83337835533776642262541135798396663851126257887654','2020-03-20 00:00:00',NULL),

(1239580139880468488,12,9,8,3174,'1204','评论内容：42381885294652156577466727984414886133256476753224','2020-03-20 00:00:00',NULL),

(1239580139880468489,18,6,6,3174,'1204','评论内容：28965925387229644928688374742449294316385338568651','2020-03-20 00:00:00',NULL),

(1239580139880468490,32,9,8,3176,'1204','评论内容：16196171241276692339272554334224345213948216144384','2020-03-20 00:00:00',NULL),

(1239580139880468491,16,4,4,3176,'1201','评论内容：42599257665382494535487841394174196578372777192347','2020-03-20 00:00:00',NULL),

(1239580139880468492,9,5,5,3176,'1204','评论内容：85191398942154578682749388287418836234383926341165','2020-03-20 00:00:00',NULL),

(1239580139880468493,18,9,8,3176,'1201','评论内容：91715725196387115977941751618487467977475497369175','2020-03-20 00:00:00',NULL),

(1239580139880468494,22,13,10,3176,'1204','评论内容：96545661612542823924361711816241272279356982298655','2020-03-20 00:00:00',NULL),

(1239580139880468495,13,11,10,3176,'1204','评论内容：71988642492469956593526993523981669687577891934277','2020-03-20 00:00:00',NULL),

(1239580139880468496,38,3,3,3176,'1204','评论内容：66927517314794624286757328757763959656567562537551','2020-03-20 00:00:00',NULL),

(1239580139880468497,21,6,6,3176,'1203','评论内容：91248528177827437116758585819953782583869483723674','2020-03-20 00:00:00',NULL),

(1239580139880468498,33,7,1,3176,'1204','评论内容：99886396375165153821426412585517431772177765948982','2020-03-20 00:00:00',NULL),

(1239580139880468499,27,4,4,3180,'1203','评论内容：86554329651957338726455414633561826645816857271242','2020-03-20 00:00:00',NULL),

(1239580139880468500,2,1,1,3180,'1204','评论内容：47482528372135417298121159933444397741273947929349','2020-03-20 00:00:00',NULL),

(1239580139880468501,4,4,4,3182,'1204','评论内容：38777737288353162964612916859246562486822753986827','2020-03-20 00:00:00',NULL),

(1239580139880468502,33,1,1,3184,'1204','评论内容：46384934263169818224568467436296932688631671522326','2020-03-20 00:00:00',NULL),

(1239580139880468503,32,9,8,3185,'1201','评论内容：97229466862655387164763375887536114581458811389835','2020-03-20 00:00:00',NULL),

(1239580139880468504,24,2,2,3185,'1201','评论内容：56152872132258111935531878875955236941414966711962','2020-03-20 00:00:00',NULL),

(1239581381805551618,25,2,2,3040,'1203','评论内容：65642858245433156591813196715437861812783592568634','2020-03-20 00:00:00',NULL),

(1239581381805551619,21,9,8,3040,'1204','评论内容：59883369886862629173576498832474559986616915541762','2020-03-20 00:00:00',NULL),

(1239581381805551620,28,3,3,3040,'1202','评论内容：62241636576687272347424244366666576639773858433238','2020-03-20 00:00:00',NULL),

(1239581381805551621,12,10,9,3040,'1201','评论内容：75818736816376624818317525236388888945792354924633','2020-03-20 00:00:00',NULL),

(1239581381805551622,31,2,2,3052,'1204','评论内容：73991652655912428218387731718494451246755537478767','2020-03-20 00:00:00',NULL),

(1239581381813940226,1,7,1,3052,'1204','评论内容：51366427563786958572227546377614712986832267656322','2020-03-20 00:00:00',NULL),

(1239581381813940227,11,10,9,3061,'1201','评论内容：47759228871248618984795934834372495858367476229386','2020-03-20 00:00:00',NULL),

(1239581381813940228,9,2,2,3064,'1201','评论内容：63479239689511435295234591479786275517216389842517','2020-03-20 00:00:00',NULL),

(1239581381813940229,15,9,8,3064,'1204','评论内容：62349638851657573314761533984121128593934551858281','2020-03-20 00:00:00',NULL),

(1239581381813940230,27,3,3,3064,'1201','评论内容：77318743297562911216571297183815977917753318776755','2020-03-20 00:00:00',NULL),

(1239581381813940231,10,10,9,3064,'1201','评论内容：29771177891667732958246814639232822497913218551348','2020-03-20 00:00:00',NULL),

(1239581381813940232,37,11,10,3064,'1204','评论内容：11145691691283762131546944485445746529465548268691','2020-03-20 00:00:00',NULL),

(1239581381813940233,33,10,9,3064,'1204','评论内容：86773631349834289131192679174176676283183297943329','2020-03-20 00:00:00',NULL),

(1239581381813940234,32,2,2,3064,'1204','评论内容：13844988713821925793754458412858316252691385335961','2020-03-20 00:00:00',NULL),

(1239581381813940235,10,9,8,3068,'1204','评论内容：85919778934612647494652667291798768216977974482872','2020-03-20 00:00:00',NULL),

(1239581381813940236,12,4,4,3068,'1201','评论内容：71883422298719472649955357435511337325696262574449','2020-03-20 00:00:00',NULL),

(1239581381813940237,4,2,2,3080,'1204','评论内容：22132556698792629791542726445161259814767764292163','2020-03-20 00:00:00',NULL),

(1239581381813940238,10,9,8,3080,'1204','评论内容：47195914234628651356148338755262573551798397295348','2020-03-20 00:00:00',NULL),

(1239581381813940239,19,7,1,3080,'1201','评论内容：99474258717912831256514163663881733528798294465486','2020-03-20 00:00:00',NULL),

(1239581381813940240,9,9,8,3080,'1204','评论内容：51689665377671715597651225429892647161866125819188','2020-03-20 00:00:00',NULL),

(1239581381813940241,2,2,2,3080,'1203','评论内容：31334364339342244461567476568217176339733685573786','2020-03-20 00:00:00',NULL),

(1239581381813940242,10,2,2,3080,'1204','评论内容：38462616831583929677618689249663873336685252855555','2020-03-20 00:00:00',NULL),

(1239581381813940243,39,1,1,3080,'1201','评论内容：44981416441749788554513961781584739416455895234593','2020-03-20 00:00:00',NULL),

(1239581381813940244,39,6,6,3084,'1201','评论内容：31228125438188944158431247274191985535449919897142','2020-03-20 00:00:00',NULL),

(1239581381813940245,2,4,4,3084,'1202','评论内容：27345374832776865155948511553387185339345768236279','2020-03-20 00:00:00',NULL),

(1239581381813940246,24,1,1,3084,'1201','评论内容：42427281265567365645563244283252781814175958247726','2020-03-20 00:00:00',NULL),

(1239581381813940247,17,10,9,3089,'1204','评论内容：59627653641125233898977695289224882319881188253825','2020-03-20 00:00:00',NULL),

(1239581381813940248,13,7,1,3089,'1204','评论内容：41241741653224842518914617375681459716668391657992','2020-03-20 00:00:00',NULL),

(1239581381813940249,8,10,9,3089,'1203','评论内容：27865653344589373774765898812891157147989356629959','2020-03-20 00:00:00',NULL),

(1239581381813940250,10,1,1,3089,'1201','评论内容：18451489645516713197195597179156969846857582715361','2020-03-20 00:00:00',NULL),

(1239581381813940251,25,7,1,3089,'1203','评论内容：74934447332496352998814964496333596237559326293251','2020-03-20 00:00:00',NULL),

(1239581381813940252,37,7,1,3089,'1204','评论内容：64575543134379445223174682976831754228241212137267','2020-03-20 00:00:00',NULL),

(1239581381813940253,22,9,8,3093,'1203','评论内容：26136317569269799161445572841173149948372877444983','2020-03-20 00:00:00',NULL),

(1239581381813940254,14,11,10,3093,'1201','评论内容：11837363323783648173196382242873482847348257411145','2020-03-20 00:00:00',NULL),

(1239581381822328833,2,4,4,3093,'1204','评论内容：35663265454881572832943891973288633648352339829396','2020-03-20 00:00:00',NULL),

(1239581381822328834,39,10,9,3093,'1201','评论内容：66459412572289113344117932921975338659661118258829','2020-03-20 00:00:00',NULL),

(1239581381822328835,24,2,2,3093,'1202','评论内容：97766869687856389161534167616548989238469726941975','2020-03-20 00:00:00',NULL),

(1239581381822328836,39,7,1,3093,'1201','评论内容：33129967289378181458754222595652445391522197514877','2020-03-20 00:00:00',NULL),

(1239581381822328837,14,7,1,3096,'1204','评论内容：31742758753289146421997623651948798876585915839347','2020-03-20 00:00:00',NULL),

(1239581381822328838,19,9,8,3096,'1204','评论内容：75411744274874694513975427646573993152143766921129','2020-03-20 00:00:00',NULL),

(1239581381822328839,14,2,2,3096,'1204','评论内容：67262235647653469541772552431745892778253955248117','2020-03-20 00:00:00',NULL),

(1239581381822328840,1,3,3,3096,'1204','评论内容：37811578531332174171861735851378751663612339916149','2020-03-20 00:00:00',NULL),

(1239581381822328841,32,2,2,3096,'1204','评论内容：21761999274168842942265434835864666296283338416892','2020-03-20 00:00:00',NULL),

(1239581381822328842,33,12,10,3096,'1204','评论内容：43751116428136127168175716621234987717277583671315','2020-03-20 00:00:00',NULL),

(1239581381822328843,38,7,1,3096,'1201','评论内容：44719987417872673115565786359897626347399547536659','2020-03-20 00:00:00',NULL),

(1239581381822328844,24,10,9,3101,'1204','评论内容：72421573552834765669691415727788869178296773676128','2020-03-20 00:00:00',NULL),

(1239581381822328845,5,6,6,3101,'1204','评论内容：46672357177795585573996862163442419328876799479137','2020-03-20 00:00:00',NULL),

(1239581381822328846,23,6,6,3101,'1201','评论内容：58713281713864931111455649188385172563371625322223','2020-03-20 00:00:00',NULL),

(1239581381822328847,33,10,9,3101,'1204','评论内容：99723444271388785329456146397434162856381365636119','2020-03-20 00:00:00',NULL),

(1239581381822328848,6,8,7,3110,'1204','评论内容：95292922479757288624679261568289863323614218351645','2020-03-20 00:00:00',NULL),

(1239581381822328849,6,6,6,3111,'1204','评论内容：54898681129282462323114383844765114964575245814625','2020-03-20 00:00:00',NULL),

(1239581381822328850,9,5,5,3122,'1203','评论内容：47982949183588679896549729154436132638152511992561','2020-03-20 00:00:00',NULL),

(1239581381822328851,6,4,4,3126,'1204','评论内容：28999561554141528345629517763661665292844257637817','2020-03-20 00:00:00',NULL),

(1239581381822328852,3,7,1,3126,'1202','评论内容：91752541582736527826467119198567673387168834577197','2020-03-20 00:00:00',NULL),

(1239581381822328853,34,10,9,3127,'1204','评论内容：64255517381315518981147815199786165652252517265849','2020-03-20 00:00:00',NULL),

(1239581381822328854,20,5,5,3127,'1204','评论内容：42595114781652742686164555841128351913668755968974','2020-03-20 00:00:00',NULL),

(1239581381822328855,20,11,10,3127,'1201','评论内容：75242783312979635185266198985148832155835386859227','2020-03-20 00:00:00',NULL),

(1239581381822328856,21,2,2,3127,'1201','评论内容：42888689184961992343623133228925526746688223899117','2020-03-20 00:00:00',NULL),

(1239581381822328857,26,6,6,3127,'1204','评论内容：23111515739382197168266479999465991492814182821762','2020-03-20 00:00:00',NULL),

(1239581381822328858,13,6,6,3128,'1201','评论内容：21269326345721649751824854285882641831614451332241','2020-03-20 00:00:00',NULL),

(1239581381822328859,27,1,1,3128,'1203','评论内容：41548689543824734515646845328571715422995652284271','2020-03-20 00:00:00',NULL),

(1239581381822328860,23,13,10,3128,'1204','评论内容：79761468357623668635792832797591916669163131861834','2020-03-20 00:00:00',NULL),

(1239581381822328861,32,6,6,3130,'1204','评论内容：82712426441818413779212215289787689862843252324477','2020-03-20 00:00:00',NULL),

(1239581381822328862,22,8,7,3132,'1204','评论内容：92292752331325824481696312821141674426948561813725','2020-03-20 00:00:00',NULL),

(1239581381822328863,10,13,10,3132,'1203','评论内容：57489696412864471393653179169523579283157823863355','2020-03-20 00:00:00',NULL),

(1239581381822328864,34,11,10,3132,'1204','评论内容：32142857888761845835433997265961923445552155592613','2020-03-20 00:00:00',NULL),

(1239581381822328865,11,4,4,3133,'1201','评论内容：77671366914957866266342957421482861198449661951924','2020-03-20 00:00:00',NULL),

(1239581381822328866,32,13,10,3133,'1204','评论内容：55564363956843179386995837449251181418935964938136','2020-03-20 00:00:00',NULL),

(1239581381822328867,9,7,1,3133,'1202','评论内容：69547866272362199619681325178622498424863698813774','2020-03-20 00:00:00',NULL),

(1239581381822328868,36,9,8,3133,'1201','评论内容：36481821536125315718371916528664192137287879133381','2020-03-20 00:00:00',NULL),

(1239581381822328869,34,2,2,3134,'1202','评论内容：93711597389736359486336976564341847557363385183319','2020-03-20 00:00:00',NULL),

(1239581381822328870,18,4,4,3134,'1201','评论内容：28326194885368779511918194618344445429422227299981','2020-03-20 00:00:00',NULL),

(1239581381822328871,13,6,6,3139,'1204','评论内容：69215544126456899697344957359385581481591554629361','2020-03-20 00:00:00',NULL),

(1239581381822328872,11,4,4,3139,'1204','评论内容：94598223559915479224567344826532915299896825292533','2020-03-20 00:00:00',NULL),

(1239581381822328873,12,8,7,3139,'1204','评论内容：33148797595787914325527463567873578943212463382384','2020-03-20 00:00:00',NULL),

(1239581381822328874,24,9,8,3141,'1204','评论内容：52345142984825361841914418395414783778147737593872','2020-03-20 00:00:00',NULL),

(1239581381822328875,40,5,5,3141,'1202','评论内容：68348734419445947866656417327554139353524721282721','2020-03-20 00:00:00',NULL),

(1239581381822328876,15,4,4,3146,'1203','评论内容：25644736119813963278972692971112947921142738632765','2020-03-20 00:00:00',NULL),

(1239581381822328877,40,13,10,3147,'1204','评论内容：11998259641821421529799285925841923216217159772597','2020-03-20 00:00:00',NULL),

(1239581381822328878,20,9,8,3147,'1204','评论内容：12547815346671179355273786128637457287815988624213','2020-03-20 00:00:00',NULL),

(1239581381822328879,5,5,5,3147,'1201','评论内容：44239164949655811373949519719893938434741285485251','2020-03-20 00:00:00',NULL),

(1239581381822328880,37,4,4,3147,'1204','评论内容：33454996581153881123159621687369634248682926413156','2020-03-20 00:00:00',NULL),

(1239581381822328881,13,5,5,3147,'1201','评论内容：83343924664479496663287549786216547665334468465717','2020-03-20 00:00:00',NULL),

(1239581381822328882,20,12,10,3147,'1203','评论内容：47852599236943323967427979562239229518417793753319','2020-03-20 00:00:00',NULL),

(1239581381822328883,12,10,9,3147,'1201','评论内容：51465244384429655818422152535135357791923345424476','2020-03-20 00:00:00',NULL),

(1239581381822328884,31,5,5,3148,'1201','评论内容：86536593192864217729929666415649844393598898499442','2020-03-20 00:00:00',NULL),

(1239581381822328885,28,2,2,3148,'1202','评论内容：81783981742861316757681155471259129586368511726294','2020-03-20 00:00:00',NULL),

(1239581381822328886,15,4,4,3148,'1204','评论内容：34995621643271524936698783221152112349864724251237','2020-03-20 00:00:00',NULL),

(1239581381830717441,27,2,2,3149,'1204','评论内容：83362119141399892563896317218627617532162974494122','2020-03-20 00:00:00',NULL),

(1239581381830717442,26,3,3,3149,'1204','评论内容：22113278219248227635174795121188682739367927518624','2020-03-20 00:00:00',NULL),

(1239581381830717443,19,2,2,3149,'1204','评论内容：55355263419996955433578923885937952293138244389694','2020-03-20 00:00:00',NULL),

(1239581381830717444,33,12,10,3149,'1204','评论内容：82825852468764246274812587687782868864696289856959','2020-03-20 00:00:00',NULL),

(1239581381830717445,38,1,1,3149,'1204','评论内容：35529287387762812518315467366985716339276218835463','2020-03-20 00:00:00',NULL),

(1239581381830717446,31,7,1,3149,'1203','评论内容：68834232115897649291624459242369981441467861983641','2020-03-20 00:00:00',NULL),

(1239581381830717447,3,5,5,3149,'1201','评论内容：68111319133435227553253891648592298687642298131688','2020-03-20 00:00:00',NULL),

(1239581381830717448,26,11,10,3149,'1201','评论内容：61686727987947499466777225797313754256497918484453','2020-03-20 00:00:00',NULL),

(1239581381830717449,39,7,1,3149,'1203','评论内容：89998769334838538497713567724116979127521356599831','2020-03-20 00:00:00',NULL),

(1239581381830717450,14,3,3,3149,'1204','评论内容：74736358629621396625156511953985579396249533166533','2020-03-20 00:00:00',NULL),

(1239581381830717451,32,10,9,3151,'1204','评论内容：14227119518674122428794167411493271183927923519948','2020-03-20 00:00:00',NULL),

(1239581381830717452,40,2,2,3151,'1204','评论内容：63965669571715348927654428724944964326856799841981','2020-03-20 00:00:00',NULL),

(1239581381830717453,1,7,1,3151,'1204','评论内容：87121393518746628928619686829266957577694785944298','2020-03-20 00:00:00',NULL),

(1239581381973323777,11,2,2,3152,'1204','评论内容：82278587247584796352284718689996243429359251596746','2020-03-20 00:00:00',NULL),

(1239581381973323778,24,5,5,3152,'1204','评论内容：85823774893599481185128135991825289824897488839415','2020-03-20 00:00:00',NULL),

(1239581381973323779,33,3,3,3152,'1203','评论内容：47922179362982681797888152422355961526414997147473','2020-03-20 00:00:00',NULL),

(1239581381973323780,24,11,10,3152,'1204','评论内容：63583862556926231739379457379534143944513633115869','2020-03-20 00:00:00',NULL),

(1239581381973323781,3,5,5,3152,'1201','评论内容：59184955685241342725458144468177293559481872524242','2020-03-20 00:00:00',NULL),

(1239581381973323782,29,4,4,3152,'1201','评论内容：47427521166695884978253747129685467915893951265682','2020-03-20 00:00:00',NULL),

(1239581381973323783,10,13,10,3152,'1201','评论内容：73344267956977242988954617895837836399111355754943','2020-03-20 00:00:00',NULL),

(1239581381973323784,40,3,3,3152,'1204','评论内容：31217594425816215655773211359592274934237655923214','2020-03-20 00:00:00',NULL),

(1239581381973323785,10,7,1,3152,'1204','评论内容：29538399448224112552796583495673347834491626164875','2020-03-20 00:00:00',NULL),

(1239581381973323786,32,2,2,3152,'1201','评论内容：29519388927354236871582446534467334163246782397446','2020-03-20 00:00:00',NULL),

(1239581381973323787,33,9,8,3152,'1201','评论内容：69116155294563622792843836831899777541924266539551','2020-03-20 00:00:00',NULL),

(1239581381973323788,19,5,5,3152,'1204','评论内容：89586893418443148563267176769752242678555234293141','2020-03-20 00:00:00',NULL),

(1239581381973323789,33,13,10,3154,'1201','评论内容：54489467645284125621759565973735468182816387454549','2020-03-20 00:00:00',NULL),

(1239581381973323790,30,6,6,3154,'1201','评论内容：15972813697811513746584692456264262291656156167643','2020-03-20 00:00:00',NULL),

(1239581381973323791,1,7,1,3154,'1204','评论内容：66812927756315229495115516273812229857498791455714','2020-03-20 00:00:00',NULL),

(1239581381973323792,20,8,7,3158,'1204','评论内容：95431616339557791778773864281252178257868688539862','2020-03-20 00:00:00',NULL),

(1239581381973323793,35,6,6,3158,'1203','评论内容：84681569273695256783747737266934491665217753898421','2020-03-20 00:00:00',NULL),

(1239581381973323794,31,6,6,3158,'1201','评论内容：73649663844486815446329211693752552933244739329589','2020-03-20 00:00:00',NULL),

(1239581381973323795,38,11,10,3160,'1204','评论内容：65823236689188481648665236436794848993892433137144','2020-03-20 00:00:00',NULL),

(1239581381973323796,11,1,1,3160,'1201','评论内容：33996583586796464218411818514563673774348849129285','2020-03-20 00:00:00',NULL),

(1239581381973323797,27,4,4,3160,'1202','评论内容：72355219754868551428361341488447973336715413485855','2020-03-20 00:00:00',NULL),

(1239581381973323798,9,2,2,3160,'1204','评论内容：99394278216371568732791226133919582434314577548362','2020-03-20 00:00:00',NULL),

(1239581381973323799,8,7,1,3160,'1204','评论内容：78628949382334297131478278839625964286117474753123','2020-03-20 00:00:00',NULL),

(1239581381973323800,31,13,10,3160,'1201','评论内容：49998816811853434499272485112669352913286431766447','2020-03-20 00:00:00',NULL),

(1239581381973323801,26,6,6,3161,'1203','评论内容：77497585412851761345478237361866924345885423414868','2020-03-20 00:00:00',NULL),

(1239581381973323802,39,5,5,3161,'1204','评论内容：15655557452924249533412928315349911436663347631741','2020-03-20 00:00:00',NULL),

(1239581381973323803,3,4,4,3161,'1202','评论内容：43861628366634687932573238347984558896164678569257','2020-03-20 00:00:00',NULL),

(1239581381973323804,37,8,7,3161,'1204','评论内容：62266589962876148565657884837766233734226232844274','2020-03-20 00:00:00',NULL),

(1239581381981712385,27,9,8,3162,'1204','评论内容：79543811219425873529616836491456692825116652598637','2020-03-20 00:00:00',NULL),

(1239581381981712386,24,7,1,3162,'1204','评论内容：98816847587667681725966237688135138656711291374995','2020-03-20 00:00:00',NULL),

(1239581381981712387,38,9,8,3162,'1204','评论内容：93549764923677256723887752299665274415425118651743','2020-03-20 00:00:00',NULL),

(1239581381981712388,21,5,5,3162,'1204','评论内容：43943366143363811386554687155249984151429593713989','2020-03-20 00:00:00',NULL),

(1239581381981712389,26,8,7,3164,'1203','评论内容：77632281551586449475726397997361429866176821833485','2020-03-20 00:00:00',NULL),

(1239581381981712390,35,6,6,3164,'1204','评论内容：89674983874393383698243943769815585622824149883351','2020-03-20 00:00:00',NULL),

(1239581381981712391,19,10,9,3164,'1204','评论内容：42286725761358872627876111128824766581728591137724','2020-03-20 00:00:00',NULL),

(1239581381981712392,39,11,10,3164,'1204','评论内容：93492264783485511835373721373218539344526765162657','2020-03-20 00:00:00',NULL),

(1239581381981712393,21,8,7,3164,'1203','评论内容：96215641127897863941948259836953716958785571365878','2020-03-20 00:00:00',NULL),

(1239581381981712394,1,1,1,3164,'1201','评论内容：14587145494165229659932741236683385431152655977643','2020-03-20 00:00:00',NULL),

(1239581381981712395,37,12,10,3165,'1201','评论内容：82531956252874124675828134916198259686765112859499','2020-03-20 00:00:00',NULL),

(1239581381981712396,30,2,2,3165,'1202','评论内容：69194932617881372562489855725261682926234416383822','2020-03-20 00:00:00',NULL),

(1239581381981712397,8,7,1,3165,'1201','评论内容：47672397594798891655831934552298519596524229521334','2020-03-20 00:00:00',NULL),

(1239581381981712398,1,7,1,3165,'1202','评论内容：88665198366144979617313637244962724276438692186991','2020-03-20 00:00:00',NULL),

(1239581381981712399,20,1,1,3165,'1201','评论内容：38356622742428865127952682264897885464436483399432','2020-03-20 00:00:00',NULL),

(1239581381981712400,32,10,9,3165,'1204','评论内容：11733985561199588661215662642433965985442968273267','2020-03-20 00:00:00',NULL),

(1239581381981712401,6,11,10,3167,'1204','评论内容：55966123853881916894942943412136181375175569571446','2020-03-20 00:00:00',NULL),

(1239581381981712402,20,12,10,3167,'1204','评论内容：79954715778737187829862949312937346866493645557998','2020-03-20 00:00:00',NULL),

(1239581381981712403,32,7,1,3167,'1204','评论内容：82978356585729169829991695555687476849346625698873','2020-03-20 00:00:00',NULL),

(1239581381981712404,27,6,6,3167,'1204','评论内容：41212517377787367212857973357766943211468491493795','2020-03-20 00:00:00',NULL),

(1239581381981712405,15,1,1,3167,'1201','评论内容：45789126342133898644531172111129161297149551544493','2020-03-20 00:00:00',NULL),

(1239581381981712406,27,13,10,3167,'1201','评论内容：43299475273321998416428833947899928679714489311462','2020-03-20 00:00:00',NULL),

(1239581381981712407,26,5,5,3168,'1202','评论内容：26473748374451315121754611995992654672519571612235','2020-03-20 00:00:00',NULL),

(1239581381981712408,21,5,5,3170,'1201','评论内容：49482665665665115488429951618729492229617587128615','2020-03-20 00:00:00',NULL),

(1239581381981712409,24,4,4,3170,'1204','评论内容：24894167967528894335713469888488924632526694738213','2020-03-20 00:00:00',NULL),

(1239581381981712410,32,12,10,3170,'1204','评论内容：21223885158575574429654428178854515641818518789525','2020-03-20 00:00:00',NULL),

(1239581381981712411,15,9,8,3170,'1204','评论内容：13318128633344659117393215886714822523437665851595','2020-03-20 00:00:00',NULL),

(1239581381981712412,29,6,6,3170,'1204','评论内容：25273156469789654865657945578831357667644294476272','2020-03-20 00:00:00',NULL),

(1239581381981712413,37,11,10,3170,'1204','评论内容：62646492523122729998954389518111249379726771782218','2020-03-20 00:00:00',NULL),

(1239581381981712414,37,6,6,3170,'1203','评论内容：14775917111479573854368952283525552696479262814865','2020-03-20 00:00:00',NULL),

(1239581381981712415,9,1,1,3171,'1201','评论内容：33826674992422458574694794741448664589986993166415','2020-03-20 00:00:00',NULL),

(1239581381981712416,7,10,9,3171,'1204','评论内容：26841219932125826121864682887695178311734412395851','2020-03-20 00:00:00',NULL),

(1239581381981712417,39,5,5,3171,'1204','评论内容：64193563513625824688749948981959867113497259582619','2020-03-20 00:00:00',NULL),

(1239581381981712418,28,11,10,3171,'1201','评论内容：98315371798431486397668573111381161739942491572573','2020-03-20 00:00:00',NULL),

(1239581381981712419,36,2,2,3171,'1201','评论内容：66334789483291553198637948247759523312121842963585','2020-03-20 00:00:00',NULL),

(1239581381981712420,21,6,6,3171,'1201','评论内容：78447374419727744569598551996246998178713614932459','2020-03-20 00:00:00',NULL),

(1239581381981712421,36,4,4,3171,'1204','评论内容：21281398746334236728343147893344968959515764245942','2020-03-20 00:00:00',NULL),

(1239581381981712422,16,7,1,3171,'1204','评论内容：36866773842386472133899542937955355253259614548759','2020-03-20 00:00:00',NULL),

(1239581381981712423,28,9,8,3171,'1203','评论内容：32812882255497585922764386155468124948231924612257','2020-03-20 00:00:00',NULL),

(1239581381981712424,29,3,3,3171,'1204','评论内容：83475599628333833756926166434371327635871295532585','2020-03-20 00:00:00',NULL),

(1239581381981712425,5,7,1,3171,'1201','评论内容：71638736326772516849582669771729948622857174395994','2020-03-20 00:00:00',NULL),

(1239581381981712426,31,4,4,3173,'1201','评论内容：39392987682187118132649542294155347327327455722746','2020-03-20 00:00:00',NULL),

(1239581381981712427,7,11,10,3173,'1201','评论内容：93278385991754443543798738496812111267278119339541','2020-03-20 00:00:00',NULL),

(1239581381981712428,2,11,10,3173,'1201','评论内容：64773223613458842453624554483519215547839645351965','2020-03-20 00:00:00',NULL),

(1239581381981712429,25,4,4,3175,'1204','评论内容：89974416221192559551113741292447987484477372774524','2020-03-20 00:00:00',NULL),

(1239581381981712430,2,9,8,3176,'1201','评论内容：35754469119641724479823828451224735956668379594339','2020-03-20 00:00:00',NULL),

(1239581381981712431,25,4,4,3176,'1204','评论内容：43695339386532513152385736382162376765882694246982','2020-03-20 00:00:00',NULL),

(1239581381981712432,37,5,5,3176,'1204','评论内容：49694143611347373956623124982185696662399143393616','2020-03-20 00:00:00',NULL),

(1239581381981712433,9,9,8,3176,'1204','评论内容：43832748281853434497548441239525559981424458358895','2020-03-20 00:00:00',NULL),

(1239581381981712434,37,13,10,3176,'1202','评论内容：63734841711561932132547269447267399139745112675919','2020-03-20 00:00:00',NULL),

(1239581381981712435,35,11,10,3176,'1201','评论内容：87686886552989176155538733264881829874451966881961','2020-03-20 00:00:00',NULL),

(1239581381981712436,20,3,3,3176,'1202','评论内容：31965888994451621836914594928555733941599745831464','2020-03-20 00:00:00',NULL),

(1239581381981712437,26,6,6,3176,'1201','评论内容：61189686418696564623813322218199426444923783791319','2020-03-20 00:00:00',NULL),

(1239581381981712438,2,7,1,3176,'1202','评论内容：24251573853464579895583259361466927916553951781717','2020-03-20 00:00:00',NULL),

(1239581381981712439,31,4,4,3181,'1201','评论内容：13742287537357635277651799271412122622761485711319','2020-03-20 00:00:00',NULL),

(1239581381981712440,17,2,2,3181,'1204','评论内容：83143695351887246987586465456664554775947813456513','2020-03-20 00:00:00',NULL),

(1239581381981712441,34,9,8,3181,'1203','评论内容：27229841295531593736175218665976565378529359752777','2020-03-20 00:00:00',NULL),

(1239581381981712442,7,3,3,3181,'1201','评论内容：43756447857475672733658913643774784161646199149972','2020-03-20 00:00:00',NULL),

(1239581381981712443,16,12,10,3181,'1201','评论内容：71812515686925793693276359317397889947454188725747','2020-03-20 00:00:00',NULL),

(1239581381990100994,39,6,6,3186,'1204','评论内容：73823324148268263975125789359439775529243666229643','2020-03-20 00:00:00',NULL),

(1239581381990100995,12,5,5,3186,'1201','评论内容：81442933723337962993986298949333936988614238716257','2020-03-20 00:00:00',NULL),

(1239581381990100996,12,6,6,3186,'1204','评论内容：68796585131351292625675735918785457285714949434915','2020-03-20 00:00:00',NULL),

(1239581381990100997,34,8,7,3186,'1201','评论内容：33888171726498132273933663573894221667248566565988','2020-03-20 00:00:00',NULL),

(1239581381990100998,1,4,4,3187,'1201','评论内容：67587744551556715616978649865813374673781811932991','2020-03-20 00:00:00',NULL),

(1239581381990100999,39,5,5,3187,'1204','评论内容：88523788167766185624455965386697943957737617899936','2020-03-20 00:00:00',NULL),

(1239581381990101000,23,12,10,3187,'1201','评论内容：43728486261558157924151893547915416392392798415123','2020-03-20 00:00:00',NULL),

(1239581381990101001,4,10,9,3187,'1201','评论内容：69217844224741998583973659977283289271728443411154','2020-03-20 00:00:00',NULL),

(1239581381990101002,24,5,5,3187,'1201','评论内容：17691168572187317728863569226367678413644568114269','2020-03-20 00:00:00',NULL),

(1239581381990101003,19,10,9,3187,'1204','评论内容：19718448482352225663924415896378473118673762565637','2020-03-20 00:00:00',NULL),

(1239581381990101004,3,13,10,3187,'1203','评论内容：82235815727987464545231454792412742689831666152337','2020-03-20 00:00:00',NULL),

(1239581381990101005,4,11,10,3189,'1201','评论内容：38663843549274331195971975731586455526642611664823','2020-03-20 00:00:00',NULL),

(1239581381990101006,17,1,1,3189,'1204','评论内容：11419561352176229277414256495449811149235234353787','2020-03-20 00:00:00',NULL),

(1239581382224982018,14,8,7,3189,'1204','评论内容：63764736875923644219412222185194528741681126423629','2020-03-20 00:00:00',NULL),

(1239581382224982019,15,12,10,3189,'1201','评论内容：93533875197428624834615363351769976343412329424735','2020-03-20 00:00:00',NULL),

(1239581382224982020,22,8,7,3189,'1201','评论内容：88849469857228431552732626713379137816472187636819','2020-03-20 00:00:00',NULL),

(1239581382224982021,29,4,4,3189,'1204','评论内容：56675147578173796866236611242794798816725317891862','2020-03-20 00:00:00',NULL),

(1239581382224982022,11,6,6,3189,'1204','评论内容：46512178498128932487943513694176935757454135773278','2020-03-20 00:00:00',NULL),

(1239581382224982023,13,1,1,3189,'1201','评论内容：43645228755912375511946264692881343731254557439423','2020-03-20 00:00:00',NULL),

(1239581382224982024,28,7,1,3189,'1204','评论内容：13461939775423525235183448539128442731656464929415','2020-03-20 00:00:00',NULL),

(1239581382224982025,23,13,10,3189,'1204','评论内容：22155369427461383316324713394369229441451917985538','2020-03-20 00:00:00',NULL),

(1239581382224982026,30,5,5,3190,'1204','评论内容：59729254134126165228385767491745179676669983359291','2020-03-20 00:00:00',NULL),

(1239581382224982027,30,12,10,3190,'1201','评论内容：79548728371863989719888721566866735853341416575147','2020-03-20 00:00:00',NULL),

(1239581382224982028,15,9,8,3190,'1201','评论内容：79547964644147221829539438531624525339127212423548','2020-03-20 00:00:00',NULL),

(1239581382224982029,24,7,1,3190,'1202','评论内容：57777672472679159448487772881128614979266125283716','2020-03-20 00:00:00',NULL),

(1239581382224982030,10,6,6,3190,'1203','评论内容：13352792895473775815634856399184178795864463983643','2020-03-20 00:00:00',NULL),

(1239581382224982031,31,4,4,3193,'1203','评论内容：56927583247899843748722349297293924836851528892836','2020-03-20 00:00:00',NULL),

(1239581382224982032,20,9,8,3193,'1204','评论内容：62577482972156678468124245492391766196771847163162','2020-03-20 00:00:00',NULL),

(1239581382224982033,28,7,1,3194,'1201','评论内容：27255823227816623588757823171212551235675135646943','2020-03-20 00:00:00',NULL),

(1239581382224982034,16,11,10,3194,'1203','评论内容：15732523493463476316295696738987161743899837125118','2020-03-20 00:00:00',NULL),

(1239581382224982035,24,8,7,3196,'1204','评论内容：31813127895579337237275536653747269384392427828946','2020-03-20 00:00:00',NULL),

(1239581382224982036,20,6,6,3196,'1204','评论内容：84736445797469735319683812228789166188312418159757','2020-03-20 00:00:00',NULL),

(1239581382224982037,13,4,4,3196,'1204','评论内容：93121274449375618249616737138119591497388854543466','2020-03-20 00:00:00',NULL),

(1239581382224982038,39,4,4,3196,'1202','评论内容：49621255815773219381258458868231641549734567389225','2020-03-20 00:00:00',NULL),

(1239581382224982039,6,7,1,3197,'1202','评论内容：17623288579668792583571473223953952486595287981286','2020-03-20 00:00:00',NULL),

(1239581382224982040,32,6,6,3198,'1204','评论内容：13755412521815355351764692234218321721599733255554','2020-03-20 00:00:00',NULL),

(1239581382224982041,7,1,1,3198,'1204','评论内容：71747517915344215776476281139262563142742126643871','2020-03-20 00:00:00',NULL),

(1239581382224982042,29,2,2,3198,'1204','评论内容：71524559652979148172684112456922713166475944895285','2020-03-20 00:00:00',NULL),

(1239581382224982043,7,13,10,3198,'1202','评论内容：45663696613177767686479231212322785386371434289556','2020-03-20 00:00:00',NULL),

(1239581382224982044,2,4,4,3198,'1201','评论内容：69154927645184611946447524623726548611383564252416','2020-03-20 00:00:00',NULL),

(1239581382224982045,36,12,10,3198,'1201','评论内容：15365915145898916115915435524553884817347183836324','2020-03-20 00:00:00',NULL),

(1239581382224982046,10,5,5,3199,'1201','评论内容：75465565133925663596611861217421412821453261217975','2020-03-20 00:00:00',NULL),

(1239581382224982047,8,2,2,3200,'1203','评论内容：38347857314462262899394731139317627161634884189976','2020-03-20 00:00:00',NULL),

(1239581382224982048,8,9,8,3200,'1203','评论内容：87921523888367962681822218591554595741348461932936','2020-03-20 00:00:00',NULL),

(1239581382224982049,29,4,4,3200,'1201','评论内容：96696376157756649288373394453567295948366351833991','2020-03-20 00:00:00',NULL),

(1239581382224982050,29,3,3,3200,'1204','评论内容：54272256187882518177755957414334251219857461221834','2020-03-20 00:00:00',NULL),

(1239581382224982051,8,12,10,3200,'1204','评论内容：56445296683362826557793626297881263875528498853853','2020-03-20 00:00:00',NULL),

(1239581382224982052,20,9,8,3200,'1204','评论内容：83627633868781497578196165458771849745189515796929','2020-03-20 00:00:00',NULL),

(1239581382224982053,6,2,2,3201,'1204','评论内容：33286169221339373338592269978258192741359818812362','2020-03-20 00:00:00',NULL),

(1239581382224982054,37,9,8,3201,'1204','评论内容：69413767544721379242448623543795332646481743941216','2020-03-20 00:00:00',NULL),

(1239581382233370625,10,6,6,3201,'1204','评论内容：26491439832737263261716716719965174742438467342248','2020-03-20 00:00:00',NULL),

(1239581382233370626,35,3,3,3201,'1204','评论内容：82426217745412371241244594582132166327513472238916','2020-03-20 00:00:00',NULL),

(1239581382233370627,14,10,9,3201,'1204','评论内容：78531888147469365595341977488826518436983461116481','2020-03-20 00:00:00',NULL),

(1239581382233370628,23,7,1,3201,'1204','评论内容：33729746495299595155235295833287994698552372799562','2020-03-20 00:00:00',NULL),

(1239581382233370629,32,5,5,3201,'1201','评论内容：69449938168444124464883753473443731938175387262569','2020-03-20 00:00:00',NULL),

(1239581382233370630,18,12,10,3201,'1204','评论内容：86756584137566917327282157523261641356549586749898','2020-03-20 00:00:00',NULL),

(1239581382233370631,4,2,2,3205,'1204','评论内容：91985374116318665496841687445826775937939452967186','2020-03-20 00:00:00',NULL),

(1239581382233370632,23,5,5,3208,'1204','评论内容：62899763445264969293763178792718982365695757983854','2020-03-20 00:00:00',NULL),

(1239581382233370633,24,9,8,3208,'1201','评论内容：26451669821412886682384817727835483331114781667691','2020-03-20 00:00:00',NULL),

(1239581382233370634,12,2,2,3208,'1201','评论内容：19419292718625986296384234134964418398662538966152','2020-03-20 00:00:00',NULL),

(1239581382233370635,15,2,2,3208,'1201','评论内容：96119328367536349221489414654128356622279167459854','2020-03-20 00:00:00',NULL),

(1239581382233370636,25,4,4,3209,'1204','评论内容：11898779922692842392674618664355268486619768685948','2020-03-20 00:00:00',NULL),

(1239581382233370637,7,4,4,3209,'1204','评论内容：55383258912547571115617728593462947592828752149261','2020-03-20 00:00:00',NULL);

/*Table structure for table `coupon_info` */

DROP TABLE IF EXISTS `coupon_info`;

CREATE TABLE `coupon_info` (
  `id` bigint(20) NOT NULL AUTO_INCREMENT COMMENT '购物券编号',
  `coupon_name` varchar(100) DEFAULT NULL COMMENT '购物券名称',
  `coupon_type` varchar(10) DEFAULT NULL COMMENT '购物券类型 1 现金券 2 折扣券 3 满减券 4 满件打折券',
  `condition_amount` decimal(10,2) DEFAULT NULL COMMENT '满额数',
  `condition_num` bigint(20) DEFAULT NULL COMMENT '满件数',
  `activity_id` bigint(20) DEFAULT NULL COMMENT '活动编号',
  `benefit_amount` decimal(16,2) DEFAULT NULL COMMENT '减金额',
  `benefit_discount` bigint(20) DEFAULT NULL COMMENT '折扣',
  `create_time` datetime DEFAULT NULL COMMENT '创建时间',
  `range_type` varchar(10) DEFAULT NULL COMMENT '范围类型 1、商品 2、品类 3、品牌',
  `spu_id` bigint(20) DEFAULT NULL COMMENT '商品id',
  `tm_id` bigint(20) DEFAULT NULL COMMENT '品牌id',
  `category3_id` bigint(20) DEFAULT NULL COMMENT '品类id',
  `limit_num` int(11) DEFAULT NULL COMMENT '最多领用次数',
  `operate_time` datetime DEFAULT NULL COMMENT '修改时间',
  `expire_time` datetime DEFAULT NULL COMMENT '过期时间',
  PRIMARY KEY (`id`)
) ENGINE=InnoDB AUTO_INCREMENT=3 DEFAULT CHARSET=utf8 COMMENT='优惠券表';

/*Data for the table `coupon_info` */

insert  into `coupon_info`(`id`,`coupon_name`,`coupon_type`,`condition_amount`,`condition_num`,`activity_id`,`benefit_amount`,`benefit_discount`,`create_time`,`range_type`,`spu_id`,`tm_id`,`category3_id`,`limit_num`,`operate_time`,`expire_time`) values 

(1,'粮食优惠券','2301',100.00,0,NULL,15.00,NULL,'2020-02-27 17:44:57','2401',NULL,NULL,803,11,NULL,NULL),

(2,'粮食优惠券2','2301',200.00,NULL,NULL,40.00,NULL,'2020-03-16 23:55:31','2401',NULL,NULL,803,11,NULL,NULL);

/*Table structure for table `coupon_use` */

DROP TABLE IF EXISTS `coupon_use`;

CREATE TABLE `coupon_use` (
  `id` bigint(20) NOT NULL AUTO_INCREMENT COMMENT '编号',
  `coupon_id` bigint(20) DEFAULT NULL COMMENT '购物券ID',
  `user_id` bigint(20) DEFAULT NULL COMMENT '用户ID',
  `order_id` bigint(20) DEFAULT NULL COMMENT '订单ID',
  `coupon_status` varchar(10) DEFAULT NULL COMMENT '购物券状态',
  `get_time` datetime DEFAULT NULL COMMENT '领券时间',
  `using_time` datetime DEFAULT NULL COMMENT '使用时间',
  `used_time` datetime DEFAULT NULL COMMENT '支付时间',
  `expire_time` datetime DEFAULT NULL COMMENT '过期时间',
  PRIMARY KEY (`id`)
) ENGINE=InnoDB AUTO_INCREMENT=7885 DEFAULT CHARSET=utf8 COMMENT='优惠券领用表';

/*Data for the table `coupon_use` */

insert  into `coupon_use`(`id`,`coupon_id`,`user_id`,`order_id`,`coupon_status`,`get_time`,`using_time`,`used_time`,`expire_time`) values 

(7464,1,1,NULL,'1401','2020-03-15 00:00:00',NULL,NULL,NULL),

(7465,1,2,NULL,'1401','2020-03-15 00:00:00',NULL,NULL,NULL),

(7466,1,3,NULL,'1401','2020-03-15 00:00:00',NULL,NULL,NULL),

(7467,1,4,NULL,'1401','2020-03-15 00:00:00',NULL,NULL,NULL),

(7468,1,5,NULL,'1401','2020-03-15 00:00:00',NULL,NULL,NULL),

(7469,1,6,NULL,'1401','2020-03-15 00:00:00',NULL,NULL,NULL),

(7470,1,7,NULL,'1401','2020-03-15 00:00:00',NULL,NULL,NULL),

(7471,1,8,NULL,'1401','2020-03-15 00:00:00',NULL,NULL,NULL),

(7472,1,9,NULL,'1401','2020-03-15 00:00:00',NULL,NULL,NULL),

(7473,1,10,NULL,'1401','2020-03-15 00:00:00',NULL,NULL,NULL),

(7474,1,3,3037,'1403','2020-03-15 00:00:00','2020-03-15 00:00:00','2020-03-15 00:00:00',NULL),

(7475,1,6,3038,'1403','2020-03-15 00:00:00','2020-03-15 00:00:00','2020-03-15 00:00:00',NULL),

(7476,1,10,3039,'1403','2020-03-15 00:00:00','2020-03-15 00:00:00','2020-03-15 00:00:00',NULL),

(7477,1,1,3043,'1403','2020-03-15 00:00:00','2020-03-15 00:00:00','2020-03-15 00:00:00',NULL),

(7478,1,1,NULL,'1401','2020-03-16 00:00:00',NULL,NULL,NULL),

(7479,1,2,NULL,'1401','2020-03-16 00:00:00',NULL,NULL,NULL),

(7480,1,3,NULL,'1401','2020-03-16 00:00:00',NULL,NULL,NULL),

(7481,1,4,NULL,'1401','2020-03-16 00:00:00',NULL,NULL,NULL),

(7482,1,5,NULL,'1401','2020-03-16 00:00:00',NULL,NULL,NULL),

(7483,1,6,NULL,'1401','2020-03-16 00:00:00',NULL,NULL,NULL),

(7484,1,7,NULL,'1401','2020-03-16 00:00:00',NULL,NULL,NULL),

(7485,1,8,NULL,'1401','2020-03-16 00:00:00',NULL,NULL,NULL),

(7486,1,9,NULL,'1401','2020-03-16 00:00:00',NULL,NULL,NULL),

(7487,1,10,NULL,'1401','2020-03-16 00:00:00',NULL,NULL,NULL),

(7488,1,11,NULL,'1401','2020-03-16 00:00:00',NULL,NULL,NULL),

(7489,1,12,NULL,'1401','2020-03-16 00:00:00',NULL,NULL,NULL),

(7490,1,13,NULL,'1401','2020-03-16 00:00:00',NULL,NULL,NULL),

(7491,1,14,NULL,'1401','2020-03-16 00:00:00',NULL,NULL,NULL),

(7492,1,15,NULL,'1401','2020-03-16 00:00:00',NULL,NULL,NULL),

(7493,1,16,NULL,'1401','2020-03-16 00:00:00',NULL,NULL,NULL),

(7494,1,17,NULL,'1401','2020-03-16 00:00:00',NULL,NULL,NULL),

(7495,1,18,NULL,'1401','2020-03-16 00:00:00',NULL,NULL,NULL),

(7496,1,19,NULL,'1401','2020-03-16 00:00:00',NULL,NULL,NULL),

(7497,1,20,NULL,'1401','2020-03-16 00:00:00',NULL,NULL,NULL),

(7498,1,3,3045,'1403','2020-03-15 00:00:00','2020-03-16 00:00:00','2020-03-16 00:00:00',NULL),

(7499,1,10,3046,'1403','2020-03-15 00:00:00','2020-03-16 00:00:00','2020-03-16 00:00:00',NULL),

(7500,1,8,3048,'1403','2020-03-15 00:00:00','2020-03-16 00:00:00','2020-03-16 00:00:00',NULL),

(7501,1,1,3049,'1403','2020-03-15 00:00:00','2020-03-16 00:00:00','2020-03-17 00:00:00',NULL),

(7502,1,6,3053,'1403','2020-03-15 00:00:00','2020-03-16 00:00:00','2020-03-16 00:00:00',NULL),

(7503,1,4,3055,'1403','2020-03-15 00:00:00','2020-03-16 00:00:00','2020-03-16 00:00:00',NULL),

(7504,1,1,NULL,'1401','2020-03-16 00:00:00',NULL,NULL,NULL),

(7505,1,2,NULL,'1401','2020-03-16 00:00:00',NULL,NULL,NULL),

(7506,1,3,NULL,'1401','2020-03-16 00:00:00',NULL,NULL,NULL),

(7507,1,4,NULL,'1401','2020-03-16 00:00:00',NULL,NULL,NULL),

(7508,1,5,NULL,'1401','2020-03-16 00:00:00',NULL,NULL,NULL),

(7509,1,6,NULL,'1401','2020-03-16 00:00:00',NULL,NULL,NULL),

(7510,1,7,NULL,'1401','2020-03-16 00:00:00',NULL,NULL,NULL),

(7511,1,8,NULL,'1401','2020-03-16 00:00:00',NULL,NULL,NULL),

(7512,1,9,NULL,'1401','2020-03-16 00:00:00',NULL,NULL,NULL),

(7513,1,10,NULL,'1401','2020-03-16 00:00:00',NULL,NULL,NULL),

(7514,1,11,NULL,'1401','2020-03-16 00:00:00',NULL,NULL,NULL),

(7515,1,12,NULL,'1401','2020-03-16 00:00:00',NULL,NULL,NULL),

(7516,1,13,NULL,'1401','2020-03-16 00:00:00',NULL,NULL,NULL),

(7517,1,14,NULL,'1401','2020-03-16 00:00:00',NULL,NULL,NULL),

(7518,1,15,NULL,'1401','2020-03-16 00:00:00',NULL,NULL,NULL),

(7519,1,16,NULL,'1401','2020-03-16 00:00:00',NULL,NULL,NULL),

(7520,1,17,NULL,'1401','2020-03-16 00:00:00',NULL,NULL,NULL),

(7521,1,18,NULL,'1401','2020-03-16 00:00:00',NULL,NULL,NULL),

(7522,1,19,NULL,'1401','2020-03-16 00:00:00',NULL,NULL,NULL),

(7523,1,20,NULL,'1401','2020-03-16 00:00:00',NULL,NULL,NULL),

(7524,1,21,NULL,'1401','2020-03-16 00:00:00',NULL,NULL,NULL),

(7525,1,22,NULL,'1401','2020-03-16 00:00:00',NULL,NULL,NULL),

(7526,1,23,NULL,'1401','2020-03-16 00:00:00',NULL,NULL,NULL),

(7527,1,24,NULL,'1401','2020-03-16 00:00:00',NULL,NULL,NULL),

(7528,1,25,NULL,'1401','2020-03-16 00:00:00',NULL,NULL,NULL),

(7529,1,26,NULL,'1401','2020-03-16 00:00:00',NULL,NULL,NULL),

(7530,1,27,NULL,'1401','2020-03-16 00:00:00',NULL,NULL,NULL),

(7531,1,28,NULL,'1401','2020-03-16 00:00:00',NULL,NULL,NULL),

(7532,1,29,NULL,'1401','2020-03-16 00:00:00',NULL,NULL,NULL),

(7533,1,30,NULL,'1401','2020-03-16 00:00:00',NULL,NULL,NULL),

(7534,1,6,3058,'1403','2020-03-15 00:00:00','2020-03-16 00:00:00','2020-03-16 00:00:00',NULL),

(7535,1,10,3060,'1403','2020-03-15 00:00:00','2020-03-16 00:00:00','2020-03-16 00:00:00',NULL),

(7536,1,18,3070,'1403','2020-03-16 00:00:00','2020-03-16 00:00:00','2020-03-16 00:00:00',NULL),

(7537,1,1,NULL,'1401','2020-03-16 00:00:00',NULL,NULL,NULL),

(7538,1,2,NULL,'1401','2020-03-16 00:00:00',NULL,NULL,NULL),

(7539,1,3,NULL,'1401','2020-03-16 00:00:00',NULL,NULL,NULL),

(7540,1,4,NULL,'1401','2020-03-16 00:00:00',NULL,NULL,NULL),

(7541,1,5,NULL,'1401','2020-03-16 00:00:00',NULL,NULL,NULL),

(7542,1,6,NULL,'1401','2020-03-16 00:00:00',NULL,NULL,NULL),

(7543,1,7,NULL,'1401','2020-03-16 00:00:00',NULL,NULL,NULL),

(7544,1,8,NULL,'1401','2020-03-16 00:00:00',NULL,NULL,NULL),

(7545,1,9,NULL,'1401','2020-03-16 00:00:00',NULL,NULL,NULL),

(7546,1,10,NULL,'1401','2020-03-16 00:00:00',NULL,NULL,NULL),

(7547,1,11,NULL,'1401','2020-03-16 00:00:00',NULL,NULL,NULL),

(7548,1,12,NULL,'1401','2020-03-16 00:00:00',NULL,NULL,NULL),

(7549,1,13,NULL,'1401','2020-03-16 00:00:00',NULL,NULL,NULL),

(7550,1,14,NULL,'1401','2020-03-16 00:00:00',NULL,NULL,NULL),

(7551,1,15,NULL,'1401','2020-03-16 00:00:00',NULL,NULL,NULL),

(7552,1,16,NULL,'1401','2020-03-16 00:00:00',NULL,NULL,NULL),

(7553,1,17,NULL,'1401','2020-03-16 00:00:00',NULL,NULL,NULL),

(7554,1,18,NULL,'1401','2020-03-16 00:00:00',NULL,NULL,NULL),

(7555,1,19,NULL,'1401','2020-03-16 00:00:00',NULL,NULL,NULL),

(7556,1,20,NULL,'1401','2020-03-16 00:00:00',NULL,NULL,NULL),

(7557,1,21,NULL,'1401','2020-03-16 00:00:00',NULL,NULL,NULL),

(7558,1,22,NULL,'1401','2020-03-16 00:00:00',NULL,NULL,NULL),

(7559,1,23,NULL,'1401','2020-03-16 00:00:00',NULL,NULL,NULL),

(7560,1,24,NULL,'1401','2020-03-16 00:00:00',NULL,NULL,NULL),

(7561,1,25,NULL,'1401','2020-03-16 00:00:00',NULL,NULL,NULL),

(7562,1,26,NULL,'1401','2020-03-16 00:00:00',NULL,NULL,NULL),

(7563,1,27,NULL,'1401','2020-03-16 00:00:00',NULL,NULL,NULL),

(7564,1,28,NULL,'1401','2020-03-16 00:00:00',NULL,NULL,NULL),

(7565,1,29,NULL,'1401','2020-03-16 00:00:00',NULL,NULL,NULL),

(7566,1,30,NULL,'1401','2020-03-16 00:00:00',NULL,NULL,NULL),

(7567,1,31,NULL,'1401','2020-03-16 00:00:00',NULL,NULL,NULL),

(7568,1,32,NULL,'1401','2020-03-16 00:00:00',NULL,NULL,NULL),

(7569,1,33,NULL,'1401','2020-03-16 00:00:00',NULL,NULL,NULL),

(7570,1,34,NULL,'1401','2020-03-16 00:00:00',NULL,NULL,NULL),

(7571,1,35,NULL,'1401','2020-03-16 00:00:00',NULL,NULL,NULL),

(7572,1,36,NULL,'1401','2020-03-16 00:00:00',NULL,NULL,NULL),

(7573,1,37,NULL,'1401','2020-03-16 00:00:00',NULL,NULL,NULL),

(7574,1,38,NULL,'1401','2020-03-16 00:00:00',NULL,NULL,NULL),

(7575,1,39,NULL,'1401','2020-03-16 00:00:00',NULL,NULL,NULL),

(7576,1,40,NULL,'1401','2020-03-16 00:00:00',NULL,NULL,NULL),

(7577,1,10,3074,'1403','2020-03-15 00:00:00','2020-03-16 00:00:00','2020-03-16 00:00:00',NULL),

(7578,1,8,3076,'1403','2020-03-15 00:00:00','2020-03-16 00:00:00','2020-03-16 00:00:00',NULL),

(7579,1,27,3082,'1403','2020-03-16 00:00:00','2020-03-16 00:00:00','2020-03-17 00:00:00',NULL),

(7580,1,4,3083,'1403','2020-03-15 00:00:00','2020-03-16 00:00:00','2020-03-16 00:00:00',NULL),

(7581,1,18,3084,'1403','2020-03-16 00:00:00','2020-03-16 00:00:00','2020-03-16 00:00:00',NULL),

(7582,1,6,3085,'1403','2020-03-15 00:00:00','2020-03-16 00:00:00','2020-03-16 00:00:00',NULL),

(7583,1,13,3086,'1403','2020-03-16 00:00:00','2020-03-16 00:00:00','2020-03-16 00:00:00',NULL),

(7584,1,1,NULL,'1401','2020-03-17 00:00:00',NULL,NULL,NULL),

(7585,1,2,NULL,'1401','2020-03-17 00:00:00',NULL,NULL,NULL),

(7586,1,3,NULL,'1401','2020-03-17 00:00:00',NULL,NULL,NULL),

(7587,1,4,NULL,'1401','2020-03-17 00:00:00',NULL,NULL,NULL),

(7588,1,5,NULL,'1401','2020-03-17 00:00:00',NULL,NULL,NULL),

(7589,1,6,NULL,'1401','2020-03-17 00:00:00',NULL,NULL,NULL),

(7590,1,7,NULL,'1401','2020-03-17 00:00:00',NULL,NULL,NULL),

(7591,1,8,NULL,'1401','2020-03-17 00:00:00',NULL,NULL,NULL),

(7592,1,9,NULL,'1401','2020-03-17 00:00:00',NULL,NULL,NULL),

(7593,1,10,NULL,'1401','2020-03-17 00:00:00',NULL,NULL,NULL),

(7594,1,11,NULL,'1401','2020-03-17 00:00:00',NULL,NULL,NULL),

(7595,1,12,NULL,'1401','2020-03-17 00:00:00',NULL,NULL,NULL),

(7596,1,13,NULL,'1401','2020-03-17 00:00:00',NULL,NULL,NULL),

(7597,1,14,NULL,'1401','2020-03-17 00:00:00',NULL,NULL,NULL),

(7598,1,15,NULL,'1401','2020-03-17 00:00:00',NULL,NULL,NULL),

(7599,1,16,NULL,'1401','2020-03-17 00:00:00',NULL,NULL,NULL),

(7600,1,17,NULL,'1401','2020-03-17 00:00:00',NULL,NULL,NULL),

(7601,1,18,NULL,'1401','2020-03-17 00:00:00',NULL,NULL,NULL),

(7602,1,19,NULL,'1401','2020-03-17 00:00:00',NULL,NULL,NULL),

(7603,1,20,NULL,'1401','2020-03-17 00:00:00',NULL,NULL,NULL),

(7604,1,21,NULL,'1401','2020-03-17 00:00:00',NULL,NULL,NULL),

(7605,1,22,NULL,'1401','2020-03-17 00:00:00',NULL,NULL,NULL),

(7606,1,23,NULL,'1401','2020-03-17 00:00:00',NULL,NULL,NULL),

(7607,1,24,NULL,'1401','2020-03-17 00:00:00',NULL,NULL,NULL),

(7608,1,25,NULL,'1401','2020-03-17 00:00:00',NULL,NULL,NULL),

(7609,1,26,NULL,'1401','2020-03-17 00:00:00',NULL,NULL,NULL),

(7610,1,27,NULL,'1401','2020-03-17 00:00:00',NULL,NULL,NULL),

(7611,1,28,NULL,'1401','2020-03-17 00:00:00',NULL,NULL,NULL),

(7612,1,29,NULL,'1401','2020-03-17 00:00:00',NULL,NULL,NULL),

(7613,1,30,NULL,'1401','2020-03-17 00:00:00',NULL,NULL,NULL),

(7614,1,31,NULL,'1401','2020-03-17 00:00:00',NULL,NULL,NULL),

(7615,1,32,NULL,'1401','2020-03-17 00:00:00',NULL,NULL,NULL),

(7616,1,33,NULL,'1401','2020-03-17 00:00:00',NULL,NULL,NULL),

(7617,1,34,NULL,'1401','2020-03-17 00:00:00',NULL,NULL,NULL),

(7618,1,35,NULL,'1401','2020-03-17 00:00:00',NULL,NULL,NULL),

(7619,1,36,NULL,'1401','2020-03-17 00:00:00',NULL,NULL,NULL),

(7620,1,37,NULL,'1401','2020-03-17 00:00:00',NULL,NULL,NULL),

(7621,1,38,NULL,'1401','2020-03-17 00:00:00',NULL,NULL,NULL),

(7622,1,39,NULL,'1401','2020-03-17 00:00:00',NULL,NULL,NULL),

(7623,1,40,NULL,'1401','2020-03-17 00:00:00',NULL,NULL,NULL),

(7624,1,10,3090,'1403','2020-03-15 00:00:00','2020-03-17 00:00:00','2020-03-18 00:00:00',NULL),

(7625,1,3,3095,'1403','2020-03-15 00:00:00','2020-03-17 00:00:00','2020-03-17 00:00:00',NULL),

(7626,1,6,3098,'1403','2020-03-15 00:00:00','2020-03-17 00:00:00','2020-03-17 00:00:00',NULL),

(7627,1,4,3101,'1403','2020-03-15 00:00:00','2020-03-17 00:00:00','2020-03-20 00:00:00',NULL),

(7628,1,21,3106,'1403','2020-03-16 00:00:00','2020-03-17 00:00:00','2020-03-17 00:00:00',NULL),

(7629,1,32,3111,'1403','2020-03-16 00:00:00','2020-03-17 00:00:00','2020-03-18 00:00:00',NULL),

(7630,1,1,NULL,'1401','2020-03-18 00:00:00',NULL,NULL,NULL),

(7631,1,2,NULL,'1401','2020-03-18 00:00:00',NULL,NULL,NULL),

(7632,1,3,NULL,'1401','2020-03-18 00:00:00',NULL,NULL,NULL),

(7633,1,4,NULL,'1401','2020-03-18 00:00:00',NULL,NULL,NULL),

(7634,1,5,NULL,'1401','2020-03-18 00:00:00',NULL,NULL,NULL),

(7635,1,6,NULL,'1401','2020-03-18 00:00:00',NULL,NULL,NULL),

(7636,1,7,NULL,'1401','2020-03-18 00:00:00',NULL,NULL,NULL),

(7637,1,8,NULL,'1401','2020-03-18 00:00:00',NULL,NULL,NULL),

(7638,1,9,NULL,'1401','2020-03-18 00:00:00',NULL,NULL,NULL),

(7639,1,10,NULL,'1401','2020-03-18 00:00:00',NULL,NULL,NULL),

(7640,1,11,NULL,'1401','2020-03-18 00:00:00',NULL,NULL,NULL),

(7641,1,12,NULL,'1401','2020-03-18 00:00:00',NULL,NULL,NULL),

(7642,1,13,NULL,'1401','2020-03-18 00:00:00',NULL,NULL,NULL),

(7643,1,14,NULL,'1401','2020-03-18 00:00:00',NULL,NULL,NULL),

(7644,1,15,NULL,'1401','2020-03-18 00:00:00',NULL,NULL,NULL),

(7645,1,16,NULL,'1401','2020-03-18 00:00:00',NULL,NULL,NULL),

(7646,1,17,NULL,'1401','2020-03-18 00:00:00',NULL,NULL,NULL),

(7647,1,18,NULL,'1401','2020-03-18 00:00:00',NULL,NULL,NULL),

(7648,1,19,NULL,'1401','2020-03-18 00:00:00',NULL,NULL,NULL),

(7649,1,20,NULL,'1401','2020-03-18 00:00:00',NULL,NULL,NULL),

(7650,1,21,NULL,'1401','2020-03-18 00:00:00',NULL,NULL,NULL),

(7651,1,22,NULL,'1401','2020-03-18 00:00:00',NULL,NULL,NULL),

(7652,1,23,NULL,'1401','2020-03-18 00:00:00',NULL,NULL,NULL),

(7653,1,24,NULL,'1401','2020-03-18 00:00:00',NULL,NULL,NULL),

(7654,1,25,NULL,'1401','2020-03-18 00:00:00',NULL,NULL,NULL),

(7655,1,26,NULL,'1401','2020-03-18 00:00:00',NULL,NULL,NULL),

(7656,1,27,NULL,'1401','2020-03-18 00:00:00',NULL,NULL,NULL),

(7657,1,28,NULL,'1401','2020-03-18 00:00:00',NULL,NULL,NULL),

(7658,1,29,NULL,'1401','2020-03-18 00:00:00',NULL,NULL,NULL),

(7659,1,30,NULL,'1401','2020-03-18 00:00:00',NULL,NULL,NULL),

(7660,1,31,NULL,'1401','2020-03-18 00:00:00',NULL,NULL,NULL),

(7661,1,32,NULL,'1401','2020-03-18 00:00:00',NULL,NULL,NULL),

(7662,1,33,NULL,'1401','2020-03-18 00:00:00',NULL,NULL,NULL),

(7663,1,34,NULL,'1401','2020-03-18 00:00:00',NULL,NULL,NULL),

(7664,1,35,NULL,'1401','2020-03-18 00:00:00',NULL,NULL,NULL),

(7665,1,36,NULL,'1401','2020-03-18 00:00:00',NULL,NULL,NULL),

(7666,1,37,NULL,'1401','2020-03-18 00:00:00',NULL,NULL,NULL),

(7667,1,38,NULL,'1401','2020-03-18 00:00:00',NULL,NULL,NULL),

(7668,1,39,NULL,'1401','2020-03-18 00:00:00',NULL,NULL,NULL),

(7669,1,40,NULL,'1401','2020-03-18 00:00:00',NULL,NULL,NULL),

(7670,1,1,3112,'1403','2020-03-15 00:00:00','2020-03-18 00:00:00','2020-03-18 00:00:00',NULL),

(7671,1,17,3114,'1403','2020-03-16 00:00:00','2020-03-18 00:00:00','2020-03-18 00:00:00',NULL),

(7672,1,11,3115,'1403','2020-03-16 00:00:00','2020-03-18 00:00:00','2020-03-18 00:00:00',NULL),

(7673,1,7,3116,'1403','2020-03-15 00:00:00','2020-03-18 00:00:00','2020-03-18 00:00:00',NULL),

(7674,1,8,3118,'1403','2020-03-15 00:00:00','2020-03-18 00:00:00','2020-03-18 00:00:00',NULL),

(7675,1,40,3119,'1403','2020-03-16 00:00:00','2020-03-18 00:00:00','2020-03-18 00:00:00',NULL),

(7676,1,4,3121,'1403','2020-03-15 00:00:00','2020-03-18 00:00:00','2020-03-20 00:00:00',NULL),

(7677,1,39,3122,'1403','2020-03-16 00:00:00','2020-03-18 00:00:00','2020-03-20 00:00:00',NULL),

(7678,1,38,3123,'1403','2020-03-16 00:00:00','2020-03-18 00:00:00','2020-03-20 00:00:00',NULL),

(7679,1,3,3127,'1403','2020-03-15 00:00:00','2020-03-18 00:00:00','2020-03-20 00:00:00',NULL),

(7680,1,18,3128,'1403','2020-03-16 00:00:00','2020-03-18 00:00:00','2020-03-18 00:00:00',NULL),

(7681,1,6,3129,'1403','2020-03-15 00:00:00','2020-03-18 00:00:00','2020-03-18 00:00:00',NULL),

(7682,1,37,3130,'1403','2020-03-16 00:00:00','2020-03-18 00:00:00','2020-03-18 00:00:00',NULL),

(7683,1,10,3131,'1403','2020-03-15 00:00:00','2020-03-18 00:00:00','2020-03-18 00:00:00',NULL),

(7684,1,29,3135,'1403','2020-03-16 00:00:00','2020-03-18 00:00:00','2020-03-18 00:00:00',NULL),

(7685,1,1,NULL,'1401','2020-03-20 00:00:00',NULL,NULL,NULL),

(7686,1,2,NULL,'1401','2020-03-20 00:00:00',NULL,NULL,NULL),

(7687,1,3,NULL,'1401','2020-03-20 00:00:00',NULL,NULL,NULL),

(7688,1,4,NULL,'1401','2020-03-20 00:00:00',NULL,NULL,NULL),

(7689,1,5,NULL,'1401','2020-03-20 00:00:00',NULL,NULL,NULL),

(7690,1,6,NULL,'1401','2020-03-20 00:00:00',NULL,NULL,NULL),

(7691,1,7,NULL,'1401','2020-03-20 00:00:00',NULL,NULL,NULL),

(7692,1,8,NULL,'1401','2020-03-20 00:00:00',NULL,NULL,NULL),

(7693,1,9,NULL,'1401','2020-03-20 00:00:00',NULL,NULL,NULL),

(7694,1,10,NULL,'1401','2020-03-20 00:00:00',NULL,NULL,NULL),

(7695,1,11,NULL,'1401','2020-03-20 00:00:00',NULL,NULL,NULL),

(7696,1,12,NULL,'1401','2020-03-20 00:00:00',NULL,NULL,NULL),

(7697,1,13,NULL,'1401','2020-03-20 00:00:00',NULL,NULL,NULL),

(7698,1,14,NULL,'1401','2020-03-20 00:00:00',NULL,NULL,NULL),

(7699,1,15,NULL,'1401','2020-03-20 00:00:00',NULL,NULL,NULL),

(7700,1,16,NULL,'1401','2020-03-20 00:00:00',NULL,NULL,NULL),

(7701,1,17,NULL,'1401','2020-03-20 00:00:00',NULL,NULL,NULL),

(7702,1,18,NULL,'1401','2020-03-20 00:00:00',NULL,NULL,NULL),

(7703,1,19,NULL,'1401','2020-03-20 00:00:00',NULL,NULL,NULL),

(7704,1,20,NULL,'1401','2020-03-20 00:00:00',NULL,NULL,NULL),

(7705,1,21,NULL,'1401','2020-03-20 00:00:00',NULL,NULL,NULL),

(7706,1,22,NULL,'1401','2020-03-20 00:00:00',NULL,NULL,NULL),

(7707,1,23,NULL,'1401','2020-03-20 00:00:00',NULL,NULL,NULL),

(7708,1,24,NULL,'1401','2020-03-20 00:00:00',NULL,NULL,NULL),

(7709,1,25,NULL,'1401','2020-03-20 00:00:00',NULL,NULL,NULL),

(7710,1,26,NULL,'1401','2020-03-20 00:00:00',NULL,NULL,NULL),

(7711,1,27,NULL,'1401','2020-03-20 00:00:00',NULL,NULL,NULL),

(7712,1,28,NULL,'1401','2020-03-20 00:00:00',NULL,NULL,NULL),

(7713,1,29,NULL,'1401','2020-03-20 00:00:00',NULL,NULL,NULL),

(7714,1,30,NULL,'1401','2020-03-20 00:00:00',NULL,NULL,NULL),

(7715,1,31,NULL,'1401','2020-03-20 00:00:00',NULL,NULL,NULL),

(7716,1,32,NULL,'1401','2020-03-20 00:00:00',NULL,NULL,NULL),

(7717,1,33,NULL,'1401','2020-03-20 00:00:00',NULL,NULL,NULL),

(7718,1,34,NULL,'1401','2020-03-20 00:00:00',NULL,NULL,NULL),

(7719,1,35,NULL,'1401','2020-03-20 00:00:00',NULL,NULL,NULL),

(7720,1,36,NULL,'1401','2020-03-20 00:00:00',NULL,NULL,NULL),

(7721,1,37,NULL,'1401','2020-03-20 00:00:00',NULL,NULL,NULL),

(7722,1,38,NULL,'1401','2020-03-20 00:00:00',NULL,NULL,NULL),

(7723,1,39,NULL,'1401','2020-03-20 00:00:00',NULL,NULL,NULL),

(7724,1,40,NULL,'1401','2020-03-20 00:00:00',NULL,NULL,NULL),

(7725,1,32,3139,'1403','2020-03-16 00:00:00','2020-03-20 00:00:00','2020-03-20 00:00:00',NULL),

(7726,1,16,3141,'1403','2020-03-16 00:00:00','2020-03-20 00:00:00','2020-03-20 00:00:00',NULL),

(7727,1,4,3142,'1403','2020-03-15 00:00:00','2020-03-20 00:00:00','2020-03-20 00:00:00',NULL),

(7728,1,5,3143,'1403','2020-03-15 00:00:00','2020-03-20 00:00:00','2020-03-20 00:00:00',NULL),

(7729,1,17,3145,'1403','2020-03-16 00:00:00','2020-03-20 00:00:00','2020-03-20 00:00:00',NULL),

(7730,1,6,3147,'1403','2020-03-15 00:00:00','2020-03-20 00:00:00','2020-03-20 00:00:00',NULL),

(7731,1,3,3148,'1403','2020-03-15 00:00:00','2020-03-20 00:00:00','2020-03-20 00:00:00',NULL),

(7732,1,7,3149,'1403','2020-03-15 00:00:00','2020-03-20 00:00:00','2020-03-20 00:00:00',NULL),

(7733,1,10,3152,'1403','2020-03-15 00:00:00','2020-03-20 00:00:00','2020-03-20 00:00:00',NULL),

(7734,1,11,3154,'1403','2020-03-16 00:00:00','2020-03-20 00:00:00','2020-03-20 00:00:00',NULL),

(7735,1,40,3156,'1403','2020-03-16 00:00:00','2020-03-20 00:00:00','2020-03-20 00:00:00',NULL),

(7736,1,37,3158,'1403','2020-03-16 00:00:00','2020-03-20 00:00:00','2020-03-20 00:00:00',NULL),

(7737,1,39,3159,'1403','2020-03-16 00:00:00','2020-03-20 00:00:00','2020-03-20 00:00:00',NULL),

(7738,1,1,NULL,'1401','2020-03-20 00:00:00',NULL,NULL,NULL),

(7739,1,2,NULL,'1401','2020-03-20 00:00:00',NULL,NULL,NULL),

(7740,1,3,NULL,'1401','2020-03-20 00:00:00',NULL,NULL,NULL),

(7741,1,4,NULL,'1401','2020-03-20 00:00:00',NULL,NULL,NULL),

(7742,1,5,NULL,'1401','2020-03-20 00:00:00',NULL,NULL,NULL),

(7743,1,6,NULL,'1401','2020-03-20 00:00:00',NULL,NULL,NULL),

(7744,1,7,NULL,'1401','2020-03-20 00:00:00',NULL,NULL,NULL),

(7745,1,8,NULL,'1401','2020-03-20 00:00:00',NULL,NULL,NULL),

(7746,1,9,NULL,'1401','2020-03-20 00:00:00',NULL,NULL,NULL),

(7747,1,10,NULL,'1401','2020-03-20 00:00:00',NULL,NULL,NULL),

(7748,1,11,NULL,'1401','2020-03-20 00:00:00',NULL,NULL,NULL),

(7749,1,12,NULL,'1401','2020-03-20 00:00:00',NULL,NULL,NULL),

(7750,1,13,NULL,'1401','2020-03-20 00:00:00',NULL,NULL,NULL),

(7751,1,14,NULL,'1401','2020-03-20 00:00:00',NULL,NULL,NULL),

(7752,1,15,NULL,'1401','2020-03-20 00:00:00',NULL,NULL,NULL),

(7753,1,16,NULL,'1401','2020-03-20 00:00:00',NULL,NULL,NULL),

(7754,1,17,NULL,'1401','2020-03-20 00:00:00',NULL,NULL,NULL),

(7755,1,18,NULL,'1401','2020-03-20 00:00:00',NULL,NULL,NULL),

(7756,1,19,NULL,'1401','2020-03-20 00:00:00',NULL,NULL,NULL),

(7757,1,20,NULL,'1401','2020-03-20 00:00:00',NULL,NULL,NULL),

(7758,1,21,NULL,'1401','2020-03-20 00:00:00',NULL,NULL,NULL),

(7759,1,22,NULL,'1401','2020-03-20 00:00:00',NULL,NULL,NULL),

(7760,1,23,NULL,'1401','2020-03-20 00:00:00',NULL,NULL,NULL),

(7761,1,24,NULL,'1401','2020-03-20 00:00:00',NULL,NULL,NULL),

(7762,1,25,NULL,'1401','2020-03-20 00:00:00',NULL,NULL,NULL),

(7763,1,26,NULL,'1401','2020-03-20 00:00:00',NULL,NULL,NULL),

(7764,1,27,NULL,'1401','2020-03-20 00:00:00',NULL,NULL,NULL),

(7765,1,28,NULL,'1401','2020-03-20 00:00:00',NULL,NULL,NULL),

(7766,1,29,NULL,'1401','2020-03-20 00:00:00',NULL,NULL,NULL),

(7767,1,30,NULL,'1401','2020-03-20 00:00:00',NULL,NULL,NULL),

(7768,1,31,NULL,'1401','2020-03-20 00:00:00',NULL,NULL,NULL),

(7769,1,32,NULL,'1401','2020-03-20 00:00:00',NULL,NULL,NULL),

(7770,1,33,NULL,'1401','2020-03-20 00:00:00',NULL,NULL,NULL),

(7771,1,34,NULL,'1401','2020-03-20 00:00:00',NULL,NULL,NULL),

(7772,1,35,NULL,'1401','2020-03-20 00:00:00',NULL,NULL,NULL),

(7773,1,36,NULL,'1401','2020-03-20 00:00:00',NULL,NULL,NULL),

(7774,1,37,NULL,'1401','2020-03-20 00:00:00',NULL,NULL,NULL),

(7775,1,38,NULL,'1401','2020-03-20 00:00:00',NULL,NULL,NULL),

(7776,1,39,NULL,'1401','2020-03-20 00:00:00',NULL,NULL,NULL),

(7777,1,40,NULL,'1401','2020-03-20 00:00:00',NULL,NULL,NULL),

(7778,1,32,3161,'1403','2020-03-16 00:00:00','2020-03-20 00:00:00','2020-03-20 00:00:00',NULL),

(7779,1,16,3162,'1403','2020-03-16 00:00:00','2020-03-20 00:00:00','2020-03-20 00:00:00',NULL),

(7780,1,6,3163,'1403','2020-03-15 00:00:00','2020-03-20 00:00:00','2020-03-20 00:00:00',NULL),

(7781,1,4,3164,'1403','2020-03-15 00:00:00','2020-03-20 00:00:00','2020-03-20 00:00:00',NULL),

(7782,1,2,3166,'1403','2020-03-15 00:00:00','2020-03-20 00:00:00','2020-03-20 00:00:00',NULL),

(7783,1,5,3167,'1403','2020-03-15 00:00:00','2020-03-20 00:00:00','2020-03-20 00:00:00',NULL),

(7784,1,40,3168,'1403','2020-03-16 00:00:00','2020-03-20 00:00:00','2020-03-20 00:00:00',NULL),

(7785,1,1,3170,'1403','2020-03-15 00:00:00','2020-03-20 00:00:00','2020-03-20 00:00:00',NULL),

(7786,1,3,3171,'1403','2020-03-15 00:00:00','2020-03-20 00:00:00','2020-03-20 00:00:00',NULL),

(7787,1,38,3172,'1403','2020-03-16 00:00:00','2020-03-20 00:00:00','2020-03-20 00:00:00',NULL),

(7788,1,27,3174,'1403','2020-03-16 00:00:00','2020-03-20 00:00:00','2020-03-20 00:00:00',NULL),

(7789,1,13,3176,'1403','2020-03-16 00:00:00','2020-03-20 00:00:00','2020-03-20 00:00:00',NULL),

(7790,1,8,3177,'1403','2020-03-15 00:00:00','2020-03-20 00:00:00','2020-03-20 00:00:00',NULL),

(7791,1,10,3179,'1403','2020-03-15 00:00:00','2020-03-20 00:00:00','2020-03-20 00:00:00',NULL),

(7792,1,1,NULL,'1401','2020-03-20 00:00:00',NULL,NULL,NULL),

(7793,1,2,NULL,'1401','2020-03-20 00:00:00',NULL,NULL,NULL),

(7794,1,3,NULL,'1401','2020-03-20 00:00:00',NULL,NULL,NULL),

(7795,1,4,NULL,'1401','2020-03-20 00:00:00',NULL,NULL,NULL),

(7796,1,5,NULL,'1401','2020-03-20 00:00:00',NULL,NULL,NULL),

(7797,1,6,NULL,'1401','2020-03-20 00:00:00',NULL,NULL,NULL),

(7798,1,7,NULL,'1401','2020-03-20 00:00:00',NULL,NULL,NULL),

(7799,1,8,NULL,'1401','2020-03-20 00:00:00',NULL,NULL,NULL),

(7800,1,9,NULL,'1401','2020-03-20 00:00:00',NULL,NULL,NULL),

(7801,1,10,NULL,'1401','2020-03-20 00:00:00',NULL,NULL,NULL),

(7802,1,11,NULL,'1401','2020-03-20 00:00:00',NULL,NULL,NULL),

(7803,1,12,NULL,'1401','2020-03-20 00:00:00',NULL,NULL,NULL),

(7804,1,13,NULL,'1401','2020-03-20 00:00:00',NULL,NULL,NULL),

(7805,1,14,NULL,'1401','2020-03-20 00:00:00',NULL,NULL,NULL),

(7806,1,15,NULL,'1401','2020-03-20 00:00:00',NULL,NULL,NULL),

(7807,1,16,NULL,'1401','2020-03-20 00:00:00',NULL,NULL,NULL),

(7808,1,17,NULL,'1401','2020-03-20 00:00:00',NULL,NULL,NULL),

(7809,1,18,NULL,'1401','2020-03-20 00:00:00',NULL,NULL,NULL),

(7810,1,19,NULL,'1401','2020-03-20 00:00:00',NULL,NULL,NULL),

(7811,1,20,NULL,'1401','2020-03-20 00:00:00',NULL,NULL,NULL),

(7812,1,21,NULL,'1401','2020-03-20 00:00:00',NULL,NULL,NULL),

(7813,1,22,NULL,'1401','2020-03-20 00:00:00',NULL,NULL,NULL),

(7814,1,23,NULL,'1401','2020-03-20 00:00:00',NULL,NULL,NULL),

(7815,1,24,NULL,'1401','2020-03-20 00:00:00',NULL,NULL,NULL),

(7816,1,25,NULL,'1401','2020-03-20 00:00:00',NULL,NULL,NULL),

(7817,1,26,NULL,'1401','2020-03-20 00:00:00',NULL,NULL,NULL),

(7818,1,27,NULL,'1401','2020-03-20 00:00:00',NULL,NULL,NULL),

(7819,1,28,NULL,'1401','2020-03-20 00:00:00',NULL,NULL,NULL),

(7820,1,29,NULL,'1401','2020-03-20 00:00:00',NULL,NULL,NULL),

(7821,1,30,NULL,'1401','2020-03-20 00:00:00',NULL,NULL,NULL),

(7822,1,31,NULL,'1401','2020-03-20 00:00:00',NULL,NULL,NULL),

(7823,1,32,NULL,'1401','2020-03-20 00:00:00',NULL,NULL,NULL),

(7824,1,33,NULL,'1401','2020-03-20 00:00:00',NULL,NULL,NULL),

(7825,1,34,NULL,'1401','2020-03-20 00:00:00',NULL,NULL,NULL),

(7826,1,35,NULL,'1401','2020-03-20 00:00:00',NULL,NULL,NULL),

(7827,1,36,NULL,'1401','2020-03-20 00:00:00',NULL,NULL,NULL),

(7828,1,37,NULL,'1401','2020-03-20 00:00:00',NULL,NULL,NULL),

(7829,1,38,NULL,'1401','2020-03-20 00:00:00',NULL,NULL,NULL),

(7830,1,39,NULL,'1401','2020-03-20 00:00:00',NULL,NULL,NULL),

(7831,1,40,NULL,'1401','2020-03-20 00:00:00',NULL,NULL,NULL),

(7832,2,1,NULL,'1401','2020-03-20 00:00:00',NULL,NULL,NULL),

(7833,2,2,NULL,'1401','2020-03-20 00:00:00',NULL,NULL,NULL),

(7834,2,3,NULL,'1401','2020-03-20 00:00:00',NULL,NULL,NULL),

(7835,2,4,NULL,'1401','2020-03-20 00:00:00',NULL,NULL,NULL),

(7836,2,5,NULL,'1401','2020-03-20 00:00:00',NULL,NULL,NULL),

(7837,2,6,NULL,'1401','2020-03-20 00:00:00',NULL,NULL,NULL),

(7838,2,7,NULL,'1401','2020-03-20 00:00:00',NULL,NULL,NULL),

(7839,2,8,NULL,'1401','2020-03-20 00:00:00',NULL,NULL,NULL),

(7840,2,9,NULL,'1401','2020-03-20 00:00:00',NULL,NULL,NULL),

(7841,2,10,NULL,'1401','2020-03-20 00:00:00',NULL,NULL,NULL),

(7842,2,11,NULL,'1401','2020-03-20 00:00:00',NULL,NULL,NULL),

(7843,2,12,NULL,'1401','2020-03-20 00:00:00',NULL,NULL,NULL),

(7844,2,13,NULL,'1401','2020-03-20 00:00:00',NULL,NULL,NULL),

(7845,2,14,NULL,'1401','2020-03-20 00:00:00',NULL,NULL,NULL),

(7846,2,15,NULL,'1401','2020-03-20 00:00:00',NULL,NULL,NULL),

(7847,2,16,NULL,'1401','2020-03-20 00:00:00',NULL,NULL,NULL),

(7848,2,17,NULL,'1401','2020-03-20 00:00:00',NULL,NULL,NULL),

(7849,2,18,NULL,'1401','2020-03-20 00:00:00',NULL,NULL,NULL),

(7850,2,19,NULL,'1401','2020-03-20 00:00:00',NULL,NULL,NULL),

(7851,2,20,NULL,'1401','2020-03-20 00:00:00',NULL,NULL,NULL),

(7852,2,21,NULL,'1401','2020-03-20 00:00:00',NULL,NULL,NULL),

(7853,2,22,NULL,'1401','2020-03-20 00:00:00',NULL,NULL,NULL),

(7854,2,23,NULL,'1401','2020-03-20 00:00:00',NULL,NULL,NULL),

(7855,2,24,NULL,'1401','2020-03-20 00:00:00',NULL,NULL,NULL),

(7856,2,25,NULL,'1401','2020-03-20 00:00:00',NULL,NULL,NULL),

(7857,2,26,NULL,'1401','2020-03-20 00:00:00',NULL,NULL,NULL),

(7858,2,27,NULL,'1401','2020-03-20 00:00:00',NULL,NULL,NULL),

(7859,2,28,NULL,'1401','2020-03-20 00:00:00',NULL,NULL,NULL),

(7860,2,29,NULL,'1401','2020-03-20 00:00:00',NULL,NULL,NULL),

(7861,2,30,NULL,'1401','2020-03-20 00:00:00',NULL,NULL,NULL),

(7862,2,31,NULL,'1401','2020-03-20 00:00:00',NULL,NULL,NULL),

(7863,2,32,NULL,'1401','2020-03-20 00:00:00',NULL,NULL,NULL),

(7864,2,33,NULL,'1401','2020-03-20 00:00:00',NULL,NULL,NULL),

(7865,2,34,NULL,'1401','2020-03-20 00:00:00',NULL,NULL,NULL),

(7866,2,35,NULL,'1401','2020-03-20 00:00:00',NULL,NULL,NULL),

(7867,2,36,NULL,'1401','2020-03-20 00:00:00',NULL,NULL,NULL),

(7868,2,37,NULL,'1401','2020-03-20 00:00:00',NULL,NULL,NULL),

(7869,2,38,NULL,'1401','2020-03-20 00:00:00',NULL,NULL,NULL),

(7870,2,39,NULL,'1401','2020-03-20 00:00:00',NULL,NULL,NULL),

(7871,2,40,NULL,'1401','2020-03-20 00:00:00',NULL,NULL,NULL),

(7872,1,32,3186,'1403','2020-03-16 00:00:00','2020-03-20 00:00:00','2020-03-20 00:00:00',NULL),

(7873,1,6,3187,'1403','2020-03-15 00:00:00','2020-03-20 00:00:00','2020-03-20 00:00:00',NULL),

(7874,1,2,3188,'1403','2020-03-15 00:00:00','2020-03-20 00:00:00','2020-03-20 00:00:00',NULL),

(7875,1,5,3189,'1403','2020-03-15 00:00:00','2020-03-20 00:00:00','2020-03-20 00:00:00',NULL),

(7876,1,40,3190,'1403','2020-03-16 00:00:00','2020-03-20 00:00:00','2020-03-20 00:00:00',NULL),

(7877,1,21,3191,'1403','2020-03-16 00:00:00','2020-03-20 00:00:00','2020-03-20 00:00:00',NULL),

(7878,1,38,3195,'1403','2020-03-16 00:00:00','2020-03-20 00:00:00','2020-03-20 00:00:00',NULL),

(7879,1,37,3196,'1403','2020-03-16 00:00:00','2020-03-20 00:00:00','2020-03-20 00:00:00',NULL),

(7880,1,18,3198,'1403','2020-03-16 00:00:00','2020-03-20 00:00:00','2020-03-20 00:00:00',NULL),

(7881,1,24,3199,'1403','2020-03-16 00:00:00','2020-03-20 00:00:00','2020-03-20 00:00:00',NULL),

(7882,1,8,3201,'1403','2020-03-15 00:00:00','2020-03-20 00:00:00','2020-03-20 00:00:00',NULL),

(7883,1,27,3203,'1403','2020-03-16 00:00:00','2020-03-20 00:00:00','2020-03-20 00:00:00',NULL),

(7884,1,39,3208,'1403','2020-03-16 00:00:00','2020-03-20 00:00:00','2020-03-20 00:00:00',NULL);

/*Table structure for table `date_info` */

DROP TABLE IF EXISTS `date_info`;

CREATE TABLE `date_info` (
  `date_id` int(11) NOT NULL,
  `week_id` int(11) DEFAULT NULL,
  `week_day` int(11) DEFAULT NULL,
  `day` int(11) DEFAULT NULL,
  `month` int(11) DEFAULT NULL,
  `quarter` int(11) DEFAULT NULL,
  `year` int(11) DEFAULT NULL,
  `is_workday` int(11) DEFAULT NULL,
  `holiday_id` int(11) DEFAULT NULL,
  PRIMARY KEY (`date_id`)
) ENGINE=InnoDB DEFAULT CHARSET=utf8;

/*Data for the table `date_info` */

insert  into `date_info`(`date_id`,`week_id`,`week_day`,`day`,`month`,`quarter`,`year`,`is_workday`,`holiday_id`) values 

(20190101,1,3,1,1,1,2019,0,1),

(20190102,1,4,2,1,1,2019,0,0),

(20190103,1,5,3,1,1,2019,0,0),

(20190104,1,6,4,1,1,2019,1,0),

(20190105,1,7,5,1,1,2019,1,0),

(20190106,1,1,6,1,1,2019,0,0),

(20190107,2,2,7,1,1,2019,0,0),

(20190108,2,3,8,1,1,2019,0,0),

(20190109,2,4,9,1,1,2019,0,0),

(20190110,2,5,10,1,1,2019,0,0),

(20190111,2,6,11,1,1,2019,1,0),

(20190112,2,7,12,1,1,2019,1,0),

(20190113,2,1,13,1,1,2019,0,0),

(20190114,3,2,14,1,1,2019,0,0),

(20190115,3,3,15,1,1,2019,0,0),

(20190116,3,4,16,1,1,2019,0,0),

(20190117,3,5,17,1,1,2019,0,0),

(20190118,3,6,18,1,1,2019,1,0),

(20190119,3,7,19,1,1,2019,1,0),

(20190120,3,1,20,1,1,2019,0,0),

(20190121,4,2,21,1,1,2019,0,0),

(20190122,4,3,22,1,1,2019,0,0),

(20190123,4,4,23,1,1,2019,0,0),

(20190124,4,5,24,1,1,2019,0,0),

(20190125,4,6,25,1,1,2019,1,0),

(20190126,4,7,26,1,1,2019,1,0),

(20190127,4,1,27,1,1,2019,0,0),

(20190128,5,2,28,1,1,2019,0,0),

(20190129,5,3,29,1,1,2019,0,0),

(20190130,5,4,30,1,1,2019,0,0),

(20190131,5,5,31,1,1,2019,0,0),

(20190201,5,6,1,2,1,2019,1,0),

(20190202,5,7,2,2,1,2019,1,0),

(20190203,5,1,3,2,1,2019,0,0),

(20190204,6,2,4,2,1,2019,0,2),

(20190205,6,3,5,2,1,2019,0,2),

(20190206,6,4,6,2,1,2019,0,2),

(20190207,6,5,7,2,1,2019,0,2),

(20190208,6,6,8,2,1,2019,1,2),

(20190209,6,7,9,2,1,2019,1,2),

(20190210,6,1,10,2,1,2019,0,2),

(20190211,7,2,11,2,1,2019,0,0),

(20190212,7,3,12,2,1,2019,0,0),

(20190213,7,4,13,2,1,2019,0,0),

(20190214,7,5,14,2,1,2019,0,0),

(20190215,7,6,15,2,1,2019,1,0),

(20190216,7,7,16,2,1,2019,1,0),

(20190217,7,1,17,2,1,2019,0,0),

(20190218,8,2,18,2,1,2019,0,0),

(20190219,8,3,19,2,1,2019,0,0),

(20190220,8,4,20,2,1,2019,0,0),

(20190221,8,5,21,2,1,2019,0,0),

(20190222,8,6,22,2,1,2019,1,0),

(20190223,8,7,23,2,1,2019,1,0),

(20190224,8,1,24,2,1,2019,0,0),

(20190225,9,2,25,2,1,2019,0,0),

(20190226,9,3,26,2,1,2019,0,0),

(20190227,9,4,27,2,1,2019,0,0),

(20190228,9,5,28,2,1,2019,0,0),

(20190301,9,6,1,3,1,2019,1,0),

(20190302,9,7,2,3,1,2019,1,0),

(20190303,9,1,3,3,1,2019,0,0),

(20190304,10,2,4,3,1,2019,0,0),

(20190305,10,3,5,3,1,2019,0,0),

(20190306,10,4,6,3,1,2019,0,0),

(20190307,10,5,7,3,1,2019,0,0),

(20190308,10,6,8,3,1,2019,1,0),

(20190309,10,7,9,3,1,2019,1,0),

(20190310,10,1,10,3,1,2019,0,0),

(20190311,11,2,11,3,1,2019,0,0),

(20190312,11,3,12,3,1,2019,0,0),

(20190313,11,4,13,3,1,2019,0,0),

(20190314,11,5,14,3,1,2019,0,0),

(20190315,11,6,15,3,1,2019,1,0),

(20190316,11,7,16,3,1,2019,1,0),

(20190317,11,1,17,3,1,2019,0,0),

(20190318,12,2,18,3,1,2019,0,0),

(20190319,12,3,19,3,1,2019,0,0),

(20190320,12,4,20,3,1,2019,0,0),

(20190321,12,5,21,3,1,2019,0,0),

(20190322,12,6,22,3,1,2019,1,0),

(20190323,12,7,23,3,1,2019,1,0),

(20190324,12,1,24,3,1,2019,0,0),

(20190325,13,2,25,3,1,2019,0,0),

(20190326,13,3,26,3,1,2019,0,0),

(20190327,13,4,27,3,1,2019,0,0),

(20190328,13,5,28,3,1,2019,0,0),

(20190329,13,6,29,3,1,2019,1,0),

(20190330,13,7,30,3,1,2019,1,0),

(20190331,13,1,31,3,1,2019,0,0),

(20190401,14,2,1,4,2,2019,0,0),

(20190402,14,3,2,4,2,2019,0,0),

(20190403,14,4,3,4,2,2019,0,0),

(20190404,14,5,4,4,2,2019,0,0),

(20190405,14,6,5,4,2,2019,1,3),

(20190406,14,7,6,4,2,2019,1,3),

(20190407,14,1,7,4,2,2019,0,3),

(20190408,15,2,8,4,2,2019,0,0),

(20190409,15,3,9,4,2,2019,0,0),

(20190410,15,4,10,4,2,2019,0,0),

(20190411,15,5,11,4,2,2019,0,0),

(20190412,15,6,12,4,2,2019,1,0),

(20190413,15,7,13,4,2,2019,1,0),

(20190414,15,1,14,4,2,2019,0,0),

(20190415,16,2,15,4,2,2019,0,0),

(20190416,16,3,16,4,2,2019,0,0),

(20190417,16,4,17,4,2,2019,0,0),

(20190418,16,5,18,4,2,2019,0,0),

(20190419,16,6,19,4,2,2019,1,0),

(20190420,16,7,20,4,2,2019,1,0),

(20190421,16,1,21,4,2,2019,0,0),

(20190422,17,2,22,4,2,2019,0,0),

(20190423,17,3,23,4,2,2019,0,0),

(20190424,17,4,24,4,2,2019,0,0),

(20190425,17,5,25,4,2,2019,0,0),

(20190426,17,6,26,4,2,2019,1,0),

(20190427,17,7,27,4,2,2019,1,0),

(20190428,17,1,28,4,2,2019,0,0),

(20190429,18,2,29,4,2,2019,0,4),

(20190430,18,3,30,4,2,2019,0,4),

(20190501,18,4,1,5,2,2019,0,4),

(20190502,18,5,2,5,2,2019,0,0),

(20190503,18,6,3,5,2,2019,1,0),

(20190504,18,7,4,5,2,2019,1,0),

(20190505,18,1,5,5,2,2019,0,0),

(20190506,19,2,6,5,2,2019,0,0),

(20190507,19,3,7,5,2,2019,0,0),

(20190508,19,4,8,5,2,2019,0,0),

(20190509,19,5,9,5,2,2019,0,0),

(20190510,19,6,10,5,2,2019,1,0),

(20190511,19,7,11,5,2,2019,1,0),

(20190512,19,1,12,5,2,2019,0,0),

(20190513,20,2,13,5,2,2019,0,0),

(20190514,20,3,14,5,2,2019,0,0),

(20190515,20,4,15,5,2,2019,0,0),

(20190516,20,5,16,5,2,2019,0,0),

(20190517,20,6,17,5,2,2019,1,0),

(20190518,20,7,18,5,2,2019,1,0),

(20190519,20,1,19,5,2,2019,0,0),

(20190520,21,2,20,5,2,2019,0,0),

(20190521,21,3,21,5,2,2019,0,0),

(20190522,21,4,22,5,2,2019,0,0),

(20190523,21,5,23,5,2,2019,0,0),

(20190524,21,6,24,5,2,2019,1,0),

(20190525,21,7,25,5,2,2019,1,0),

(20190526,21,1,26,5,2,2019,0,0),

(20190527,22,2,27,5,2,2019,0,0),

(20190528,22,3,28,5,2,2019,0,0),

(20190529,22,4,29,5,2,2019,0,0),

(20190530,22,5,30,5,2,2019,0,0),

(20190531,22,6,31,5,2,2019,1,0),

(20190601,22,7,1,6,2,2019,1,0),

(20190602,22,1,2,6,2,2019,0,0),

(20190603,23,2,3,6,2,2019,0,0),

(20190604,23,3,4,6,2,2019,0,0),

(20190605,23,4,5,6,2,2019,0,0),

(20190606,23,5,6,6,2,2019,0,0),

(20190607,23,6,7,6,2,2019,1,5),

(20190608,23,7,8,6,2,2019,1,5),

(20190609,23,1,9,6,2,2019,0,5),

(20190610,24,2,10,6,2,2019,0,0),

(20190611,24,3,11,6,2,2019,0,0),

(20190612,24,4,12,6,2,2019,0,0),

(20190613,24,5,13,6,2,2019,0,0),

(20190614,24,6,14,6,2,2019,1,0),

(20190615,24,7,15,6,2,2019,1,0),

(20190616,24,1,16,6,2,2019,0,0),

(20190617,25,2,17,6,2,2019,0,0),

(20190618,25,3,18,6,2,2019,0,0),

(20190619,25,4,19,6,2,2019,0,0),

(20190620,25,5,20,6,2,2019,0,0),

(20190621,25,6,21,6,2,2019,1,0),

(20190622,25,7,22,6,2,2019,1,0),

(20190623,25,1,23,6,2,2019,0,0),

(20190624,26,2,24,6,2,2019,0,0),

(20190625,26,3,25,6,2,2019,0,0),

(20190626,26,4,26,6,2,2019,0,0),

(20190627,26,5,27,6,2,2019,0,0),

(20190628,26,6,28,6,2,2019,1,0),

(20190629,26,7,29,6,2,2019,1,0),

(20190630,26,1,30,6,2,2019,0,0),

(20190701,27,2,1,7,3,2019,0,0),

(20190702,27,3,2,7,3,2019,0,0),

(20190703,27,4,3,7,3,2019,0,0),

(20190704,27,5,4,7,3,2019,0,0),

(20190705,27,6,5,7,3,2019,1,0),

(20190706,27,7,6,7,3,2019,1,0),

(20190707,27,1,7,7,3,2019,0,0),

(20190708,28,2,8,7,3,2019,0,0),

(20190709,28,3,9,7,3,2019,0,0),

(20190710,28,4,10,7,3,2019,0,0),

(20190711,28,5,11,7,3,2019,0,0),

(20190712,28,6,12,7,3,2019,1,0),

(20190713,28,7,13,7,3,2019,1,0),

(20190714,28,1,14,7,3,2019,0,0),

(20190715,29,2,15,7,3,2019,0,0),

(20190716,29,3,16,7,3,2019,0,0),

(20190717,29,4,17,7,3,2019,0,0),

(20190718,29,5,18,7,3,2019,0,0),

(20190719,29,6,19,7,3,2019,1,0),

(20190720,29,7,20,7,3,2019,1,0),

(20190721,29,1,21,7,3,2019,0,0),

(20190722,30,2,22,7,3,2019,0,0),

(20190723,30,3,23,7,3,2019,0,0),

(20190724,30,4,24,7,3,2019,0,0),

(20190725,30,5,25,7,3,2019,0,0),

(20190726,30,6,26,7,3,2019,1,0),

(20190727,30,7,27,7,3,2019,1,0),

(20190728,30,1,28,7,3,2019,0,0),

(20190729,31,2,29,7,3,2019,0,0),

(20190730,31,3,30,7,3,2019,0,0),

(20190731,31,4,31,7,3,2019,0,0),

(20190801,31,5,1,8,3,2019,0,0),

(20190802,31,6,2,8,3,2019,1,0),

(20190803,31,7,3,8,3,2019,1,0),

(20190804,31,1,4,8,3,2019,0,0),

(20190805,32,2,5,8,3,2019,0,0),

(20190806,32,3,6,8,3,2019,0,0),

(20190807,32,4,7,8,3,2019,0,0),

(20190808,32,5,8,8,3,2019,0,0),

(20190809,32,6,9,8,3,2019,1,0),

(20190810,32,7,10,8,3,2019,1,0),

(20190811,32,1,11,8,3,2019,0,0),

(20190812,33,2,12,8,3,2019,0,0),

(20190813,33,3,13,8,3,2019,0,0),

(20190814,33,4,14,8,3,2019,0,0),

(20190815,33,5,15,8,3,2019,0,0),

(20190816,33,6,16,8,3,2019,1,0),

(20190817,33,7,17,8,3,2019,1,0),

(20190818,33,1,18,8,3,2019,0,0),

(20190819,34,2,19,8,3,2019,0,0),

(20190820,34,3,20,8,3,2019,0,0),

(20190821,34,4,21,8,3,2019,0,0),

(20190822,34,5,22,8,3,2019,0,0),

(20190823,34,6,23,8,3,2019,1,0),

(20190824,34,7,24,8,3,2019,1,0),

(20190825,34,1,25,8,3,2019,0,0),

(20190826,35,2,26,8,3,2019,0,0),

(20190827,35,3,27,8,3,2019,0,0),

(20190828,35,4,28,8,3,2019,0,0),

(20190829,35,5,29,8,3,2019,0,0),

(20190830,35,6,30,8,3,2019,1,0),

(20190831,35,7,31,8,3,2019,1,0),

(20190901,35,1,1,9,3,2019,0,0),

(20190902,36,2,2,9,3,2019,0,0),

(20190903,36,3,3,9,3,2019,0,0),

(20190904,36,4,4,9,3,2019,0,0),

(20190905,36,5,5,9,3,2019,0,0),

(20190906,36,6,6,9,3,2019,1,0),

(20190907,36,7,7,9,3,2019,1,0),

(20190908,36,1,8,9,3,2019,0,0),

(20190909,37,2,9,9,3,2019,0,0),

(20190910,37,3,10,9,3,2019,0,0),

(20190911,37,4,11,9,3,2019,0,0),

(20190912,37,5,12,9,3,2019,0,0),

(20190913,37,6,13,9,3,2019,1,6),

(20190914,37,7,14,9,3,2019,1,6),

(20190915,37,1,15,9,3,2019,0,6),

(20190916,38,2,16,9,3,2019,0,0),

(20190917,38,3,17,9,3,2019,0,0),

(20190918,38,4,18,9,3,2019,0,0),

(20190919,38,5,19,9,3,2019,0,0),

(20190920,38,6,20,9,3,2019,1,0),

(20190921,38,7,21,9,3,2019,1,0),

(20190922,38,1,22,9,3,2019,0,0),

(20190923,39,2,23,9,3,2019,0,0),

(20190924,39,3,24,9,3,2019,0,0),

(20190925,39,4,25,9,3,2019,0,0),

(20190926,39,5,26,9,3,2019,0,0),

(20190927,39,6,27,9,3,2019,1,0),

(20190928,39,7,28,9,3,2019,1,0),

(20190929,39,1,29,9,3,2019,0,0),

(20190930,40,2,30,9,3,2019,0,0),

(20191001,40,3,1,10,4,2019,0,7),

(20191002,40,4,2,10,4,2019,0,7),

(20191003,40,5,3,10,4,2019,0,7),

(20191004,40,6,4,10,4,2019,1,7),

(20191005,40,7,5,10,4,2019,1,7),

(20191006,40,1,6,10,4,2019,0,7),

(20191007,41,2,7,10,4,2019,0,7),

(20191008,41,3,8,10,4,2019,0,0),

(20191009,41,4,9,10,4,2019,0,0),

(20191010,41,5,10,10,4,2019,0,0),

(20191011,41,6,11,10,4,2019,1,0),

(20191012,41,7,12,10,4,2019,1,0),

(20191013,41,1,13,10,4,2019,0,0),

(20191014,42,2,14,10,4,2019,0,0),

(20191015,42,3,15,10,4,2019,0,0),

(20191016,42,4,16,10,4,2019,0,0),

(20191017,42,5,17,10,4,2019,0,0),

(20191018,42,6,18,10,4,2019,1,0),

(20191019,42,7,19,10,4,2019,1,0),

(20191020,42,1,20,10,4,2019,0,0),

(20191021,43,2,21,10,4,2019,0,0),

(20191022,43,3,22,10,4,2019,0,0),

(20191023,43,4,23,10,4,2019,0,0),

(20191024,43,5,24,10,4,2019,0,0),

(20191025,43,6,25,10,4,2019,1,0),

(20191026,43,7,26,10,4,2019,1,0),

(20191027,43,1,27,10,4,2019,0,0),

(20191028,44,2,28,10,4,2019,0,0),

(20191029,44,3,29,10,4,2019,0,0),

(20191030,44,4,30,10,4,2019,0,0),

(20191031,44,5,31,10,4,2019,0,0),

(20191101,44,6,1,11,4,2019,1,0),

(20191102,44,7,2,11,4,2019,1,0),

(20191103,44,1,3,11,4,2019,0,0),

(20191104,45,2,4,11,4,2019,0,0),

(20191105,45,3,5,11,4,2019,0,0),

(20191106,45,4,6,11,4,2019,0,0),

(20191107,45,5,7,11,4,2019,0,0),

(20191108,45,6,8,11,4,2019,1,0),

(20191109,45,7,9,11,4,2019,1,0),

(20191110,45,1,10,11,4,2019,0,0),

(20191111,46,2,11,11,4,2019,0,0),

(20191112,46,3,12,11,4,2019,0,0),

(20191113,46,4,13,11,4,2019,0,0),

(20191114,46,5,14,11,4,2019,0,0),

(20191115,46,6,15,11,4,2019,1,0),

(20191116,46,7,16,11,4,2019,1,0),

(20191117,46,1,17,11,4,2019,0,0),

(20191118,47,2,18,11,4,2019,0,0),

(20191119,47,3,19,11,4,2019,0,0),

(20191120,47,4,20,11,4,2019,0,0),

(20191121,47,5,21,11,4,2019,0,0),

(20191122,47,6,22,11,4,2019,1,0),

(20191123,47,7,23,11,4,2019,1,0),

(20191124,47,1,24,11,4,2019,0,0),

(20191125,48,2,25,11,4,2019,0,0),

(20191126,48,3,26,11,4,2019,0,0),

(20191127,48,4,27,11,4,2019,0,0),

(20191128,48,5,28,11,4,2019,0,0),

(20191129,48,6,29,11,4,2019,1,0),

(20191130,48,7,30,11,4,2019,1,0),

(20191201,48,1,1,12,4,2019,0,0),

(20191202,49,2,2,12,4,2019,0,0),

(20191203,49,3,3,12,4,2019,0,0),

(20191204,49,4,4,12,4,2019,0,0),

(20191205,49,5,5,12,4,2019,0,0),

(20191206,49,6,6,12,4,2019,1,0),

(20191207,49,7,7,12,4,2019,1,0),

(20191208,49,1,8,12,4,2019,0,0),

(20191209,50,2,9,12,4,2019,0,0),

(20191210,50,3,10,12,4,2019,0,0),

(20191211,50,4,11,12,4,2019,0,0),

(20191212,50,5,12,12,4,2019,0,0),

(20191213,50,6,13,12,4,2019,1,0),

(20191214,50,7,14,12,4,2019,1,0),

(20191215,50,1,15,12,4,2019,0,0),

(20191216,51,2,16,12,4,2019,0,0),

(20191217,51,3,17,12,4,2019,0,0),

(20191218,51,4,18,12,4,2019,0,0),

(20191219,51,5,19,12,4,2019,0,0),

(20191220,51,6,20,12,4,2019,1,0),

(20191221,51,7,21,12,4,2019,1,0),

(20191222,51,1,22,12,4,2019,0,0),

(20191223,52,2,23,12,4,2019,0,0),

(20191224,52,3,24,12,4,2019,0,0),

(20191225,52,4,25,12,4,2019,0,0),

(20191226,52,5,26,12,4,2019,0,0),

(20191227,52,6,27,12,4,2019,1,0),

(20191228,52,7,28,12,4,2019,1,0),

(20191229,52,1,29,12,4,2019,0,0),

(20191230,1,2,30,12,4,2019,0,0),

(20191231,1,3,31,12,4,2019,0,0),

(20200101,1,4,1,1,1,2020,0,0),

(20200102,1,5,2,1,1,2020,0,0),

(20200103,1,6,3,1,1,2020,1,0),

(20200104,1,7,4,1,1,2020,1,0),

(20200105,1,1,5,1,1,2020,0,0),

(20200106,2,2,6,1,1,2020,0,0),

(20200107,2,3,7,1,1,2020,0,0),

(20200108,2,4,8,1,1,2020,0,0),

(20200109,2,5,9,1,1,2020,0,0),

(20200110,2,6,10,1,1,2020,1,0),

(20200111,2,7,11,1,1,2020,1,0),

(20200112,2,1,12,1,1,2020,0,0),

(20200113,3,2,13,1,1,2020,0,0),

(20200114,3,3,14,1,1,2020,0,0),

(20200115,3,4,15,1,1,2020,0,0),

(20200116,3,5,16,1,1,2020,0,0),

(20200117,3,6,17,1,1,2020,1,0),

(20200118,3,7,18,1,1,2020,1,0),

(20200119,3,1,19,1,1,2020,0,0),

(20200120,4,2,20,1,1,2020,0,0),

(20200121,4,3,21,1,1,2020,0,0),

(20200122,4,4,22,1,1,2020,0,0),

(20200123,4,5,23,1,1,2020,0,0),

(20200124,4,6,24,1,1,2020,1,0),

(20200125,4,7,25,1,1,2020,1,0),

(20200126,4,1,26,1,1,2020,0,0),

(20200127,5,2,27,1,1,2020,0,0),

(20200128,5,3,28,1,1,2020,0,0),

(20200129,5,4,29,1,1,2020,0,0),

(20200130,5,5,30,1,1,2020,0,0),

(20200131,5,6,31,1,1,2020,1,0),

(20200201,5,7,1,2,1,2020,1,0),

(20200202,5,1,2,2,1,2020,0,0),

(20200203,6,2,3,2,1,2020,0,0),

(20200204,6,3,4,2,1,2020,0,0),

(20200205,6,4,5,2,1,2020,0,0),

(20200206,6,5,6,2,1,2020,0,0),

(20200207,6,6,7,2,1,2020,1,0),

(20200208,6,7,8,2,1,2020,1,0),

(20200209,6,1,9,2,1,2020,0,0),

(20200210,7,2,10,2,1,2020,0,0),

(20200211,7,3,11,2,1,2020,0,0),

(20200212,7,4,12,2,1,2020,0,0),

(20200213,7,5,13,2,1,2020,0,0),

(20200214,7,6,14,2,1,2020,1,0),

(20200215,7,7,15,2,1,2020,1,0),

(20200216,7,1,16,2,1,2020,0,0),

(20200217,8,2,17,2,1,2020,0,0),

(20200218,8,3,18,2,1,2020,0,0),

(20200219,8,4,19,2,1,2020,0,0),

(20200220,8,5,20,2,1,2020,0,0),

(20200221,8,6,21,2,1,2020,1,0),

(20200222,8,7,22,2,1,2020,1,0),

(20200223,8,1,23,2,1,2020,0,0),

(20200224,9,2,24,2,1,2020,0,0),

(20200225,9,3,25,2,1,2020,0,0),

(20200226,9,4,26,2,1,2020,0,0),

(20200227,9,5,27,2,1,2020,0,0),

(20200228,9,6,28,2,1,2020,1,0),

(20200229,9,7,29,2,1,2020,1,0),

(20200301,9,1,1,3,1,2020,0,0),

(20200302,10,2,2,3,1,2020,0,0),

(20200303,10,3,3,3,1,2020,0,0),

(20200304,10,4,4,3,1,2020,0,0),

(20200305,10,5,5,3,1,2020,0,0),

(20200306,10,6,6,3,1,2020,1,0),

(20200307,10,7,7,3,1,2020,1,0),

(20200308,10,1,8,3,1,2020,0,0),

(20200309,11,2,9,3,1,2020,0,0),

(20200310,11,3,10,3,1,2020,0,0),

(20200311,11,4,11,3,1,2020,0,0),

(20200312,11,5,12,3,1,2020,0,0),

(20200313,11,6,13,3,1,2020,1,0),

(20200314,11,7,14,3,1,2020,1,0),

(20200315,11,1,15,3,1,2020,0,0),

(20200316,12,2,16,3,1,2020,0,0),

(20200317,12,3,17,3,1,2020,0,0),

(20200318,12,4,18,3,1,2020,0,0),

(20200319,12,5,19,3,1,2020,0,0),

(20200320,12,6,20,3,1,2020,1,0),

(20200321,12,7,21,3,1,2020,1,0),

(20200322,12,1,22,3,1,2020,0,0),

(20200323,13,2,23,3,1,2020,0,0),

(20200324,13,3,24,3,1,2020,0,0),

(20200325,13,4,25,3,1,2020,0,0),

(20200326,13,5,26,3,1,2020,0,0),

(20200327,13,6,27,3,1,2020,1,0),

(20200328,13,7,28,3,1,2020,1,0),

(20200329,13,1,29,3,1,2020,0,0),

(20200330,14,2,30,3,1,2020,0,0),

(20200331,14,3,31,3,1,2020,0,0),

(20200401,14,4,1,4,2,2020,0,0),

(20200402,14,5,2,4,2,2020,0,0),

(20200403,14,6,3,4,2,2020,1,0),

(20200404,14,7,4,4,2,2020,1,0),

(20200405,14,1,5,4,2,2020,0,0),

(20200406,15,2,6,4,2,2020,0,0),

(20200407,15,3,7,4,2,2020,0,0),

(20200408,15,4,8,4,2,2020,0,0),

(20200409,15,5,9,4,2,2020,0,0),

(20200410,15,6,10,4,2,2020,1,0),

(20200411,15,7,11,4,2,2020,1,0),

(20200412,15,1,12,4,2,2020,0,0),

(20200413,16,2,13,4,2,2020,0,0),

(20200414,16,3,14,4,2,2020,0,0),

(20200415,16,4,15,4,2,2020,0,0),

(20200416,16,5,16,4,2,2020,0,0),

(20200417,16,6,17,4,2,2020,1,0),

(20200418,16,7,18,4,2,2020,1,0),

(20200419,16,1,19,4,2,2020,0,0),

(20200420,17,2,20,4,2,2020,0,0),

(20200421,17,3,21,4,2,2020,0,0),

(20200422,17,4,22,4,2,2020,0,0),

(20200423,17,5,23,4,2,2020,0,0),

(20200424,17,6,24,4,2,2020,1,0),

(20200425,17,7,25,4,2,2020,1,0),

(20200426,17,1,26,4,2,2020,0,0),

(20200427,18,2,27,4,2,2020,0,0),

(20200428,18,3,28,4,2,2020,0,0),

(20200429,18,4,29,4,2,2020,0,0),

(20200430,18,5,30,4,2,2020,0,0),

(20200501,18,6,1,5,2,2020,1,0),

(20200502,18,7,2,5,2,2020,1,0),

(20200503,18,1,3,5,2,2020,0,0),

(20200504,19,2,4,5,2,2020,0,0),

(20200505,19,3,5,5,2,2020,0,0),

(20200506,19,4,6,5,2,2020,0,0),

(20200507,19,5,7,5,2,2020,0,0),

(20200508,19,6,8,5,2,2020,1,0),

(20200509,19,7,9,5,2,2020,1,0),

(20200510,19,1,10,5,2,2020,0,0),

(20200511,20,2,11,5,2,2020,0,0),

(20200512,20,3,12,5,2,2020,0,0),

(20200513,20,4,13,5,2,2020,0,0),

(20200514,20,5,14,5,2,2020,0,0),

(20200515,20,6,15,5,2,2020,1,0),

(20200516,20,7,16,5,2,2020,1,0),

(20200517,20,1,17,5,2,2020,0,0),

(20200518,21,2,18,5,2,2020,0,0),

(20200519,21,3,19,5,2,2020,0,0),

(20200520,21,4,20,5,2,2020,0,0),

(20200521,21,5,21,5,2,2020,0,0),

(20200522,21,6,22,5,2,2020,1,0),

(20200523,21,7,23,5,2,2020,1,0),

(20200524,21,1,24,5,2,2020,0,0),

(20200525,22,2,25,5,2,2020,0,0),

(20200526,22,3,26,5,2,2020,0,0),

(20200527,22,4,27,5,2,2020,0,0),

(20200528,22,5,28,5,2,2020,0,0),

(20200529,22,6,29,5,2,2020,1,0),

(20200530,22,7,30,5,2,2020,1,0),

(20200531,22,1,31,5,2,2020,0,0),

(20200601,23,2,1,6,2,2020,0,0),

(20200602,23,3,2,6,2,2020,0,0),

(20200603,23,4,3,6,2,2020,0,0),

(20200604,23,5,4,6,2,2020,0,0),

(20200605,23,6,5,6,2,2020,1,0),

(20200606,23,7,6,6,2,2020,1,0),

(20200607,23,1,7,6,2,2020,0,0),

(20200608,24,2,8,6,2,2020,0,0),

(20200609,24,3,9,6,2,2020,0,0),

(20200610,24,4,10,6,2,2020,0,0),

(20200611,24,5,11,6,2,2020,0,0),

(20200612,24,6,12,6,2,2020,1,0),

(20200613,24,7,13,6,2,2020,1,0),

(20200614,24,1,14,6,2,2020,0,0),

(20200615,25,2,15,6,2,2020,0,0),

(20200616,25,3,16,6,2,2020,0,0),

(20200617,25,4,17,6,2,2020,0,0),

(20200618,25,5,18,6,2,2020,0,0),

(20200619,25,6,19,6,2,2020,1,0),

(20200620,25,7,20,6,2,2020,1,0),

(20200621,25,1,21,6,2,2020,0,0),

(20200622,26,2,22,6,2,2020,0,0),

(20200623,26,3,23,6,2,2020,0,0),

(20200624,26,4,24,6,2,2020,0,0),

(20200625,26,5,25,6,2,2020,0,0),

(20200626,26,6,26,6,2,2020,1,0),

(20200627,26,7,27,6,2,2020,1,0),

(20200628,26,1,28,6,2,2020,0,0),

(20200629,27,2,29,6,2,2020,0,0),

(20200630,27,3,30,6,2,2020,0,0),

(20200701,27,4,1,7,3,2020,0,0),

(20200702,27,5,2,7,3,2020,0,0),

(20200703,27,6,3,7,3,2020,1,0),

(20200704,27,7,4,7,3,2020,1,0),

(20200705,27,1,5,7,3,2020,0,0),

(20200706,28,2,6,7,3,2020,0,0),

(20200707,28,3,7,7,3,2020,0,0),

(20200708,28,4,8,7,3,2020,0,0),

(20200709,28,5,9,7,3,2020,0,0),

(20200710,28,6,10,7,3,2020,1,0),

(20200711,28,7,11,7,3,2020,1,0),

(20200712,28,1,12,7,3,2020,0,0),

(20200713,29,2,13,7,3,2020,0,0),

(20200714,29,3,14,7,3,2020,0,0),

(20200715,29,4,15,7,3,2020,0,0),

(20200716,29,5,16,7,3,2020,0,0),

(20200717,29,6,17,7,3,2020,1,0),

(20200718,29,7,18,7,3,2020,1,0),

(20200719,29,1,19,7,3,2020,0,0),

(20200720,30,2,20,7,3,2020,0,0),

(20200721,30,3,21,7,3,2020,0,0),

(20200722,30,4,22,7,3,2020,0,0),

(20200723,30,5,23,7,3,2020,0,0),

(20200724,30,6,24,7,3,2020,1,0),

(20200725,30,7,25,7,3,2020,1,0),

(20200726,30,1,26,7,3,2020,0,0),

(20200727,31,2,27,7,3,2020,0,0),

(20200728,31,3,28,7,3,2020,0,0),

(20200729,31,4,29,7,3,2020,0,0),

(20200730,31,5,30,7,3,2020,0,0),

(20200731,31,6,31,7,3,2020,1,0),

(20200801,31,7,1,8,3,2020,1,0),

(20200802,31,1,2,8,3,2020,0,0),

(20200803,32,2,3,8,3,2020,0,0),

(20200804,32,3,4,8,3,2020,0,0),

(20200805,32,4,5,8,3,2020,0,0),

(20200806,32,5,6,8,3,2020,0,0),

(20200807,32,6,7,8,3,2020,1,0),

(20200808,32,7,8,8,3,2020,1,0),

(20200809,32,1,9,8,3,2020,0,0),

(20200810,33,2,10,8,3,2020,0,0),

(20200811,33,3,11,8,3,2020,0,0),

(20200812,33,4,12,8,3,2020,0,0),

(20200813,33,5,13,8,3,2020,0,0),

(20200814,33,6,14,8,3,2020,1,0),

(20200815,33,7,15,8,3,2020,1,0),

(20200816,33,1,16,8,3,2020,0,0),

(20200817,34,2,17,8,3,2020,0,0),

(20200818,34,3,18,8,3,2020,0,0),

(20200819,34,4,19,8,3,2020,0,0),

(20200820,34,5,20,8,3,2020,0,0),

(20200821,34,6,21,8,3,2020,1,0),

(20200822,34,7,22,8,3,2020,1,0),

(20200823,34,1,23,8,3,2020,0,0),

(20200824,35,2,24,8,3,2020,0,0),

(20200825,35,3,25,8,3,2020,0,0),

(20200826,35,4,26,8,3,2020,0,0),

(20200827,35,5,27,8,3,2020,0,0),

(20200828,35,6,28,8,3,2020,1,0),

(20200829,35,7,29,8,3,2020,1,0),

(20200830,35,1,30,8,3,2020,0,0),

(20200831,36,2,31,8,3,2020,0,0),

(20200901,36,3,1,9,3,2020,0,0),

(20200902,36,4,2,9,3,2020,0,0),

(20200903,36,5,3,9,3,2020,0,0),

(20200904,36,6,4,9,3,2020,1,0),

(20200905,36,7,5,9,3,2020,1,0),

(20200906,36,1,6,9,3,2020,0,0),

(20200907,37,2,7,9,3,2020,0,0),

(20200908,37,3,8,9,3,2020,0,0),

(20200909,37,4,9,9,3,2020,0,0),

(20200910,37,5,10,9,3,2020,0,0),

(20200911,37,6,11,9,3,2020,1,0),

(20200912,37,7,12,9,3,2020,1,0),

(20200913,37,1,13,9,3,2020,0,0),

(20200914,38,2,14,9,3,2020,0,0),

(20200915,38,3,15,9,3,2020,0,0),

(20200916,38,4,16,9,3,2020,0,0),

(20200917,38,5,17,9,3,2020,0,0),

(20200918,38,6,18,9,3,2020,1,0),

(20200919,38,7,19,9,3,2020,1,0),

(20200920,38,1,20,9,3,2020,0,0),

(20200921,39,2,21,9,3,2020,0,0),

(20200922,39,3,22,9,3,2020,0,0),

(20200923,39,4,23,9,3,2020,0,0),

(20200924,39,5,24,9,3,2020,0,0),

(20200925,39,6,25,9,3,2020,1,0),

(20200926,39,7,26,9,3,2020,1,0),

(20200927,39,1,27,9,3,2020,0,0),

(20200928,40,2,28,9,3,2020,0,0),

(20200929,40,3,29,9,3,2020,0,0),

(20200930,40,4,30,9,3,2020,0,0),

(20201001,40,5,1,10,4,2020,0,0),

(20201002,40,6,2,10,4,2020,1,0),

(20201003,40,7,3,10,4,2020,1,0),

(20201004,40,1,4,10,4,2020,0,0),

(20201005,41,2,5,10,4,2020,0,0),

(20201006,41,3,6,10,4,2020,0,0),

(20201007,41,4,7,10,4,2020,0,0),

(20201008,41,5,8,10,4,2020,0,0),

(20201009,41,6,9,10,4,2020,1,0),

(20201010,41,7,10,10,4,2020,1,0),

(20201011,41,1,11,10,4,2020,0,0),

(20201012,42,2,12,10,4,2020,0,0),

(20201013,42,3,13,10,4,2020,0,0),

(20201014,42,4,14,10,4,2020,0,0),

(20201015,42,5,15,10,4,2020,0,0),

(20201016,42,6,16,10,4,2020,1,0),

(20201017,42,7,17,10,4,2020,1,0),

(20201018,42,1,18,10,4,2020,0,0),

(20201019,43,2,19,10,4,2020,0,0),

(20201020,43,3,20,10,4,2020,0,0),

(20201021,43,4,21,10,4,2020,0,0),

(20201022,43,5,22,10,4,2020,0,0),

(20201023,43,6,23,10,4,2020,1,0),

(20201024,43,7,24,10,4,2020,1,0),

(20201025,43,1,25,10,4,2020,0,0),

(20201026,44,2,26,10,4,2020,0,0),

(20201027,44,3,27,10,4,2020,0,0),

(20201028,44,4,28,10,4,2020,0,0),

(20201029,44,5,29,10,4,2020,0,0),

(20201030,44,6,30,10,4,2020,1,0),

(20201031,44,7,31,10,4,2020,1,0),

(20201101,44,1,1,11,4,2020,0,0),

(20201102,45,2,2,11,4,2020,0,0),

(20201103,45,3,3,11,4,2020,0,0),

(20201104,45,4,4,11,4,2020,0,0),

(20201105,45,5,5,11,4,2020,0,0),

(20201106,45,6,6,11,4,2020,1,0),

(20201107,45,7,7,11,4,2020,1,0),

(20201108,45,1,8,11,4,2020,0,0),

(20201109,46,2,9,11,4,2020,0,0),

(20201110,46,3,10,11,4,2020,0,0),

(20201111,46,4,11,11,4,2020,0,0),

(20201112,46,5,12,11,4,2020,0,0),

(20201113,46,6,13,11,4,2020,1,0),

(20201114,46,7,14,11,4,2020,1,0),

(20201115,46,1,15,11,4,2020,0,0),

(20201116,47,2,16,11,4,2020,0,0),

(20201117,47,3,17,11,4,2020,0,0),

(20201118,47,4,18,11,4,2020,0,0),

(20201119,47,5,19,11,4,2020,0,0),

(20201120,47,6,20,11,4,2020,1,0),

(20201121,47,7,21,11,4,2020,1,0),

(20201122,47,1,22,11,4,2020,0,0),

(20201123,48,2,23,11,4,2020,0,0),

(20201124,48,3,24,11,4,2020,0,0),

(20201125,48,4,25,11,4,2020,0,0),

(20201126,48,5,26,11,4,2020,0,0),

(20201127,48,6,27,11,4,2020,1,0),

(20201128,48,7,28,11,4,2020,1,0),

(20201129,48,1,29,11,4,2020,0,0),

(20201130,49,2,30,11,4,2020,0,0),

(20201201,49,3,1,12,4,2020,0,0),

(20201202,49,4,2,12,4,2020,0,0),

(20201203,49,5,3,12,4,2020,0,0),

(20201204,49,6,4,12,4,2020,1,0),

(20201205,49,7,5,12,4,2020,1,0),

(20201206,49,1,6,12,4,2020,0,0),

(20201207,50,2,7,12,4,2020,0,0),

(20201208,50,3,8,12,4,2020,0,0),

(20201209,50,4,9,12,4,2020,0,0),

(20201210,50,5,10,12,4,2020,0,0),

(20201211,50,6,11,12,4,2020,1,0),

(20201212,50,7,12,12,4,2020,1,0),

(20201213,50,1,13,12,4,2020,0,0),

(20201214,51,2,14,12,4,2020,0,0),

(20201215,51,3,15,12,4,2020,0,0),

(20201216,51,4,16,12,4,2020,0,0),

(20201217,51,5,17,12,4,2020,0,0),

(20201218,51,6,18,12,4,2020,1,0),

(20201219,51,7,19,12,4,2020,1,0),

(20201220,51,1,20,12,4,2020,0,0),

(20201221,52,2,21,12,4,2020,0,0),

(20201222,52,3,22,12,4,2020,0,0),

(20201223,52,4,23,12,4,2020,0,0),

(20201224,52,5,24,12,4,2020,0,0),

(20201225,52,6,25,12,4,2020,1,0),

(20201226,52,7,26,12,4,2020,1,0),

(20201227,52,1,27,12,4,2020,0,0),

(20201228,53,2,28,12,4,2020,0,0),

(20201229,53,3,29,12,4,2020,0,0),

(20201230,53,4,30,12,4,2020,0,0),

(20201231,53,5,31,12,4,2020,0,0);

/*Table structure for table `favor_info` */

DROP TABLE IF EXISTS `favor_info`;

CREATE TABLE `favor_info` (
  `id` bigint(20) NOT NULL AUTO_INCREMENT COMMENT '编号',
  `user_id` bigint(20) DEFAULT NULL COMMENT '用户名称',
  `sku_id` bigint(20) DEFAULT NULL COMMENT 'skuid',
  `spu_id` bigint(20) DEFAULT NULL COMMENT '商品id',
  `is_cancel` varchar(1) DEFAULT NULL COMMENT '是否已取消 0 正常 1 已取消',
  `create_time` datetime DEFAULT NULL COMMENT '创建时间',
  `cancel_time` datetime DEFAULT NULL COMMENT '修改时间',
  PRIMARY KEY (`id`)
) ENGINE=InnoDB AUTO_INCREMENT=1239581378462691336 DEFAULT CHARSET=utf8 COMMENT='商品收藏表';

/*Data for the table `favor_info` */

insert  into `favor_info`(`id`,`user_id`,`sku_id`,`spu_id`,`is_cancel`,`create_time`,`cancel_time`) values 

(1239107577815805954,3,1,NULL,'0','2020-03-15 00:00:00',NULL),

(1239107577815805955,2,12,NULL,'1','2020-03-15 00:00:00','2020-03-15 00:00:00'),

(1239107577815805956,1,12,NULL,'0','2020-03-15 00:00:00',NULL),

(1239107577815805957,4,1,NULL,'0','2020-03-15 00:00:00',NULL),

(1239107577815805958,7,12,NULL,'0','2020-03-15 00:00:00',NULL),

(1239107577828388865,7,3,NULL,'0','2020-03-15 00:00:00',NULL),

(1239107577828388866,9,6,NULL,'1','2020-03-15 00:00:00','2020-03-15 00:00:00'),

(1239107577828388867,3,7,NULL,'0','2020-03-15 00:00:00',NULL),

(1239107577828388868,5,6,NULL,'0','2020-03-15 00:00:00',NULL),

(1239107577828388869,2,4,NULL,'1','2020-03-15 00:00:00','2020-03-15 00:00:00'),

(1239107577836777474,1,11,NULL,'0','2020-03-15 00:00:00',NULL),

(1239107577836777475,5,10,NULL,'0','2020-03-15 00:00:00',NULL),

(1239107577836777476,3,1,NULL,'0','2020-03-15 00:00:00',NULL),

(1239107577836777477,8,1,NULL,'0','2020-03-15 00:00:00',NULL),

(1239107577836777478,9,2,NULL,'0','2020-03-15 00:00:00',NULL),

(1239107577836777479,3,7,NULL,'0','2020-03-15 00:00:00',NULL),

(1239107577836777480,7,13,NULL,'0','2020-03-15 00:00:00',NULL),

(1239107577836777481,5,4,NULL,'0','2020-03-15 00:00:00',NULL),

(1239107577836777482,6,4,NULL,'0','2020-03-15 00:00:00',NULL),

(1239107577836777483,4,4,NULL,'0','2020-03-15 00:00:00',NULL),

(1239107577845166082,10,7,NULL,'0','2020-03-15 00:00:00',NULL),

(1239107577845166083,8,7,NULL,'0','2020-03-15 00:00:00',NULL),

(1239107577845166084,5,7,NULL,'0','2020-03-15 00:00:00',NULL),

(1239107577845166085,5,8,NULL,'0','2020-03-15 00:00:00',NULL),

(1239107577845166086,1,11,NULL,'0','2020-03-15 00:00:00',NULL),

(1239107577845166087,9,10,NULL,'0','2020-03-15 00:00:00',NULL),

(1239107577845166088,6,1,NULL,'1','2020-03-15 00:00:00','2020-03-15 00:00:00'),

(1239107577845166089,7,12,NULL,'0','2020-03-15 00:00:00',NULL),

(1239107577845166090,5,10,NULL,'0','2020-03-15 00:00:00',NULL),

(1239107577845166091,7,5,NULL,'0','2020-03-15 00:00:00',NULL),

(1239107577853554690,6,2,NULL,'0','2020-03-15 00:00:00',NULL),

(1239107577853554691,4,4,NULL,'0','2020-03-15 00:00:00',NULL),

(1239107577853554692,4,1,NULL,'0','2020-03-15 00:00:00',NULL),

(1239107577853554693,7,3,NULL,'0','2020-03-15 00:00:00',NULL),

(1239107577853554694,4,8,NULL,'0','2020-03-15 00:00:00',NULL),

(1239107577853554695,5,6,NULL,'0','2020-03-15 00:00:00',NULL),

(1239107577853554696,9,8,NULL,'0','2020-03-15 00:00:00',NULL),

(1239107577853554697,4,12,NULL,'0','2020-03-15 00:00:00',NULL),

(1239107577853554698,3,5,NULL,'0','2020-03-15 00:00:00',NULL),

(1239107577853554699,2,9,NULL,'0','2020-03-15 00:00:00',NULL),

(1239107577853554700,8,12,NULL,'0','2020-03-15 00:00:00',NULL),

(1239107577853554701,3,10,NULL,'0','2020-03-15 00:00:00',NULL),

(1239107577861943298,8,2,NULL,'0','2020-03-15 00:00:00',NULL),

(1239107577861943299,10,2,NULL,'0','2020-03-15 00:00:00',NULL),

(1239107577861943300,3,7,NULL,'0','2020-03-15 00:00:00',NULL),

(1239107577861943301,7,5,NULL,'0','2020-03-15 00:00:00',NULL),

(1239107577861943302,4,6,NULL,'0','2020-03-15 00:00:00',NULL),

(1239107577861943303,6,3,NULL,'0','2020-03-15 00:00:00',NULL),

(1239107577861943304,4,9,NULL,'0','2020-03-15 00:00:00',NULL),

(1239107577861943305,8,6,NULL,'0','2020-03-15 00:00:00',NULL),

(1239107577861943306,1,10,NULL,'0','2020-03-15 00:00:00',NULL),

(1239107577861943307,10,7,NULL,'1','2020-03-15 00:00:00','2020-03-15 00:00:00'),

(1239107577861943308,3,13,NULL,'0','2020-03-15 00:00:00',NULL),

(1239107577870331905,2,5,NULL,'0','2020-03-15 00:00:00',NULL),

(1239107577870331906,5,1,NULL,'0','2020-03-15 00:00:00',NULL),

(1239107577870331907,4,12,NULL,'0','2020-03-15 00:00:00',NULL),

(1239107577870331908,2,10,NULL,'0','2020-03-15 00:00:00',NULL),

(1239107577870331909,1,11,NULL,'0','2020-03-15 00:00:00',NULL),

(1239107577870331910,10,5,NULL,'0','2020-03-15 00:00:00',NULL),

(1239107577870331911,3,13,NULL,'0','2020-03-15 00:00:00',NULL),

(1239107577870331912,10,13,NULL,'0','2020-03-15 00:00:00',NULL),

(1239107577870331913,9,6,NULL,'0','2020-03-15 00:00:00',NULL),

(1239107577870331914,7,9,NULL,'0','2020-03-15 00:00:00',NULL),

(1239107577870331915,4,11,NULL,'0','2020-03-15 00:00:00',NULL),

(1239107577870331916,9,2,NULL,'0','2020-03-15 00:00:00',NULL),

(1239107577870331917,7,1,NULL,'0','2020-03-15 00:00:00',NULL),

(1239107577870331918,7,2,NULL,'0','2020-03-15 00:00:00',NULL),

(1239107577878720514,3,12,NULL,'0','2020-03-15 00:00:00',NULL),

(1239107577878720515,6,1,NULL,'0','2020-03-15 00:00:00',NULL),

(1239107577878720516,1,6,NULL,'0','2020-03-15 00:00:00',NULL),

(1239107577878720517,8,12,NULL,'0','2020-03-15 00:00:00',NULL),

(1239107577878720518,7,3,NULL,'0','2020-03-15 00:00:00',NULL),

(1239107577878720519,4,5,NULL,'0','2020-03-15 00:00:00',NULL),

(1239107577878720520,5,1,NULL,'0','2020-03-15 00:00:00',NULL),

(1239107577878720521,6,6,NULL,'1','2020-03-15 00:00:00','2020-03-15 00:00:00'),

(1239107577878720522,7,7,NULL,'0','2020-03-15 00:00:00',NULL),

(1239107577878720523,2,13,NULL,'0','2020-03-15 00:00:00',NULL),

(1239107577878720524,8,11,NULL,'0','2020-03-15 00:00:00',NULL),

(1239107577878720525,4,2,NULL,'0','2020-03-15 00:00:00',NULL),

(1239107577887109121,2,10,NULL,'0','2020-03-15 00:00:00',NULL),

(1239107577887109122,9,1,NULL,'0','2020-03-15 00:00:00',NULL),

(1239107577887109123,3,10,NULL,'0','2020-03-15 00:00:00',NULL),

(1239107577887109124,4,12,NULL,'0','2020-03-15 00:00:00',NULL),

(1239107577887109125,3,2,NULL,'0','2020-03-15 00:00:00',NULL),

(1239107577887109126,10,10,NULL,'0','2020-03-15 00:00:00',NULL),

(1239107577887109127,8,7,NULL,'0','2020-03-15 00:00:00',NULL),

(1239107577887109128,1,10,NULL,'1','2020-03-15 00:00:00','2020-03-15 00:00:00'),

(1239107577887109129,7,5,NULL,'0','2020-03-15 00:00:00',NULL),

(1239107577887109130,7,7,NULL,'0','2020-03-15 00:00:00',NULL),

(1239107577887109131,8,8,NULL,'0','2020-03-15 00:00:00',NULL),

(1239107577887109132,1,1,NULL,'1','2020-03-15 00:00:00','2020-03-15 00:00:00'),

(1239107577887109133,2,9,NULL,'1','2020-03-15 00:00:00','2020-03-15 00:00:00'),

(1239107577887109134,7,9,NULL,'1','2020-03-15 00:00:00','2020-03-15 00:00:00'),

(1239107577895497730,6,11,NULL,'0','2020-03-15 00:00:00',NULL),

(1239107577895497731,10,13,NULL,'0','2020-03-15 00:00:00',NULL),

(1239107577895497732,2,5,NULL,'0','2020-03-15 00:00:00',NULL),

(1239107577895497733,5,1,NULL,'0','2020-03-15 00:00:00',NULL),

(1239107577895497734,8,4,NULL,'0','2020-03-15 00:00:00',NULL),

(1239107577895497735,10,3,NULL,'0','2020-03-15 00:00:00',NULL),

(1239107577895497736,6,10,NULL,'0','2020-03-15 00:00:00',NULL),

(1239107846515466242,7,11,NULL,'1','2020-03-16 00:00:00','2020-03-16 00:00:00'),

(1239107846515466243,14,12,NULL,'0','2020-03-16 00:00:00',NULL),

(1239107846515466244,5,3,NULL,'0','2020-03-16 00:00:00',NULL),

(1239107846515466245,15,13,NULL,'0','2020-03-16 00:00:00',NULL),

(1239107846515466246,5,5,NULL,'1','2020-03-16 00:00:00','2020-03-16 00:00:00'),

(1239107846515466247,15,2,NULL,'0','2020-03-16 00:00:00',NULL),

(1239107846528049154,7,11,NULL,'0','2020-03-16 00:00:00',NULL),

(1239107846528049155,17,13,NULL,'0','2020-03-16 00:00:00',NULL),

(1239107846528049156,8,13,NULL,'0','2020-03-16 00:00:00',NULL),

(1239107846528049157,8,10,NULL,'0','2020-03-16 00:00:00',NULL),

(1239107846528049158,17,7,NULL,'0','2020-03-16 00:00:00',NULL),

(1239107846536437762,11,4,NULL,'0','2020-03-16 00:00:00',NULL),

(1239107846536437763,9,1,NULL,'0','2020-03-16 00:00:00',NULL),

(1239107846536437764,7,2,NULL,'1','2020-03-16 00:00:00','2020-03-16 00:00:00'),

(1239107846536437765,3,7,NULL,'0','2020-03-16 00:00:00',NULL),

(1239107846536437766,19,10,NULL,'1','2020-03-16 00:00:00','2020-03-16 00:00:00'),

(1239107846536437767,6,6,NULL,'0','2020-03-16 00:00:00',NULL),

(1239107846536437768,19,4,NULL,'0','2020-03-16 00:00:00',NULL),

(1239107846544826370,16,9,NULL,'0','2020-03-16 00:00:00',NULL),

(1239107846544826371,5,10,NULL,'0','2020-03-16 00:00:00',NULL),

(1239107846544826372,19,13,NULL,'0','2020-03-16 00:00:00',NULL),

(1239107846544826373,4,10,NULL,'0','2020-03-16 00:00:00',NULL),

(1239107846544826374,14,1,NULL,'0','2020-03-16 00:00:00',NULL),

(1239107846544826375,2,9,NULL,'0','2020-03-16 00:00:00',NULL),

(1239107846544826376,5,3,NULL,'0','2020-03-16 00:00:00',NULL),

(1239107846544826377,4,5,NULL,'0','2020-03-16 00:00:00',NULL),

(1239107846544826378,12,2,NULL,'0','2020-03-16 00:00:00',NULL),

(1239107846544826379,20,8,NULL,'0','2020-03-16 00:00:00',NULL),

(1239107846544826380,1,9,NULL,'0','2020-03-16 00:00:00',NULL),

(1239107846544826381,1,5,NULL,'0','2020-03-16 00:00:00',NULL),

(1239107846553214978,20,8,NULL,'0','2020-03-16 00:00:00',NULL),

(1239107846553214979,19,1,NULL,'0','2020-03-16 00:00:00',NULL),

(1239107846553214980,8,8,NULL,'0','2020-03-16 00:00:00',NULL),

(1239107846553214981,7,11,NULL,'0','2020-03-16 00:00:00',NULL),

(1239107846553214982,1,1,NULL,'0','2020-03-16 00:00:00',NULL),

(1239107846553214983,18,12,NULL,'0','2020-03-16 00:00:00',NULL),

(1239107846553214984,4,8,NULL,'0','2020-03-16 00:00:00',NULL),

(1239107846553214985,12,2,NULL,'0','2020-03-16 00:00:00',NULL),

(1239107846553214986,17,5,NULL,'0','2020-03-16 00:00:00',NULL),

(1239107846553214987,9,12,NULL,'0','2020-03-16 00:00:00',NULL),

(1239107846553214988,6,1,NULL,'0','2020-03-16 00:00:00',NULL),

(1239107846553214989,11,1,NULL,'0','2020-03-16 00:00:00',NULL),

(1239107846553214990,14,4,NULL,'0','2020-03-16 00:00:00',NULL),

(1239107846561603585,14,6,NULL,'0','2020-03-16 00:00:00',NULL),

(1239107846561603586,17,10,NULL,'0','2020-03-16 00:00:00',NULL),

(1239107846561603587,14,12,NULL,'0','2020-03-16 00:00:00',NULL),

(1239107846561603588,16,9,NULL,'0','2020-03-16 00:00:00',NULL),

(1239107846561603589,6,7,NULL,'0','2020-03-16 00:00:00',NULL),

(1239107846561603590,1,1,NULL,'0','2020-03-16 00:00:00',NULL),

(1239107846561603591,13,3,NULL,'0','2020-03-16 00:00:00',NULL),

(1239107846561603592,15,11,NULL,'0','2020-03-16 00:00:00',NULL),

(1239107846561603593,9,3,NULL,'0','2020-03-16 00:00:00',NULL),

(1239107846561603594,12,8,NULL,'0','2020-03-16 00:00:00',NULL),

(1239107846561603595,13,8,NULL,'0','2020-03-16 00:00:00',NULL),

(1239107846561603596,2,5,NULL,'0','2020-03-16 00:00:00',NULL),

(1239107846561603597,3,5,NULL,'0','2020-03-16 00:00:00',NULL),

(1239107846561603598,2,4,NULL,'0','2020-03-16 00:00:00',NULL),

(1239107846569992193,11,10,NULL,'0','2020-03-16 00:00:00',NULL),

(1239107846569992194,7,3,NULL,'0','2020-03-16 00:00:00',NULL),

(1239107846569992195,7,2,NULL,'0','2020-03-16 00:00:00',NULL),

(1239107846569992196,14,2,NULL,'0','2020-03-16 00:00:00',NULL),

(1239107846569992197,20,4,NULL,'0','2020-03-16 00:00:00',NULL),

(1239107846569992198,10,6,NULL,'0','2020-03-16 00:00:00',NULL),

(1239107846569992199,18,12,NULL,'0','2020-03-16 00:00:00',NULL),

(1239107846569992200,20,8,NULL,'0','2020-03-16 00:00:00',NULL),

(1239107846569992201,10,11,NULL,'0','2020-03-16 00:00:00',NULL),

(1239107846569992202,5,11,NULL,'0','2020-03-16 00:00:00',NULL),

(1239107846569992203,7,9,NULL,'0','2020-03-16 00:00:00',NULL),

(1239107846569992204,4,3,NULL,'0','2020-03-16 00:00:00',NULL),

(1239107846569992205,14,11,NULL,'1','2020-03-16 00:00:00','2020-03-16 00:00:00'),

(1239107846578380802,19,2,NULL,'0','2020-03-16 00:00:00',NULL),

(1239107846578380803,2,7,NULL,'0','2020-03-16 00:00:00',NULL),

(1239107846578380804,20,1,NULL,'0','2020-03-16 00:00:00',NULL),

(1239107846578380805,4,3,NULL,'1','2020-03-16 00:00:00','2020-03-16 00:00:00'),

(1239107846578380806,7,13,NULL,'1','2020-03-16 00:00:00','2020-03-16 00:00:00'),

(1239107846578380807,12,1,NULL,'0','2020-03-16 00:00:00',NULL),

(1239107846578380808,19,1,NULL,'0','2020-03-16 00:00:00',NULL),

(1239107846578380809,11,12,NULL,'1','2020-03-16 00:00:00','2020-03-16 00:00:00'),

(1239107846578380810,17,10,NULL,'0','2020-03-16 00:00:00',NULL),

(1239107846586769410,20,2,NULL,'0','2020-03-16 00:00:00',NULL),

(1239107846586769411,9,3,NULL,'0','2020-03-16 00:00:00',NULL),

(1239107846586769412,14,7,NULL,'0','2020-03-16 00:00:00',NULL),

(1239107846586769413,13,13,NULL,'0','2020-03-16 00:00:00',NULL),

(1239107846586769414,20,4,NULL,'0','2020-03-16 00:00:00',NULL),

(1239107846586769415,18,11,NULL,'0','2020-03-16 00:00:00',NULL),

(1239107846586769416,2,4,NULL,'0','2020-03-16 00:00:00',NULL),

(1239107846586769417,16,6,NULL,'0','2020-03-16 00:00:00',NULL),

(1239107846586769418,7,11,NULL,'0','2020-03-16 00:00:00',NULL),

(1239107846586769419,14,11,NULL,'0','2020-03-16 00:00:00',NULL),

(1239107846586769420,17,7,NULL,'0','2020-03-16 00:00:00',NULL),

(1239107846586769421,10,2,NULL,'0','2020-03-16 00:00:00',NULL),

(1239107846586769422,20,9,NULL,'0','2020-03-16 00:00:00',NULL),

(1239107846586769423,3,8,NULL,'0','2020-03-16 00:00:00',NULL),

(1239107846586769424,5,5,NULL,'0','2020-03-16 00:00:00',NULL),

(1239107846595158018,8,11,NULL,'1','2020-03-16 00:00:00','2020-03-16 00:00:00'),

(1239107846595158019,3,10,NULL,'0','2020-03-16 00:00:00',NULL),

(1239107846595158020,14,7,NULL,'0','2020-03-16 00:00:00',NULL),

(1239107846595158021,12,5,NULL,'0','2020-03-16 00:00:00',NULL),

(1239107846595158022,15,3,NULL,'0','2020-03-16 00:00:00',NULL),

(1239107846595158023,8,10,NULL,'0','2020-03-16 00:00:00',NULL),

(1239570608496603138,14,9,NULL,'0','2020-03-16 00:00:00',NULL),

(1239570608496603139,18,2,NULL,'0','2020-03-16 00:00:00',NULL),

(1239570608496603140,17,12,NULL,'0','2020-03-16 00:00:00',NULL),

(1239570608496603141,15,13,NULL,'0','2020-03-16 00:00:00',NULL),

(1239570608496603142,10,7,NULL,'0','2020-03-16 00:00:00',NULL),

(1239570608496603143,1,9,NULL,'0','2020-03-16 00:00:00',NULL),

(1239570608496603144,2,3,NULL,'0','2020-03-16 00:00:00',NULL),

(1239570608496603145,3,13,NULL,'0','2020-03-16 00:00:00',NULL),

(1239570608496603146,15,12,NULL,'0','2020-03-16 00:00:00',NULL),

(1239570608509186050,19,13,NULL,'0','2020-03-16 00:00:00',NULL),

(1239570608509186051,6,11,NULL,'0','2020-03-16 00:00:00',NULL),

(1239570608509186052,7,8,NULL,'0','2020-03-16 00:00:00',NULL),

(1239570608509186053,16,4,NULL,'0','2020-03-16 00:00:00',NULL),

(1239570608509186054,15,7,NULL,'0','2020-03-16 00:00:00',NULL),

(1239570608509186055,6,4,NULL,'0','2020-03-16 00:00:00',NULL),

(1239570608509186056,6,10,NULL,'0','2020-03-16 00:00:00',NULL),

(1239570608509186057,11,11,NULL,'1','2020-03-16 00:00:00','2020-03-16 00:00:00'),

(1239570608509186058,20,7,NULL,'0','2020-03-16 00:00:00',NULL),

(1239570608509186059,11,10,NULL,'0','2020-03-16 00:00:00',NULL),

(1239570608509186060,9,3,NULL,'0','2020-03-16 00:00:00',NULL),

(1239570608509186061,10,9,NULL,'0','2020-03-16 00:00:00',NULL),

(1239570608509186062,7,9,NULL,'0','2020-03-16 00:00:00',NULL),

(1239570608509186063,19,7,NULL,'1','2020-03-16 00:00:00','2020-03-16 00:00:00'),

(1239570608517574657,18,4,NULL,'0','2020-03-16 00:00:00',NULL),

(1239570608517574658,9,6,NULL,'0','2020-03-16 00:00:00',NULL),

(1239570608517574659,4,4,NULL,'0','2020-03-16 00:00:00',NULL),

(1239570608517574660,18,7,NULL,'0','2020-03-16 00:00:00',NULL),

(1239570608517574661,16,7,NULL,'0','2020-03-16 00:00:00',NULL),

(1239570608517574662,15,10,NULL,'0','2020-03-16 00:00:00',NULL),

(1239570608517574663,6,6,NULL,'0','2020-03-16 00:00:00',NULL),

(1239570608517574664,11,11,NULL,'0','2020-03-16 00:00:00',NULL),

(1239570608517574665,10,3,NULL,'0','2020-03-16 00:00:00',NULL),

(1239570608517574666,3,9,NULL,'0','2020-03-16 00:00:00',NULL),

(1239570608517574667,6,3,NULL,'0','2020-03-16 00:00:00',NULL),

(1239570608517574668,18,7,NULL,'1','2020-03-16 00:00:00','2020-03-16 00:00:00'),

(1239570608517574669,12,7,NULL,'0','2020-03-16 00:00:00',NULL),

(1239570608517574670,14,1,NULL,'1','2020-03-16 00:00:00','2020-03-16 00:00:00'),

(1239570608517574671,1,8,NULL,'0','2020-03-16 00:00:00',NULL),

(1239570608525963266,8,13,NULL,'0','2020-03-16 00:00:00',NULL),

(1239570608525963267,17,10,NULL,'0','2020-03-16 00:00:00',NULL),

(1239570608525963268,15,1,NULL,'1','2020-03-16 00:00:00','2020-03-16 00:00:00'),

(1239570608525963269,13,10,NULL,'0','2020-03-16 00:00:00',NULL),

(1239570608525963270,19,11,NULL,'0','2020-03-16 00:00:00',NULL),

(1239570608525963271,1,2,NULL,'0','2020-03-16 00:00:00',NULL),

(1239570608525963272,15,9,NULL,'0','2020-03-16 00:00:00',NULL),

(1239570608525963273,12,6,NULL,'0','2020-03-16 00:00:00',NULL),

(1239570608525963274,16,11,NULL,'0','2020-03-16 00:00:00',NULL),

(1239570608525963275,20,13,NULL,'0','2020-03-16 00:00:00',NULL),

(1239570608525963276,11,1,NULL,'0','2020-03-16 00:00:00',NULL),

(1239570608525963277,12,4,NULL,'1','2020-03-16 00:00:00','2020-03-16 00:00:00'),

(1239570608525963278,1,10,NULL,'0','2020-03-16 00:00:00',NULL),

(1239570608525963279,17,12,NULL,'0','2020-03-16 00:00:00',NULL),

(1239570608534351873,10,10,NULL,'0','2020-03-16 00:00:00',NULL),

(1239570608534351874,2,5,NULL,'0','2020-03-16 00:00:00',NULL),

(1239570608534351875,9,3,NULL,'0','2020-03-16 00:00:00',NULL),

(1239570608534351876,14,8,NULL,'0','2020-03-16 00:00:00',NULL),

(1239570608534351877,1,8,NULL,'0','2020-03-16 00:00:00',NULL),

(1239570608534351878,12,13,NULL,'0','2020-03-16 00:00:00',NULL),

(1239570608534351879,8,10,NULL,'0','2020-03-16 00:00:00',NULL),

(1239570608534351880,11,8,NULL,'0','2020-03-16 00:00:00',NULL),

(1239570608534351881,18,8,NULL,'1','2020-03-16 00:00:00','2020-03-16 00:00:00'),

(1239570608534351882,4,3,NULL,'0','2020-03-16 00:00:00',NULL),

(1239570608534351883,10,6,NULL,'0','2020-03-16 00:00:00',NULL),

(1239570608534351884,9,4,NULL,'1','2020-03-16 00:00:00','2020-03-16 00:00:00'),

(1239570608534351885,7,11,NULL,'0','2020-03-16 00:00:00',NULL),

(1239570608534351886,2,9,NULL,'0','2020-03-16 00:00:00',NULL),

(1239570608534351887,4,12,NULL,'0','2020-03-16 00:00:00',NULL),

(1239570608534351888,11,6,NULL,'0','2020-03-16 00:00:00',NULL),

(1239570608542740482,20,3,NULL,'0','2020-03-16 00:00:00',NULL),

(1239570608542740483,10,12,NULL,'1','2020-03-16 00:00:00','2020-03-16 00:00:00'),

(1239570608542740484,12,13,NULL,'1','2020-03-16 00:00:00','2020-03-16 00:00:00'),

(1239570608542740485,15,10,NULL,'0','2020-03-16 00:00:00',NULL),

(1239570608542740486,8,12,NULL,'0','2020-03-16 00:00:00',NULL),

(1239570608542740487,10,5,NULL,'0','2020-03-16 00:00:00',NULL),

(1239570608542740488,18,10,NULL,'0','2020-03-16 00:00:00',NULL),

(1239570608542740489,16,11,NULL,'0','2020-03-16 00:00:00',NULL),

(1239570608542740490,6,2,NULL,'0','2020-03-16 00:00:00',NULL),

(1239570608542740491,12,4,NULL,'0','2020-03-16 00:00:00',NULL),

(1239570608542740492,1,7,NULL,'1','2020-03-16 00:00:00','2020-03-16 00:00:00'),

(1239570608542740493,5,6,NULL,'0','2020-03-16 00:00:00',NULL),

(1239570608542740494,4,8,NULL,'0','2020-03-16 00:00:00',NULL),

(1239570608542740495,3,2,NULL,'0','2020-03-16 00:00:00',NULL),

(1239570608542740496,15,1,NULL,'0','2020-03-16 00:00:00',NULL),

(1239570608542740497,1,10,NULL,'0','2020-03-16 00:00:00',NULL),

(1239570608551129090,2,13,NULL,'0','2020-03-16 00:00:00',NULL),

(1239570608551129091,19,8,NULL,'0','2020-03-16 00:00:00',NULL),

(1239570608551129092,20,1,NULL,'0','2020-03-16 00:00:00',NULL),

(1239570608551129093,20,5,NULL,'0','2020-03-16 00:00:00',NULL),

(1239570608551129094,7,5,NULL,'0','2020-03-16 00:00:00',NULL),

(1239570608551129095,18,12,NULL,'1','2020-03-16 00:00:00','2020-03-16 00:00:00'),

(1239570608551129096,7,1,NULL,'0','2020-03-16 00:00:00',NULL),

(1239570608551129097,7,4,NULL,'1','2020-03-16 00:00:00','2020-03-16 00:00:00'),

(1239570608551129098,16,10,NULL,'0','2020-03-16 00:00:00',NULL),

(1239570608551129099,16,1,NULL,'0','2020-03-16 00:00:00',NULL),

(1239570608551129100,10,9,NULL,'0','2020-03-16 00:00:00',NULL),

(1239570608551129101,7,4,NULL,'0','2020-03-16 00:00:00',NULL),

(1239570608551129102,9,10,NULL,'0','2020-03-16 00:00:00',NULL),

(1239570608551129103,1,6,NULL,'0','2020-03-16 00:00:00',NULL),

(1239570608551129104,19,4,NULL,'0','2020-03-16 00:00:00',NULL),

(1239570608551129105,6,4,NULL,'0','2020-03-16 00:00:00',NULL),

(1239571480274276354,12,2,NULL,'0','2020-03-16 00:00:00',NULL),

(1239571480274276355,8,11,NULL,'0','2020-03-16 00:00:00',NULL),

(1239571480274276356,30,2,NULL,'0','2020-03-16 00:00:00',NULL),

(1239571480274276357,23,9,NULL,'0','2020-03-16 00:00:00',NULL),

(1239571480274276358,9,9,NULL,'0','2020-03-16 00:00:00',NULL),

(1239571480274276359,29,1,NULL,'1','2020-03-16 00:00:00','2020-03-16 00:00:00'),

(1239571480286859265,11,5,NULL,'0','2020-03-16 00:00:00',NULL),

(1239571480286859266,1,4,NULL,'0','2020-03-16 00:00:00',NULL),

(1239571480286859267,28,10,NULL,'0','2020-03-16 00:00:00',NULL),

(1239571480286859268,8,1,NULL,'0','2020-03-16 00:00:00',NULL),

(1239571480286859269,11,4,NULL,'0','2020-03-16 00:00:00',NULL),

(1239571480286859270,12,11,NULL,'0','2020-03-16 00:00:00',NULL),

(1239571480286859271,21,3,NULL,'0','2020-03-16 00:00:00',NULL),

(1239571480286859272,23,11,NULL,'0','2020-03-16 00:00:00',NULL),

(1239571480295247873,23,2,NULL,'0','2020-03-16 00:00:00',NULL),

(1239571480295247874,13,11,NULL,'0','2020-03-16 00:00:00',NULL),

(1239571480295247875,23,10,NULL,'0','2020-03-16 00:00:00',NULL),

(1239571480295247876,24,11,NULL,'1','2020-03-16 00:00:00','2020-03-16 00:00:00'),

(1239571480295247877,21,3,NULL,'0','2020-03-16 00:00:00',NULL),

(1239571480295247878,13,10,NULL,'0','2020-03-16 00:00:00',NULL),

(1239571480295247879,29,8,NULL,'0','2020-03-16 00:00:00',NULL),

(1239571480295247880,5,8,NULL,'0','2020-03-16 00:00:00',NULL),

(1239571480295247881,14,12,NULL,'0','2020-03-16 00:00:00',NULL),

(1239571480295247882,26,12,NULL,'0','2020-03-16 00:00:00',NULL),

(1239571480303636482,22,5,NULL,'0','2020-03-16 00:00:00',NULL),

(1239571480303636483,7,7,NULL,'0','2020-03-16 00:00:00',NULL),

(1239571480303636484,27,12,NULL,'0','2020-03-16 00:00:00',NULL),

(1239571480303636485,6,11,NULL,'0','2020-03-16 00:00:00',NULL),

(1239571480303636486,20,11,NULL,'0','2020-03-16 00:00:00',NULL),

(1239571480303636487,16,8,NULL,'0','2020-03-16 00:00:00',NULL),

(1239571480303636488,4,5,NULL,'0','2020-03-16 00:00:00',NULL),

(1239571480303636489,7,11,NULL,'0','2020-03-16 00:00:00',NULL),

(1239571480303636490,26,12,NULL,'0','2020-03-16 00:00:00',NULL),

(1239571480303636491,22,2,NULL,'0','2020-03-16 00:00:00',NULL),

(1239571480303636492,26,9,NULL,'0','2020-03-16 00:00:00',NULL),

(1239571480303636493,14,7,NULL,'1','2020-03-16 00:00:00','2020-03-16 00:00:00'),

(1239571480312025089,1,3,NULL,'0','2020-03-16 00:00:00',NULL),

(1239571480312025090,10,4,NULL,'0','2020-03-16 00:00:00',NULL),

(1239571480312025091,7,3,NULL,'0','2020-03-16 00:00:00',NULL),

(1239571480312025092,6,13,NULL,'0','2020-03-16 00:00:00',NULL),

(1239571480312025093,23,5,NULL,'0','2020-03-16 00:00:00',NULL),

(1239571480312025094,30,4,NULL,'0','2020-03-16 00:00:00',NULL),

(1239571480312025095,16,4,NULL,'0','2020-03-16 00:00:00',NULL),

(1239571480312025096,11,9,NULL,'0','2020-03-16 00:00:00',NULL),

(1239571480312025097,19,13,NULL,'0','2020-03-16 00:00:00',NULL),

(1239571480312025098,9,2,NULL,'0','2020-03-16 00:00:00',NULL),

(1239571480312025099,30,2,NULL,'0','2020-03-16 00:00:00',NULL),

(1239571480312025100,15,3,NULL,'0','2020-03-16 00:00:00',NULL),

(1239571480320413698,7,3,NULL,'0','2020-03-16 00:00:00',NULL),

(1239571480320413699,18,3,NULL,'0','2020-03-16 00:00:00',NULL),

(1239571480320413700,22,13,NULL,'0','2020-03-16 00:00:00',NULL),

(1239571480320413701,14,7,NULL,'0','2020-03-16 00:00:00',NULL),

(1239571480320413702,13,2,NULL,'0','2020-03-16 00:00:00',NULL),

(1239571480320413703,16,10,NULL,'0','2020-03-16 00:00:00',NULL),

(1239571480320413704,26,5,NULL,'0','2020-03-16 00:00:00',NULL),

(1239571480320413705,18,9,NULL,'0','2020-03-16 00:00:00',NULL),

(1239571480320413706,12,10,NULL,'0','2020-03-16 00:00:00',NULL),

(1239571480320413707,23,13,NULL,'0','2020-03-16 00:00:00',NULL),

(1239571480320413708,16,6,NULL,'0','2020-03-16 00:00:00',NULL),

(1239571480320413709,12,11,NULL,'0','2020-03-16 00:00:00',NULL),

(1239571480320413710,20,13,NULL,'0','2020-03-16 00:00:00',NULL),

(1239571480320413711,17,10,NULL,'0','2020-03-16 00:00:00',NULL),

(1239571480320413712,12,6,NULL,'0','2020-03-16 00:00:00',NULL),

(1239571480328802306,18,13,NULL,'0','2020-03-16 00:00:00',NULL),

(1239571480328802307,21,11,NULL,'0','2020-03-16 00:00:00',NULL),

(1239571480328802308,21,10,NULL,'0','2020-03-16 00:00:00',NULL),

(1239571480328802309,27,12,NULL,'0','2020-03-16 00:00:00',NULL),

(1239571480328802310,11,4,NULL,'0','2020-03-16 00:00:00',NULL),

(1239571480328802311,7,6,NULL,'0','2020-03-16 00:00:00',NULL),

(1239571480328802312,11,12,NULL,'0','2020-03-16 00:00:00',NULL),

(1239571480328802313,1,13,NULL,'1','2020-03-16 00:00:00','2020-03-16 00:00:00'),

(1239571480328802314,22,2,NULL,'0','2020-03-16 00:00:00',NULL),

(1239571480328802315,19,10,NULL,'1','2020-03-16 00:00:00','2020-03-16 00:00:00'),

(1239571480328802316,23,7,NULL,'0','2020-03-16 00:00:00',NULL),

(1239571480328802317,29,11,NULL,'0','2020-03-16 00:00:00',NULL),

(1239571480337190914,10,11,NULL,'0','2020-03-16 00:00:00',NULL),

(1239571480337190915,5,11,NULL,'1','2020-03-16 00:00:00','2020-03-16 00:00:00'),

(1239571480337190916,7,6,NULL,'0','2020-03-16 00:00:00',NULL),

(1239571480337190917,27,6,NULL,'0','2020-03-16 00:00:00',NULL),

(1239571480337190918,22,3,NULL,'0','2020-03-16 00:00:00',NULL),

(1239571480337190919,20,1,NULL,'0','2020-03-16 00:00:00',NULL),

(1239571480337190920,3,3,NULL,'0','2020-03-16 00:00:00',NULL),

(1239571480337190921,1,2,NULL,'0','2020-03-16 00:00:00',NULL),

(1239571480337190922,1,13,NULL,'0','2020-03-16 00:00:00',NULL),

(1239571480337190923,16,7,NULL,'0','2020-03-16 00:00:00',NULL),

(1239571480337190924,12,7,NULL,'0','2020-03-16 00:00:00',NULL),

(1239571480337190925,7,4,NULL,'0','2020-03-16 00:00:00',NULL),

(1239571480337190926,4,1,NULL,'0','2020-03-16 00:00:00',NULL),

(1239571480337190927,29,1,NULL,'0','2020-03-16 00:00:00',NULL),

(1239571480337190928,4,12,NULL,'0','2020-03-16 00:00:00',NULL),

(1239571480345579522,2,3,NULL,'0','2020-03-16 00:00:00',NULL),

(1239571480345579523,27,9,NULL,'0','2020-03-16 00:00:00',NULL),

(1239571480345579524,8,3,NULL,'0','2020-03-16 00:00:00',NULL),

(1239571480345579525,21,4,NULL,'0','2020-03-16 00:00:00',NULL),

(1239571480345579526,19,10,NULL,'1','2020-03-16 00:00:00','2020-03-16 00:00:00'),

(1239571480345579527,29,6,NULL,'0','2020-03-16 00:00:00',NULL),

(1239571480345579528,18,2,NULL,'0','2020-03-16 00:00:00',NULL),

(1239571480345579529,24,4,NULL,'0','2020-03-16 00:00:00',NULL),

(1239571480345579530,21,8,NULL,'0','2020-03-16 00:00:00',NULL),

(1239571480345579531,22,11,NULL,'0','2020-03-16 00:00:00',NULL),

(1239572130211106818,25,11,NULL,'0','2020-03-17 00:00:00',NULL),

(1239572130211106819,2,13,NULL,'0','2020-03-17 00:00:00',NULL),

(1239572130211106820,17,4,NULL,'0','2020-03-17 00:00:00',NULL),

(1239572130227884034,31,13,NULL,'0','2020-03-17 00:00:00',NULL),

(1239572130227884035,8,13,NULL,'0','2020-03-17 00:00:00',NULL),

(1239572130227884036,16,10,NULL,'0','2020-03-17 00:00:00',NULL),

(1239572130236272641,3,7,NULL,'0','2020-03-17 00:00:00',NULL),

(1239572130236272642,13,5,NULL,'0','2020-03-17 00:00:00',NULL),

(1239572130236272643,36,5,NULL,'0','2020-03-17 00:00:00',NULL),

(1239572130236272644,27,2,NULL,'0','2020-03-17 00:00:00',NULL),

(1239572130244661249,22,3,NULL,'0','2020-03-17 00:00:00',NULL),

(1239572130244661250,2,10,NULL,'0','2020-03-17 00:00:00',NULL),

(1239572130244661251,36,1,NULL,'0','2020-03-17 00:00:00',NULL),

(1239572130244661252,10,5,NULL,'0','2020-03-17 00:00:00',NULL),

(1239572130244661253,6,7,NULL,'0','2020-03-17 00:00:00',NULL),

(1239572130253049858,4,10,NULL,'0','2020-03-17 00:00:00',NULL),

(1239572130253049859,40,6,NULL,'0','2020-03-17 00:00:00',NULL),

(1239572130253049860,1,2,NULL,'0','2020-03-17 00:00:00',NULL),

(1239572130253049861,16,9,NULL,'0','2020-03-17 00:00:00',NULL),

(1239572130253049862,11,13,NULL,'0','2020-03-17 00:00:00',NULL),

(1239572130253049863,7,2,NULL,'0','2020-03-17 00:00:00',NULL),

(1239572130253049864,38,2,NULL,'0','2020-03-17 00:00:00',NULL),

(1239572130253049865,20,7,NULL,'0','2020-03-17 00:00:00',NULL),

(1239572130253049866,21,5,NULL,'1','2020-03-17 00:00:00','2020-03-17 00:00:00'),

(1239572130261438465,13,8,NULL,'0','2020-03-17 00:00:00',NULL),

(1239572130261438466,8,5,NULL,'0','2020-03-17 00:00:00',NULL),

(1239572130261438467,12,10,NULL,'0','2020-03-17 00:00:00',NULL),

(1239572130261438468,19,4,NULL,'0','2020-03-17 00:00:00',NULL),

(1239572130261438469,32,1,NULL,'0','2020-03-17 00:00:00',NULL),

(1239572130261438470,22,6,NULL,'0','2020-03-17 00:00:00',NULL),

(1239572130261438471,18,9,NULL,'0','2020-03-17 00:00:00',NULL),

(1239572130261438472,19,8,NULL,'0','2020-03-17 00:00:00',NULL),

(1239572130261438473,28,5,NULL,'0','2020-03-17 00:00:00',NULL),

(1239572130261438474,39,8,NULL,'1','2020-03-17 00:00:00','2020-03-17 00:00:00'),

(1239572130261438475,15,10,NULL,'0','2020-03-17 00:00:00',NULL),

(1239572130261438476,18,8,NULL,'0','2020-03-17 00:00:00',NULL),

(1239572130269827073,22,10,NULL,'0','2020-03-17 00:00:00',NULL),

(1239572130269827074,30,1,NULL,'0','2020-03-17 00:00:00',NULL),

(1239572130269827075,28,3,NULL,'1','2020-03-17 00:00:00','2020-03-17 00:00:00'),

(1239572130269827076,10,8,NULL,'0','2020-03-17 00:00:00',NULL),

(1239572130269827077,26,5,NULL,'1','2020-03-17 00:00:00','2020-03-17 00:00:00'),

(1239572130269827078,1,3,NULL,'0','2020-03-17 00:00:00',NULL),

(1239572130269827079,34,1,NULL,'1','2020-03-17 00:00:00','2020-03-17 00:00:00'),

(1239572130269827080,36,3,NULL,'0','2020-03-17 00:00:00',NULL),

(1239572130269827081,9,9,NULL,'0','2020-03-17 00:00:00',NULL),

(1239572130269827082,18,13,NULL,'0','2020-03-17 00:00:00',NULL),

(1239572130278215681,19,13,NULL,'0','2020-03-17 00:00:00',NULL),

(1239572130278215682,36,2,NULL,'0','2020-03-17 00:00:00',NULL),

(1239572130278215683,5,7,NULL,'0','2020-03-17 00:00:00',NULL),

(1239572130278215684,18,4,NULL,'0','2020-03-17 00:00:00',NULL),

(1239572130278215685,17,5,NULL,'0','2020-03-17 00:00:00',NULL),

(1239572130278215686,15,12,NULL,'1','2020-03-17 00:00:00','2020-03-17 00:00:00'),

(1239572130278215687,16,4,NULL,'0','2020-03-17 00:00:00',NULL),

(1239572130278215688,12,5,NULL,'0','2020-03-17 00:00:00',NULL),

(1239572130278215689,13,7,NULL,'0','2020-03-17 00:00:00',NULL),

(1239572130278215690,6,6,NULL,'0','2020-03-17 00:00:00',NULL),

(1239572130278215691,19,2,NULL,'0','2020-03-17 00:00:00',NULL),

(1239572130278215692,37,1,NULL,'1','2020-03-17 00:00:00','2020-03-17 00:00:00'),

(1239572130278215693,26,13,NULL,'0','2020-03-17 00:00:00',NULL),

(1239572130278215694,35,10,NULL,'0','2020-03-17 00:00:00',NULL),

(1239572130286604289,17,6,NULL,'0','2020-03-17 00:00:00',NULL),

(1239572130286604290,4,5,NULL,'0','2020-03-17 00:00:00',NULL),

(1239572130286604291,13,5,NULL,'0','2020-03-17 00:00:00',NULL),

(1239572130286604292,10,2,NULL,'0','2020-03-17 00:00:00',NULL),

(1239572130286604293,19,4,NULL,'0','2020-03-17 00:00:00',NULL),

(1239572130286604294,31,13,NULL,'0','2020-03-17 00:00:00',NULL),

(1239572130286604295,36,11,NULL,'0','2020-03-17 00:00:00',NULL),

(1239572130286604296,31,12,NULL,'0','2020-03-17 00:00:00',NULL),

(1239572130286604297,19,3,NULL,'0','2020-03-17 00:00:00',NULL),

(1239572130286604298,20,6,NULL,'0','2020-03-17 00:00:00',NULL),

(1239572130286604299,19,2,NULL,'0','2020-03-17 00:00:00',NULL),

(1239572130286604300,1,8,NULL,'1','2020-03-17 00:00:00','2020-03-17 00:00:00'),

(1239572130286604301,40,4,NULL,'0','2020-03-17 00:00:00',NULL),

(1239572130286604302,39,9,NULL,'0','2020-03-17 00:00:00',NULL),

(1239572130294992898,24,13,NULL,'0','2020-03-17 00:00:00',NULL),

(1239572130294992899,21,3,NULL,'0','2020-03-17 00:00:00',NULL),

(1239572130294992900,3,7,NULL,'0','2020-03-17 00:00:00',NULL),

(1239572130294992901,18,9,NULL,'0','2020-03-17 00:00:00',NULL),

(1239572130294992902,38,5,NULL,'0','2020-03-17 00:00:00',NULL),

(1239572130294992903,18,3,NULL,'0','2020-03-17 00:00:00',NULL),

(1239572130294992904,5,2,NULL,'1','2020-03-17 00:00:00','2020-03-17 00:00:00'),

(1239572130294992905,18,6,NULL,'0','2020-03-17 00:00:00',NULL),

(1239572130294992906,20,12,NULL,'1','2020-03-17 00:00:00','2020-03-17 00:00:00'),

(1239572130294992907,37,3,NULL,'0','2020-03-17 00:00:00',NULL),

(1239572130294992908,5,8,NULL,'0','2020-03-17 00:00:00',NULL),

(1239572130294992909,6,12,NULL,'0','2020-03-17 00:00:00',NULL),

(1239572130303381506,25,11,NULL,'0','2020-03-17 00:00:00',NULL),

(1239572130303381507,35,1,NULL,'0','2020-03-17 00:00:00',NULL),

(1239572130303381508,10,8,NULL,'0','2020-03-17 00:00:00',NULL),

(1239572130303381509,39,11,NULL,'0','2020-03-17 00:00:00',NULL),

(1239572130303381510,40,10,NULL,'0','2020-03-17 00:00:00',NULL),

(1239572130303381511,20,7,NULL,'0','2020-03-17 00:00:00',NULL),

(1239572130303381512,12,6,NULL,'0','2020-03-17 00:00:00',NULL),

(1239572130303381513,23,12,NULL,'0','2020-03-17 00:00:00',NULL),

(1239572130303381514,16,7,NULL,'1','2020-03-17 00:00:00','2020-03-17 00:00:00'),

(1239572130303381515,21,2,NULL,'0','2020-03-17 00:00:00',NULL),

(1239572130303381516,37,9,NULL,'0','2020-03-17 00:00:00',NULL),

(1239572130303381517,25,8,NULL,'0','2020-03-17 00:00:00',NULL),

(1239572130303381518,2,13,NULL,'1','2020-03-17 00:00:00','2020-03-17 00:00:00'),

(1239572130303381519,22,12,NULL,'0','2020-03-17 00:00:00',NULL),

(1239572309802823681,14,2,NULL,'0','2020-03-18 00:00:00',NULL),

(1239572309802823682,40,3,NULL,'0','2020-03-18 00:00:00',NULL),

(1239572309802823683,17,7,NULL,'0','2020-03-18 00:00:00',NULL),

(1239572309802823684,32,12,NULL,'0','2020-03-18 00:00:00',NULL),

(1239572309802823685,7,7,NULL,'0','2020-03-18 00:00:00',NULL),

(1239572309802823686,12,3,NULL,'0','2020-03-18 00:00:00',NULL),

(1239572309802823687,13,1,NULL,'0','2020-03-18 00:00:00',NULL),

(1239572309815406593,16,11,NULL,'0','2020-03-18 00:00:00',NULL),

(1239572309815406594,24,7,NULL,'0','2020-03-18 00:00:00',NULL),

(1239572309815406595,1,2,NULL,'0','2020-03-18 00:00:00',NULL),

(1239572309815406596,16,4,NULL,'0','2020-03-18 00:00:00',NULL),

(1239572309815406597,13,9,NULL,'0','2020-03-18 00:00:00',NULL),

(1239572309815406598,18,1,NULL,'0','2020-03-18 00:00:00',NULL),

(1239572309815406599,39,4,NULL,'0','2020-03-18 00:00:00',NULL),

(1239572309815406600,23,9,NULL,'0','2020-03-18 00:00:00',NULL),

(1239572309815406601,12,3,NULL,'0','2020-03-18 00:00:00',NULL),

(1239572309815406602,5,10,NULL,'0','2020-03-18 00:00:00',NULL),

(1239572309815406603,15,12,NULL,'0','2020-03-18 00:00:00',NULL),

(1239572309823795201,26,7,NULL,'1','2020-03-18 00:00:00','2020-03-18 00:00:00'),

(1239572309823795202,16,4,NULL,'0','2020-03-18 00:00:00',NULL),

(1239572309823795203,20,8,NULL,'0','2020-03-18 00:00:00',NULL),

(1239572309823795204,35,6,NULL,'0','2020-03-18 00:00:00',NULL),

(1239572309823795205,33,13,NULL,'0','2020-03-18 00:00:00',NULL),

(1239572309823795206,2,6,NULL,'0','2020-03-18 00:00:00',NULL),

(1239572309823795207,14,3,NULL,'0','2020-03-18 00:00:00',NULL),

(1239572309823795208,20,8,NULL,'0','2020-03-18 00:00:00',NULL),

(1239572309823795209,1,1,NULL,'1','2020-03-18 00:00:00','2020-03-18 00:00:00'),

(1239572309832183810,24,2,NULL,'1','2020-03-18 00:00:00','2020-03-18 00:00:00'),

(1239572309832183811,29,6,NULL,'0','2020-03-18 00:00:00',NULL),

(1239572309832183812,30,8,NULL,'0','2020-03-18 00:00:00',NULL),

(1239572309832183813,6,5,NULL,'0','2020-03-18 00:00:00',NULL),

(1239572309832183814,19,6,NULL,'0','2020-03-18 00:00:00',NULL),

(1239572309832183815,34,2,NULL,'0','2020-03-18 00:00:00',NULL),

(1239572309832183816,12,9,NULL,'0','2020-03-18 00:00:00',NULL),

(1239572309832183817,25,6,NULL,'1','2020-03-18 00:00:00','2020-03-18 00:00:00'),

(1239572309832183818,4,13,NULL,'0','2020-03-18 00:00:00',NULL),

(1239572309832183819,26,12,NULL,'0','2020-03-18 00:00:00',NULL),

(1239572309840572417,8,3,NULL,'0','2020-03-18 00:00:00',NULL),

(1239572309840572418,19,5,NULL,'0','2020-03-18 00:00:00',NULL),

(1239572309840572419,26,8,NULL,'0','2020-03-18 00:00:00',NULL),

(1239572309840572420,32,11,NULL,'0','2020-03-18 00:00:00',NULL),

(1239572309840572421,11,11,NULL,'0','2020-03-18 00:00:00',NULL),

(1239572309840572422,27,9,NULL,'0','2020-03-18 00:00:00',NULL),

(1239572309840572423,40,3,NULL,'0','2020-03-18 00:00:00',NULL),

(1239572309840572424,16,6,NULL,'0','2020-03-18 00:00:00',NULL),

(1239572309840572425,4,12,NULL,'0','2020-03-18 00:00:00',NULL),

(1239572309840572426,10,2,NULL,'0','2020-03-18 00:00:00',NULL),

(1239572309840572427,21,6,NULL,'0','2020-03-18 00:00:00',NULL),

(1239572309840572428,39,3,NULL,'0','2020-03-18 00:00:00',NULL),

(1239572309848961026,21,3,NULL,'1','2020-03-18 00:00:00','2020-03-18 00:00:00'),

(1239572309848961027,7,2,NULL,'0','2020-03-18 00:00:00',NULL),

(1239572309848961028,3,1,NULL,'0','2020-03-18 00:00:00',NULL),

(1239572309848961029,40,10,NULL,'1','2020-03-18 00:00:00','2020-03-18 00:00:00'),

(1239572309848961030,36,5,NULL,'0','2020-03-18 00:00:00',NULL),

(1239572309848961031,38,5,NULL,'1','2020-03-18 00:00:00','2020-03-18 00:00:00'),

(1239572309848961032,9,2,NULL,'0','2020-03-18 00:00:00',NULL),

(1239572309848961033,36,13,NULL,'0','2020-03-18 00:00:00',NULL),

(1239572309848961034,17,6,NULL,'0','2020-03-18 00:00:00',NULL),

(1239572309848961035,31,8,NULL,'1','2020-03-18 00:00:00','2020-03-18 00:00:00'),

(1239572309857349634,12,1,NULL,'0','2020-03-18 00:00:00',NULL),

(1239572309857349635,35,8,NULL,'0','2020-03-18 00:00:00',NULL),

(1239572309857349636,6,7,NULL,'0','2020-03-18 00:00:00',NULL),

(1239572309857349637,36,9,NULL,'0','2020-03-18 00:00:00',NULL),

(1239572309857349638,19,5,NULL,'0','2020-03-18 00:00:00',NULL),

(1239572309857349639,40,6,NULL,'1','2020-03-18 00:00:00','2020-03-18 00:00:00'),

(1239572309857349640,8,6,NULL,'0','2020-03-18 00:00:00',NULL),

(1239572309857349641,30,1,NULL,'1','2020-03-18 00:00:00','2020-03-18 00:00:00'),

(1239572309857349642,8,9,NULL,'0','2020-03-18 00:00:00',NULL),

(1239572309857349643,12,3,NULL,'0','2020-03-18 00:00:00',NULL),

(1239572309857349644,2,3,NULL,'0','2020-03-18 00:00:00',NULL),

(1239572309865738242,38,13,NULL,'1','2020-03-18 00:00:00','2020-03-18 00:00:00'),

(1239572309865738243,8,13,NULL,'0','2020-03-18 00:00:00',NULL),

(1239572309865738244,33,2,NULL,'0','2020-03-18 00:00:00',NULL),

(1239572309865738245,8,9,NULL,'0','2020-03-18 00:00:00',NULL),

(1239572309865738246,2,7,NULL,'0','2020-03-18 00:00:00',NULL),

(1239572309865738247,39,2,NULL,'0','2020-03-18 00:00:00',NULL),

(1239572309865738248,13,10,NULL,'0','2020-03-18 00:00:00',NULL),

(1239572309865738249,24,4,NULL,'0','2020-03-18 00:00:00',NULL),

(1239572309865738250,16,12,NULL,'0','2020-03-18 00:00:00',NULL),

(1239572309865738251,1,12,NULL,'0','2020-03-18 00:00:00',NULL),

(1239572309865738252,7,1,NULL,'0','2020-03-18 00:00:00',NULL),

(1239572309865738253,39,11,NULL,'0','2020-03-18 00:00:00',NULL),

(1239572309865738254,22,10,NULL,'0','2020-03-18 00:00:00',NULL),

(1239572309865738255,20,12,NULL,'0','2020-03-18 00:00:00',NULL),

(1239572309865738256,36,1,NULL,'1','2020-03-18 00:00:00','2020-03-18 00:00:00'),

(1239572309865738257,30,8,NULL,'0','2020-03-18 00:00:00',NULL),

(1239572309874126850,19,3,NULL,'0','2020-03-18 00:00:00',NULL),

(1239572309874126851,8,2,NULL,'0','2020-03-18 00:00:00',NULL),

(1239572309874126852,11,6,NULL,'0','2020-03-18 00:00:00',NULL),

(1239572309874126853,22,12,NULL,'0','2020-03-18 00:00:00',NULL),

(1239572309874126854,36,4,NULL,'0','2020-03-18 00:00:00',NULL),

(1239572309874126855,19,3,NULL,'0','2020-03-18 00:00:00',NULL),

(1239572309874126856,26,5,NULL,'0','2020-03-18 00:00:00',NULL),

(1239572309874126857,8,4,NULL,'0','2020-03-18 00:00:00',NULL),

(1239572309874126858,27,3,NULL,'0','2020-03-18 00:00:00',NULL),

(1239572309874126859,31,5,NULL,'0','2020-03-18 00:00:00',NULL),

(1239572309874126860,29,3,NULL,'0','2020-03-18 00:00:00',NULL),

(1239572309874126861,23,5,NULL,'0','2020-03-18 00:00:00',NULL),

(1239572309874126862,11,11,NULL,'0','2020-03-18 00:00:00',NULL),

(1239572309874126863,34,2,NULL,'0','2020-03-18 00:00:00',NULL),

(1239572435917160449,30,12,NULL,'0','2020-03-20 00:00:00',NULL),

(1239572435917160450,12,1,NULL,'0','2020-03-20 00:00:00',NULL),

(1239572435929743361,3,7,NULL,'0','2020-03-20 00:00:00',NULL),

(1239572435929743362,13,4,NULL,'0','2020-03-20 00:00:00',NULL),

(1239572435929743363,14,5,NULL,'0','2020-03-20 00:00:00',NULL),

(1239572435938131970,5,8,NULL,'0','2020-03-20 00:00:00',NULL),

(1239572435938131971,22,7,NULL,'0','2020-03-20 00:00:00',NULL),

(1239572435938131972,8,4,NULL,'0','2020-03-20 00:00:00',NULL),

(1239572435938131973,25,10,NULL,'0','2020-03-20 00:00:00',NULL),

(1239572435938131974,24,11,NULL,'0','2020-03-20 00:00:00',NULL),

(1239572435946520578,14,2,NULL,'0','2020-03-20 00:00:00',NULL),

(1239572435946520579,27,3,NULL,'1','2020-03-20 00:00:00','2020-03-20 00:00:00'),

(1239572435946520580,19,7,NULL,'0','2020-03-20 00:00:00',NULL),

(1239572435946520581,24,3,NULL,'0','2020-03-20 00:00:00',NULL),

(1239572435954909185,34,10,NULL,'0','2020-03-20 00:00:00',NULL),

(1239572435954909186,36,6,NULL,'1','2020-03-20 00:00:00','2020-03-20 00:00:00'),

(1239572435954909187,39,4,NULL,'0','2020-03-20 00:00:00',NULL),

(1239572435954909188,37,8,NULL,'0','2020-03-20 00:00:00',NULL),

(1239572435963297794,13,9,NULL,'0','2020-03-20 00:00:00',NULL),

(1239572435963297795,12,4,NULL,'0','2020-03-20 00:00:00',NULL),

(1239572435963297796,11,13,NULL,'1','2020-03-20 00:00:00','2020-03-20 00:00:00'),

(1239572435967492097,4,11,NULL,'0','2020-03-20 00:00:00',NULL),

(1239572435967492098,6,5,NULL,'0','2020-03-20 00:00:00',NULL),

(1239572435967492099,29,6,NULL,'0','2020-03-20 00:00:00',NULL),

(1239572435967492100,31,8,NULL,'1','2020-03-20 00:00:00','2020-03-20 00:00:00'),

(1239572435967492101,23,4,NULL,'0','2020-03-20 00:00:00',NULL),

(1239572435967492102,38,4,NULL,'0','2020-03-20 00:00:00',NULL),

(1239572435975880706,17,3,NULL,'0','2020-03-20 00:00:00',NULL),

(1239572435975880707,11,2,NULL,'0','2020-03-20 00:00:00',NULL),

(1239572435975880708,23,9,NULL,'0','2020-03-20 00:00:00',NULL),

(1239572435975880709,24,6,NULL,'0','2020-03-20 00:00:00',NULL),

(1239572435975880710,20,10,NULL,'1','2020-03-20 00:00:00','2020-03-20 00:00:00'),

(1239572435975880711,40,12,NULL,'0','2020-03-20 00:00:00',NULL),

(1239572435984269313,38,2,NULL,'0','2020-03-20 00:00:00',NULL),

(1239572435984269314,28,12,NULL,'1','2020-03-20 00:00:00','2020-03-20 00:00:00'),

(1239572435984269315,12,5,NULL,'0','2020-03-20 00:00:00',NULL),

(1239572435984269316,39,8,NULL,'0','2020-03-20 00:00:00',NULL),

(1239572435984269317,34,12,NULL,'0','2020-03-20 00:00:00',NULL),

(1239572435984269318,15,10,NULL,'0','2020-03-20 00:00:00',NULL),

(1239572435984269319,35,5,NULL,'0','2020-03-20 00:00:00',NULL),

(1239572435984269320,7,1,NULL,'0','2020-03-20 00:00:00',NULL),

(1239572435984269321,13,9,NULL,'0','2020-03-20 00:00:00',NULL),

(1239572435984269322,9,10,NULL,'1','2020-03-20 00:00:00','2020-03-20 00:00:00'),

(1239572435992657921,24,3,NULL,'0','2020-03-20 00:00:00',NULL),

(1239572435992657922,21,4,NULL,'1','2020-03-20 00:00:00','2020-03-20 00:00:00'),

(1239572435992657923,28,9,NULL,'0','2020-03-20 00:00:00',NULL),

(1239572435992657924,36,2,NULL,'0','2020-03-20 00:00:00',NULL),

(1239572435996852225,33,2,NULL,'0','2020-03-20 00:00:00',NULL),

(1239572435996852226,28,12,NULL,'0','2020-03-20 00:00:00',NULL),

(1239572435996852227,40,2,NULL,'0','2020-03-20 00:00:00',NULL),

(1239572435996852228,34,7,NULL,'0','2020-03-20 00:00:00',NULL),

(1239572435996852229,28,4,NULL,'0','2020-03-20 00:00:00',NULL),

(1239572435996852230,16,12,NULL,'0','2020-03-20 00:00:00',NULL),

(1239572435996852231,14,12,NULL,'0','2020-03-20 00:00:00',NULL),

(1239572435996852232,35,2,NULL,'1','2020-03-20 00:00:00','2020-03-20 00:00:00'),

(1239572435996852233,17,3,NULL,'0','2020-03-20 00:00:00',NULL),

(1239572435996852234,4,11,NULL,'0','2020-03-20 00:00:00',NULL),

(1239572435996852235,39,12,NULL,'0','2020-03-20 00:00:00',NULL),

(1239572435996852236,19,2,NULL,'1','2020-03-20 00:00:00','2020-03-20 00:00:00'),

(1239572436005240833,11,12,NULL,'0','2020-03-20 00:00:00',NULL),

(1239572436005240834,22,5,NULL,'1','2020-03-20 00:00:00','2020-03-20 00:00:00'),

(1239572436005240835,34,3,NULL,'0','2020-03-20 00:00:00',NULL),

(1239572436005240836,28,1,NULL,'0','2020-03-20 00:00:00',NULL),

(1239572436005240837,22,12,NULL,'0','2020-03-20 00:00:00',NULL),

(1239572436005240838,14,7,NULL,'0','2020-03-20 00:00:00',NULL),

(1239572436005240839,21,7,NULL,'0','2020-03-20 00:00:00',NULL),

(1239572436005240840,12,5,NULL,'1','2020-03-20 00:00:00','2020-03-20 00:00:00'),

(1239572436005240841,6,4,NULL,'0','2020-03-20 00:00:00',NULL),

(1239572436005240842,2,2,NULL,'0','2020-03-20 00:00:00',NULL),

(1239572436005240843,12,6,NULL,'0','2020-03-20 00:00:00',NULL),

(1239572436005240844,21,11,NULL,'0','2020-03-20 00:00:00',NULL),

(1239572436013629441,28,9,NULL,'0','2020-03-20 00:00:00',NULL),

(1239572436013629442,37,11,NULL,'0','2020-03-20 00:00:00',NULL),

(1239572436013629443,11,7,NULL,'0','2020-03-20 00:00:00',NULL),

(1239572436013629444,25,9,NULL,'1','2020-03-20 00:00:00','2020-03-20 00:00:00'),

(1239572436013629445,20,5,NULL,'0','2020-03-20 00:00:00',NULL),

(1239572436013629446,18,5,NULL,'0','2020-03-20 00:00:00',NULL),

(1239572436013629447,9,3,NULL,'0','2020-03-20 00:00:00',NULL),

(1239572436013629448,10,12,NULL,'0','2020-03-20 00:00:00',NULL),

(1239572436013629449,21,3,NULL,'0','2020-03-20 00:00:00',NULL),

(1239572436013629450,16,4,NULL,'0','2020-03-20 00:00:00',NULL),

(1239572436013629451,33,12,NULL,'0','2020-03-20 00:00:00',NULL),

(1239572436013629452,32,5,NULL,'0','2020-03-20 00:00:00',NULL),

(1239572436013629453,23,10,NULL,'0','2020-03-20 00:00:00',NULL),

(1239572436013629454,1,2,NULL,'0','2020-03-20 00:00:00',NULL),

(1239572436013629455,22,11,NULL,'1','2020-03-20 00:00:00','2020-03-20 00:00:00'),

(1239572436013629456,38,6,NULL,'0','2020-03-20 00:00:00',NULL),

(1239572436022018049,9,13,NULL,'0','2020-03-20 00:00:00',NULL),

(1239572436022018050,37,6,NULL,'0','2020-03-20 00:00:00',NULL),

(1239572436022018051,7,8,NULL,'0','2020-03-20 00:00:00',NULL),

(1239572436022018052,35,10,NULL,'0','2020-03-20 00:00:00',NULL),

(1239572436022018053,16,4,NULL,'1','2020-03-20 00:00:00','2020-03-20 00:00:00'),

(1239572436022018054,27,2,NULL,'0','2020-03-20 00:00:00',NULL),

(1239572436022018055,39,7,NULL,'0','2020-03-20 00:00:00',NULL),

(1239572436022018056,6,13,NULL,'0','2020-03-20 00:00:00',NULL),

(1239572436022018057,40,11,NULL,'0','2020-03-20 00:00:00',NULL),

(1239572436022018058,33,4,NULL,'0','2020-03-20 00:00:00',NULL),

(1239572436022018059,21,9,NULL,'0','2020-03-20 00:00:00',NULL),

(1239572436022018060,29,5,NULL,'0','2020-03-20 00:00:00',NULL),

(1239572436022018061,23,5,NULL,'0','2020-03-20 00:00:00',NULL),

(1239580136210452481,23,6,NULL,'0','2020-03-20 00:00:00',NULL),

(1239580136210452482,1,13,NULL,'0','2020-03-20 00:00:00',NULL),

(1239580136210452483,23,1,NULL,'1','2020-03-20 00:00:00','2020-03-20 00:00:00'),

(1239580136210452484,34,10,NULL,'0','2020-03-20 00:00:00',NULL),

(1239580136210452485,7,3,NULL,'0','2020-03-20 00:00:00',NULL),

(1239580136210452486,15,13,NULL,'0','2020-03-20 00:00:00',NULL),

(1239580136210452487,34,5,NULL,'0','2020-03-20 00:00:00',NULL),

(1239580136223035394,40,12,NULL,'0','2020-03-20 00:00:00',NULL),

(1239580136223035395,13,8,NULL,'0','2020-03-20 00:00:00',NULL),

(1239580136223035396,27,11,NULL,'0','2020-03-20 00:00:00',NULL),

(1239580136223035397,25,9,NULL,'1','2020-03-20 00:00:00','2020-03-20 00:00:00'),

(1239580136223035398,4,4,NULL,'0','2020-03-20 00:00:00',NULL),

(1239580136223035399,39,7,NULL,'0','2020-03-20 00:00:00',NULL),

(1239580136223035400,1,9,NULL,'0','2020-03-20 00:00:00',NULL),

(1239580136223035401,3,11,NULL,'0','2020-03-20 00:00:00',NULL),

(1239580136223035402,35,2,NULL,'0','2020-03-20 00:00:00',NULL),

(1239580136223035403,27,12,NULL,'0','2020-03-20 00:00:00',NULL),

(1239580136231424001,7,6,NULL,'0','2020-03-20 00:00:00',NULL),

(1239580136231424002,38,6,NULL,'1','2020-03-20 00:00:00','2020-03-20 00:00:00'),

(1239580136231424003,11,6,NULL,'1','2020-03-20 00:00:00','2020-03-20 00:00:00'),

(1239580136231424004,31,4,NULL,'0','2020-03-20 00:00:00',NULL),

(1239580136231424005,29,5,NULL,'0','2020-03-20 00:00:00',NULL),

(1239580136231424006,18,6,NULL,'0','2020-03-20 00:00:00',NULL),

(1239580136231424007,34,3,NULL,'0','2020-03-20 00:00:00',NULL),

(1239580136231424008,3,8,NULL,'0','2020-03-20 00:00:00',NULL),

(1239580136231424009,19,11,NULL,'0','2020-03-20 00:00:00',NULL),

(1239580136231424010,7,11,NULL,'0','2020-03-20 00:00:00',NULL),

(1239580136231424011,6,10,NULL,'0','2020-03-20 00:00:00',NULL),

(1239580136231424012,10,9,NULL,'1','2020-03-20 00:00:00','2020-03-20 00:00:00'),

(1239580136231424013,38,13,NULL,'0','2020-03-20 00:00:00',NULL),

(1239580136231424014,11,5,NULL,'0','2020-03-20 00:00:00',NULL),

(1239580136239812609,23,12,NULL,'0','2020-03-20 00:00:00',NULL),

(1239580136239812610,20,12,NULL,'0','2020-03-20 00:00:00',NULL),

(1239580136239812611,3,4,NULL,'0','2020-03-20 00:00:00',NULL),

(1239580136239812612,35,2,NULL,'0','2020-03-20 00:00:00',NULL),

(1239580136239812613,32,11,NULL,'0','2020-03-20 00:00:00',NULL),

(1239580136239812614,27,10,NULL,'0','2020-03-20 00:00:00',NULL),

(1239580136239812615,36,3,NULL,'0','2020-03-20 00:00:00',NULL),

(1239580136239812616,17,1,NULL,'0','2020-03-20 00:00:00',NULL),

(1239580136239812617,27,5,NULL,'0','2020-03-20 00:00:00',NULL),

(1239580136239812618,15,1,NULL,'0','2020-03-20 00:00:00',NULL),

(1239580136239812619,3,9,NULL,'0','2020-03-20 00:00:00',NULL),

(1239580136239812620,4,12,NULL,'0','2020-03-20 00:00:00',NULL),

(1239580136239812621,37,12,NULL,'0','2020-03-20 00:00:00',NULL),

(1239580136239812622,25,11,NULL,'0','2020-03-20 00:00:00',NULL),

(1239580136239812623,37,7,NULL,'0','2020-03-20 00:00:00',NULL),

(1239580136239812624,11,4,NULL,'0','2020-03-20 00:00:00',NULL),

(1239580136239812625,7,7,NULL,'0','2020-03-20 00:00:00',NULL),

(1239580136239812626,1,8,NULL,'0','2020-03-20 00:00:00',NULL),

(1239580136239812627,23,8,NULL,'0','2020-03-20 00:00:00',NULL),

(1239580136248201217,33,12,NULL,'0','2020-03-20 00:00:00',NULL),

(1239580136248201218,8,6,NULL,'0','2020-03-20 00:00:00',NULL),

(1239580136248201219,27,12,NULL,'0','2020-03-20 00:00:00',NULL),

(1239580136248201220,34,8,NULL,'0','2020-03-20 00:00:00',NULL),

(1239580136248201221,9,12,NULL,'0','2020-03-20 00:00:00',NULL),

(1239580136248201222,7,1,NULL,'0','2020-03-20 00:00:00',NULL),

(1239580136248201223,38,4,NULL,'0','2020-03-20 00:00:00',NULL),

(1239580136248201224,4,9,NULL,'0','2020-03-20 00:00:00',NULL),

(1239580136248201225,26,3,NULL,'1','2020-03-20 00:00:00','2020-03-20 00:00:00'),

(1239580136248201226,21,8,NULL,'0','2020-03-20 00:00:00',NULL),

(1239580136248201227,22,2,NULL,'0','2020-03-20 00:00:00',NULL),

(1239580136248201228,16,11,NULL,'0','2020-03-20 00:00:00',NULL),

(1239580136248201229,20,4,NULL,'0','2020-03-20 00:00:00',NULL),

(1239580136248201230,16,4,NULL,'1','2020-03-20 00:00:00','2020-03-20 00:00:00'),

(1239580136248201231,12,10,NULL,'0','2020-03-20 00:00:00',NULL),

(1239580136248201232,19,11,NULL,'0','2020-03-20 00:00:00',NULL),

(1239580136248201233,33,1,NULL,'0','2020-03-20 00:00:00',NULL),

(1239580136256589826,1,13,NULL,'0','2020-03-20 00:00:00',NULL),

(1239580136256589827,16,4,NULL,'0','2020-03-20 00:00:00',NULL),

(1239580136256589828,5,10,NULL,'0','2020-03-20 00:00:00',NULL),

(1239580136256589829,5,4,NULL,'0','2020-03-20 00:00:00',NULL),

(1239580136256589830,2,3,NULL,'0','2020-03-20 00:00:00',NULL),

(1239580136256589831,1,3,NULL,'0','2020-03-20 00:00:00',NULL),

(1239580136256589832,11,10,NULL,'0','2020-03-20 00:00:00',NULL),

(1239580136256589833,5,11,NULL,'1','2020-03-20 00:00:00','2020-03-20 00:00:00'),

(1239580136256589834,36,6,NULL,'0','2020-03-20 00:00:00',NULL),

(1239580136256589835,10,2,NULL,'1','2020-03-20 00:00:00','2020-03-20 00:00:00'),

(1239580136256589836,21,6,NULL,'0','2020-03-20 00:00:00',NULL),

(1239580136256589837,21,8,NULL,'0','2020-03-20 00:00:00',NULL),

(1239580136256589838,24,3,NULL,'0','2020-03-20 00:00:00',NULL),

(1239580136256589839,16,2,NULL,'0','2020-03-20 00:00:00',NULL),

(1239580136256589840,26,1,NULL,'0','2020-03-20 00:00:00',NULL),

(1239580136256589841,38,5,NULL,'0','2020-03-20 00:00:00',NULL),

(1239580136256589842,10,2,NULL,'0','2020-03-20 00:00:00',NULL),

(1239580136256589843,20,13,NULL,'0','2020-03-20 00:00:00',NULL),

(1239580136264978433,15,5,NULL,'0','2020-03-20 00:00:00',NULL),

(1239580136264978434,6,1,NULL,'0','2020-03-20 00:00:00',NULL),

(1239580136264978435,7,1,NULL,'0','2020-03-20 00:00:00',NULL),

(1239580136264978436,3,7,NULL,'0','2020-03-20 00:00:00',NULL),

(1239580136264978437,40,3,NULL,'0','2020-03-20 00:00:00',NULL),

(1239580136264978438,18,3,NULL,'0','2020-03-20 00:00:00',NULL),

(1239580136264978439,22,12,NULL,'0','2020-03-20 00:00:00',NULL),

(1239580136264978440,8,7,NULL,'0','2020-03-20 00:00:00',NULL),

(1239580136264978441,8,12,NULL,'0','2020-03-20 00:00:00',NULL),

(1239580136264978442,13,13,NULL,'0','2020-03-20 00:00:00',NULL),

(1239580136264978443,28,3,NULL,'0','2020-03-20 00:00:00',NULL),

(1239580136264978444,37,4,NULL,'0','2020-03-20 00:00:00',NULL),

(1239580136264978445,25,10,NULL,'1','2020-03-20 00:00:00','2020-03-20 00:00:00'),

(1239580136264978446,13,2,NULL,'0','2020-03-20 00:00:00',NULL),

(1239580136264978447,5,9,NULL,'0','2020-03-20 00:00:00',NULL),

(1239581378408165378,26,8,NULL,'0','2020-03-20 00:00:00',NULL),

(1239581378408165379,33,6,NULL,'0','2020-03-20 00:00:00',NULL),

(1239581378408165380,17,12,NULL,'0','2020-03-20 00:00:00',NULL),

(1239581378408165381,27,11,NULL,'0','2020-03-20 00:00:00',NULL),

(1239581378408165382,39,12,NULL,'0','2020-03-20 00:00:00',NULL),

(1239581378408165383,27,8,NULL,'0','2020-03-20 00:00:00',NULL),

(1239581378408165384,33,13,NULL,'0','2020-03-20 00:00:00',NULL),

(1239581378408165385,6,9,NULL,'0','2020-03-20 00:00:00',NULL),

(1239581378416553986,14,3,NULL,'0','2020-03-20 00:00:00',NULL),

(1239581378416553987,37,13,NULL,'0','2020-03-20 00:00:00',NULL),

(1239581378416553988,37,7,NULL,'0','2020-03-20 00:00:00',NULL),

(1239581378416553989,25,3,NULL,'0','2020-03-20 00:00:00',NULL),

(1239581378416553990,23,13,NULL,'0','2020-03-20 00:00:00',NULL),

(1239581378416553991,38,1,NULL,'0','2020-03-20 00:00:00',NULL),

(1239581378416553992,32,7,NULL,'0','2020-03-20 00:00:00',NULL),

(1239581378416553993,6,10,NULL,'0','2020-03-20 00:00:00',NULL),

(1239581378416553994,14,5,NULL,'0','2020-03-20 00:00:00',NULL),

(1239581378416553995,37,10,NULL,'0','2020-03-20 00:00:00',NULL),

(1239581378416553996,11,10,NULL,'0','2020-03-20 00:00:00',NULL),

(1239581378416553997,37,8,NULL,'0','2020-03-20 00:00:00',NULL),

(1239581378416553998,26,5,NULL,'0','2020-03-20 00:00:00',NULL),

(1239581378424942594,2,8,NULL,'1','2020-03-20 00:00:00','2020-03-20 00:00:00'),

(1239581378424942595,2,8,NULL,'0','2020-03-20 00:00:00',NULL),

(1239581378424942596,39,12,NULL,'0','2020-03-20 00:00:00',NULL),

(1239581378424942597,14,12,NULL,'0','2020-03-20 00:00:00',NULL),

(1239581378424942598,35,1,NULL,'0','2020-03-20 00:00:00',NULL),

(1239581378424942599,34,5,NULL,'0','2020-03-20 00:00:00',NULL),

(1239581378424942600,26,4,NULL,'0','2020-03-20 00:00:00',NULL),

(1239581378424942601,10,2,NULL,'0','2020-03-20 00:00:00',NULL),

(1239581378424942602,2,12,NULL,'0','2020-03-20 00:00:00',NULL),

(1239581378424942603,4,11,NULL,'0','2020-03-20 00:00:00',NULL),

(1239581378424942604,1,8,NULL,'0','2020-03-20 00:00:00',NULL),

(1239581378424942605,6,10,NULL,'0','2020-03-20 00:00:00',NULL),

(1239581378424942606,14,10,NULL,'0','2020-03-20 00:00:00',NULL),

(1239581378424942607,17,1,NULL,'1','2020-03-20 00:00:00','2020-03-20 00:00:00'),

(1239581378424942608,5,2,NULL,'0','2020-03-20 00:00:00',NULL),

(1239581378424942609,33,2,NULL,'1','2020-03-20 00:00:00','2020-03-20 00:00:00'),

(1239581378424942610,7,4,NULL,'0','2020-03-20 00:00:00',NULL),

(1239581378424942611,5,2,NULL,'0','2020-03-20 00:00:00',NULL),

(1239581378424942612,35,2,NULL,'0','2020-03-20 00:00:00',NULL),

(1239581378424942613,40,7,NULL,'0','2020-03-20 00:00:00',NULL),

(1239581378424942614,34,8,NULL,'0','2020-03-20 00:00:00',NULL),

(1239581378437525506,18,3,NULL,'0','2020-03-20 00:00:00',NULL),

(1239581378437525507,34,11,NULL,'0','2020-03-20 00:00:00',NULL),

(1239581378437525508,25,2,NULL,'0','2020-03-20 00:00:00',NULL),

(1239581378437525509,5,2,NULL,'1','2020-03-20 00:00:00','2020-03-20 00:00:00'),

(1239581378437525510,27,12,NULL,'0','2020-03-20 00:00:00',NULL),

(1239581378437525511,5,5,NULL,'1','2020-03-20 00:00:00','2020-03-20 00:00:00'),

(1239581378437525512,13,11,NULL,'0','2020-03-20 00:00:00',NULL),

(1239581378437525513,29,1,NULL,'0','2020-03-20 00:00:00',NULL),

(1239581378437525514,17,7,NULL,'0','2020-03-20 00:00:00',NULL),

(1239581378437525515,14,10,NULL,'0','2020-03-20 00:00:00',NULL),

(1239581378437525516,40,1,NULL,'0','2020-03-20 00:00:00',NULL),

(1239581378437525517,3,5,NULL,'0','2020-03-20 00:00:00',NULL),

(1239581378437525518,13,7,NULL,'0','2020-03-20 00:00:00',NULL),

(1239581378437525519,19,11,NULL,'0','2020-03-20 00:00:00',NULL),

(1239581378437525520,13,12,NULL,'0','2020-03-20 00:00:00',NULL),

(1239581378437525521,29,13,NULL,'0','2020-03-20 00:00:00',NULL),

(1239581378437525522,36,10,NULL,'0','2020-03-20 00:00:00',NULL),

(1239581378445914113,14,3,NULL,'0','2020-03-20 00:00:00',NULL),

(1239581378445914114,34,12,NULL,'0','2020-03-20 00:00:00',NULL),

(1239581378445914115,34,1,NULL,'1','2020-03-20 00:00:00','2020-03-20 00:00:00'),

(1239581378445914116,29,1,NULL,'0','2020-03-20 00:00:00',NULL),

(1239581378445914117,5,2,NULL,'0','2020-03-20 00:00:00',NULL),

(1239581378445914118,21,12,NULL,'0','2020-03-20 00:00:00',NULL),

(1239581378445914119,32,5,NULL,'0','2020-03-20 00:00:00',NULL),

(1239581378445914120,24,11,NULL,'1','2020-03-20 00:00:00','2020-03-20 00:00:00'),

(1239581378445914121,23,3,NULL,'0','2020-03-20 00:00:00',NULL),

(1239581378445914122,31,9,NULL,'0','2020-03-20 00:00:00',NULL),

(1239581378445914123,38,4,NULL,'0','2020-03-20 00:00:00',NULL),

(1239581378445914124,9,9,NULL,'0','2020-03-20 00:00:00',NULL),

(1239581378445914125,30,12,NULL,'0','2020-03-20 00:00:00',NULL),

(1239581378445914126,4,4,NULL,'0','2020-03-20 00:00:00',NULL),

(1239581378445914127,23,5,NULL,'0','2020-03-20 00:00:00',NULL),

(1239581378445914128,28,6,NULL,'0','2020-03-20 00:00:00',NULL),

(1239581378454302721,31,3,NULL,'0','2020-03-20 00:00:00',NULL),

(1239581378454302722,39,12,NULL,'0','2020-03-20 00:00:00',NULL),

(1239581378454302723,22,8,NULL,'0','2020-03-20 00:00:00',NULL),

(1239581378454302724,18,11,NULL,'0','2020-03-20 00:00:00',NULL),

(1239581378454302725,33,13,NULL,'0','2020-03-20 00:00:00',NULL),

(1239581378454302726,12,9,NULL,'0','2020-03-20 00:00:00',NULL),

(1239581378454302727,5,11,NULL,'0','2020-03-20 00:00:00',NULL),

(1239581378454302728,13,7,NULL,'1','2020-03-20 00:00:00','2020-03-20 00:00:00'),

(1239581378454302729,10,13,NULL,'0','2020-03-20 00:00:00',NULL),

(1239581378454302730,36,8,NULL,'0','2020-03-20 00:00:00',NULL),

(1239581378454302731,13,3,NULL,'0','2020-03-20 00:00:00',NULL),

(1239581378454302732,37,9,NULL,'0','2020-03-20 00:00:00',NULL),

(1239581378454302733,15,6,NULL,'0','2020-03-20 00:00:00',NULL),

(1239581378454302734,5,10,NULL,'0','2020-03-20 00:00:00',NULL),

(1239581378454302735,13,13,NULL,'0','2020-03-20 00:00:00',NULL),

(1239581378454302736,33,9,NULL,'0','2020-03-20 00:00:00',NULL),

(1239581378454302737,10,7,NULL,'0','2020-03-20 00:00:00',NULL),

(1239581378454302738,19,12,NULL,'0','2020-03-20 00:00:00',NULL),

(1239581378462691329,29,10,NULL,'1','2020-03-20 00:00:00','2020-03-20 00:00:00'),

(1239581378462691330,13,4,NULL,'0','2020-03-20 00:00:00',NULL),

(1239581378462691331,26,8,NULL,'0','2020-03-20 00:00:00',NULL),

(1239581378462691332,31,5,NULL,'0','2020-03-20 00:00:00',NULL),

(1239581378462691333,33,7,NULL,'0','2020-03-20 00:00:00',NULL),

(1239581378462691334,4,4,NULL,'0','2020-03-20 00:00:00',NULL),

(1239581378462691335,5,9,NULL,'0','2020-03-20 00:00:00',NULL);

/*Table structure for table `holiday_info` */

DROP TABLE IF EXISTS `holiday_info`;

CREATE TABLE `holiday_info` (
  `holiday_id` int(11) NOT NULL,
  `holiday_name` varchar(20) DEFAULT NULL,
  PRIMARY KEY (`holiday_id`)
) ENGINE=InnoDB DEFAULT CHARSET=utf8;

/*Data for the table `holiday_info` */

insert  into `holiday_info`(`holiday_id`,`holiday_name`) values 

(1,'元旦'),

(2,'春节'),

(3,'清明'),

(4,'劳动节'),

(5,'端午节'),

(6,'中秋节'),

(7,'国庆节');

/*Table structure for table `holiday_year` */

DROP TABLE IF EXISTS `holiday_year`;

CREATE TABLE `holiday_year` (
  `year_id` int(11) DEFAULT NULL,
  `holiday_id` int(11) DEFAULT NULL,
  `start_date_id` int(11) DEFAULT NULL,
  `end_date_id` int(11) DEFAULT NULL
) ENGINE=InnoDB DEFAULT CHARSET=utf8;

/*Data for the table `holiday_year` */

insert  into `holiday_year`(`year_id`,`holiday_id`,`start_date_id`,`end_date_id`) values 

(2019,2,20190204,20190210),

(2019,1,20190101,20190101),

(2019,3,20190405,20190407),

(2019,4,20190429,20190501),

(2019,5,20190607,20190609),

(2019,6,20190913,20190915),

(2019,7,20191001,20191007),

(2020,1,20200101,20200101),

(2020,2,20200119,20200201),

(2020,3,20200404,20200406),

(2020,4,20200501,20200505),

(2020,5,20200625,20200627),

(2020,7,20201001,20201008);

/*Table structure for table `order_detail` */

DROP TABLE IF EXISTS `order_detail`;

CREATE TABLE `order_detail` (
  `id` bigint(20) NOT NULL AUTO_INCREMENT COMMENT '编号',
  `order_id` bigint(20) DEFAULT NULL COMMENT '订单编号',
  `sku_id` bigint(20) DEFAULT NULL COMMENT 'sku_id',
  `sku_name` varchar(200) DEFAULT NULL COMMENT 'sku名称（冗余)',
  `img_url` varchar(200) DEFAULT NULL COMMENT '图片名称（冗余)',
  `order_price` decimal(10,2) DEFAULT NULL COMMENT '购买价格(下单时sku价格）',
  `sku_num` varchar(200) DEFAULT NULL COMMENT '购买个数',
  `create_time` datetime DEFAULT NULL COMMENT '创建时间',
  PRIMARY KEY (`id`)
) ENGINE=InnoDB AUTO_INCREMENT=8264 DEFAULT CHARSET=utf8 COMMENT='订单明细表';

/*Data for the table `order_detail` */

insert  into `order_detail`(`id`,`order_id`,`sku_id`,`sku_name`,`img_url`,`order_price`,`sku_num`,`create_time`) values 

(7576,3035,10,'小米（MI） 小米路由器4 双千兆路由器 无线家用穿墙1200M高速双频wifi 千兆版 千兆端口光纤适用','http://kAXllAQEzJWHwiExxVmyJIABfXyzbKwedeofMqwh',222.00,'1','2020-03-15 00:00:00'),

(7577,3035,2,'TCL 55A950C 55英寸32核人工智能 HDR曲面超薄4K电视金属机身（枪色）','http://JfJSvAnPkErYPcUsbgCuokhjxKiLeqpDXakZqFeE',3321.00,'2','2020-03-15 00:00:00'),

(7578,3035,7,'荣耀10青春版 幻彩渐变 2400万AI自拍 全网通版4GB+64GB 渐变蓝 移动联通电信4G全面屏手机 双卡双待','http://IJwhvJSuwaMHaevQQKZUzLkOsvYFiYsRhmLSjpZb',1553.00,'3','2020-03-15 00:00:00'),

(7579,3036,10,'小米（MI） 小米路由器4 双千兆路由器 无线家用穿墙1200M高速双频wifi 千兆版 千兆端口光纤适用','http://kAXllAQEzJWHwiExxVmyJIABfXyzbKwedeofMqwh',222.00,'2','2020-03-15 00:00:00'),

(7580,3036,8,'Apple iPhoneXSMax (A2104) 256GB 深空灰色 移动联通电信4G手机 双卡双待','http://RFCTOnWWRtrJdygmPqiUXdBvyhqiTTOnXYagFJDP',8900.00,'1','2020-03-15 00:00:00'),

(7581,3036,9,'荣耀10 GT游戏加速 AIS手持夜景 6GB+64GB 幻影蓝全网通 移动联通电信','http://hNuKrFXZgFIzzZxnYeCxEDdJlbAwHUCbBChdXAKZ',2452.00,'2','2020-03-15 00:00:00'),

(7582,3037,10,'小米（MI） 小米路由器4 双千兆路由器 无线家用穿墙1200M高速双频wifi 千兆版 千兆端口光纤适用','http://kAXllAQEzJWHwiExxVmyJIABfXyzbKwedeofMqwh',222.00,'3','2020-03-15 00:00:00'),

(7583,3037,5,'十月稻田 沁州黄小米 (黄小米 五谷杂粮 山西特产 真空装 大米伴侣 粥米搭档) 2.5kg','http://INNButKuTkslasORPBmHACnJuccfsxmRxNuMznPm',244.00,'3','2020-03-15 00:00:00'),

(7584,3038,13,'联想(Lenovo)Y9000X 2019新款 15.6英寸高性能标压轻薄本笔记本电脑(i5-9300H 16G 512GSSD FHD)深空灰','http://kAXllAQEzJWHwiExxVmyJIABfXyzbKwedeofMqwh',7299.00,'3','2020-03-15 00:00:00'),

(7585,3038,9,'荣耀10 GT游戏加速 AIS手持夜景 6GB+64GB 幻影蓝全网通 移动联通电信','http://hNuKrFXZgFIzzZxnYeCxEDdJlbAwHUCbBChdXAKZ',2452.00,'1','2020-03-15 00:00:00'),

(7586,3038,5,'十月稻田 沁州黄小米 (黄小米 五谷杂粮 山西特产 真空装 大米伴侣 粥米搭档) 2.5kg','http://INNButKuTkslasORPBmHACnJuccfsxmRxNuMznPm',244.00,'1','2020-03-15 00:00:00'),

(7587,3039,5,'十月稻田 沁州黄小米 (黄小米 五谷杂粮 山西特产 真空装 大米伴侣 粥米搭档) 2.5kg','http://INNButKuTkslasORPBmHACnJuccfsxmRxNuMznPm',244.00,'2','2020-03-15 00:00:00'),

(7588,3039,3,'小米（MI）电视 55英寸曲面4K智能WiFi网络液晶电视机4S L55M5-AQ 小米电视4S 55英寸 曲面','http://LzpblavcZQeYEbwbSjsnmsgAjtpudhDradqsRgdZ',3100.00,'1','2020-03-15 00:00:00'),

(7589,3040,2,'TCL 55A950C 55英寸32核人工智能 HDR曲面超薄4K电视金属机身（枪色）','http://JfJSvAnPkErYPcUsbgCuokhjxKiLeqpDXakZqFeE',3321.00,'3','2020-03-15 00:00:00'),

(7590,3040,9,'荣耀10 GT游戏加速 AIS手持夜景 6GB+64GB 幻影蓝全网通 移动联通电信','http://hNuKrFXZgFIzzZxnYeCxEDdJlbAwHUCbBChdXAKZ',2452.00,'2','2020-03-15 00:00:00'),

(7591,3040,3,'小米（MI）电视 55英寸曲面4K智能WiFi网络液晶电视机4S L55M5-AQ 小米电视4S 55英寸 曲面','http://LzpblavcZQeYEbwbSjsnmsgAjtpudhDradqsRgdZ',3100.00,'3','2020-03-15 00:00:00'),

(7592,3040,10,'小米（MI） 小米路由器4 双千兆路由器 无线家用穿墙1200M高速双频wifi 千兆版 千兆端口光纤适用','http://kAXllAQEzJWHwiExxVmyJIABfXyzbKwedeofMqwh',222.00,'1','2020-03-15 00:00:00'),

(7593,3041,11,'联想(Lenovo)拯救者Y7000 2019新款 15.6英寸游戏本笔记本电脑（i7-9750H 8GB 1TB+256GB GTX1650 4G独显 黑）','http://kAXllAQEzJWHwiExxVmyJIABfXyzbKwedeofMqwh',6399.00,'3','2020-03-15 00:00:00'),

(7594,3042,2,'TCL 55A950C 55英寸32核人工智能 HDR曲面超薄4K电视金属机身（枪色）','http://JfJSvAnPkErYPcUsbgCuokhjxKiLeqpDXakZqFeE',3321.00,'1','2020-03-15 00:00:00'),

(7595,3042,9,'荣耀10 GT游戏加速 AIS手持夜景 6GB+64GB 幻影蓝全网通 移动联通电信','http://hNuKrFXZgFIzzZxnYeCxEDdJlbAwHUCbBChdXAKZ',2452.00,'1','2020-03-15 00:00:00'),

(7596,3043,5,'十月稻田 沁州黄小米 (黄小米 五谷杂粮 山西特产 真空装 大米伴侣 粥米搭档) 2.5kg','http://INNButKuTkslasORPBmHACnJuccfsxmRxNuMznPm',244.00,'2','2020-03-15 00:00:00'),

(7597,3043,13,'联想(Lenovo)Y9000X 2019新款 15.6英寸高性能标压轻薄本笔记本电脑(i5-9300H 16G 512GSSD FHD)深空灰','http://kAXllAQEzJWHwiExxVmyJIABfXyzbKwedeofMqwh',7299.00,'3','2020-03-15 00:00:00'),

(7598,3044,12,'联想(Lenovo)拯救者Y7000 英特尔酷睿i7 2019新款 15.6英寸发烧游戏本笔记本电脑（i7-9750H 8GB 512GB SSD GTX1650 4G 高色域','http://kAXllAQEzJWHwiExxVmyJIABfXyzbKwedeofMqwh',6699.00,'1','2020-03-16 00:00:00'),

(7599,3044,10,'小米（MI） 小米路由器4 双千兆路由器 无线家用穿墙1200M高速双频wifi 千兆版 千兆端口光纤适用','http://kAXllAQEzJWHwiExxVmyJIABfXyzbKwedeofMqwh',222.00,'1','2020-03-16 00:00:00'),

(7600,3044,2,'TCL 55A950C 55英寸32核人工智能 HDR曲面超薄4K电视金属机身（枪色）','http://JfJSvAnPkErYPcUsbgCuokhjxKiLeqpDXakZqFeE',3321.00,'2','2020-03-16 00:00:00'),

(7601,3044,7,'荣耀10青春版 幻彩渐变 2400万AI自拍 全网通版4GB+64GB 渐变蓝 移动联通电信4G全面屏手机 双卡双待','http://IJwhvJSuwaMHaevQQKZUzLkOsvYFiYsRhmLSjpZb',1553.00,'3','2020-03-16 00:00:00'),

(7602,3044,7,'荣耀10青春版 幻彩渐变 2400万AI自拍 全网通版4GB+64GB 渐变蓝 移动联通电信4G全面屏手机 双卡双待','http://IJwhvJSuwaMHaevQQKZUzLkOsvYFiYsRhmLSjpZb',1553.00,'1','2020-03-16 00:00:00'),

(7603,3045,1,'荣耀10青春版 幻彩渐变 2400万AI自拍 全网通版4GB+64GB 渐变蓝 移动联通电信4G全面屏手机 双卡双待','http://AOvKmfRQEBRJJllwCwCuptVAOtBBcIjWeJRsmhbJ',2220.00,'3','2020-03-16 00:00:00'),

(7604,3045,10,'小米（MI） 小米路由器4 双千兆路由器 无线家用穿墙1200M高速双频wifi 千兆版 千兆端口光纤适用','http://kAXllAQEzJWHwiExxVmyJIABfXyzbKwedeofMqwh',222.00,'3','2020-03-16 00:00:00'),

(7605,3045,5,'十月稻田 沁州黄小米 (黄小米 五谷杂粮 山西特产 真空装 大米伴侣 粥米搭档) 2.5kg','http://INNButKuTkslasORPBmHACnJuccfsxmRxNuMznPm',244.00,'3','2020-03-16 00:00:00'),

(7606,3045,5,'十月稻田 沁州黄小米 (黄小米 五谷杂粮 山西特产 真空装 大米伴侣 粥米搭档) 2.5kg','http://INNButKuTkslasORPBmHACnJuccfsxmRxNuMznPm',244.00,'1','2020-03-16 00:00:00'),

(7607,3046,2,'TCL 55A950C 55英寸32核人工智能 HDR曲面超薄4K电视金属机身（枪色）','http://JfJSvAnPkErYPcUsbgCuokhjxKiLeqpDXakZqFeE',3321.00,'3','2020-03-16 00:00:00'),

(7608,3046,5,'十月稻田 沁州黄小米 (黄小米 五谷杂粮 山西特产 真空装 大米伴侣 粥米搭档) 2.5kg','http://INNButKuTkslasORPBmHACnJuccfsxmRxNuMznPm',244.00,'2','2020-03-16 00:00:00'),

(7609,3046,3,'小米（MI）电视 55英寸曲面4K智能WiFi网络液晶电视机4S L55M5-AQ 小米电视4S 55英寸 曲面','http://LzpblavcZQeYEbwbSjsnmsgAjtpudhDradqsRgdZ',3100.00,'1','2020-03-16 00:00:00'),

(7610,3046,11,'联想(Lenovo)拯救者Y7000 2019新款 15.6英寸游戏本笔记本电脑（i7-9750H 8GB 1TB+256GB GTX1650 4G独显 黑）','http://kAXllAQEzJWHwiExxVmyJIABfXyzbKwedeofMqwh',6399.00,'2','2020-03-16 00:00:00'),

(7611,3046,13,'联想(Lenovo)Y9000X 2019新款 15.6英寸高性能标压轻薄本笔记本电脑(i5-9300H 16G 512GSSD FHD)深空灰','http://kAXllAQEzJWHwiExxVmyJIABfXyzbKwedeofMqwh',7299.00,'1','2020-03-16 00:00:00'),

(7612,3046,5,'十月稻田 沁州黄小米 (黄小米 五谷杂粮 山西特产 真空装 大米伴侣 粥米搭档) 2.5kg','http://INNButKuTkslasORPBmHACnJuccfsxmRxNuMznPm',244.00,'3','2020-03-16 00:00:00'),

(7613,3047,11,'联想(Lenovo)拯救者Y7000 2019新款 15.6英寸游戏本笔记本电脑（i7-9750H 8GB 1TB+256GB GTX1650 4G独显 黑）','http://kAXllAQEzJWHwiExxVmyJIABfXyzbKwedeofMqwh',6399.00,'3','2020-03-16 00:00:00'),

(7614,3048,2,'TCL 55A950C 55英寸32核人工智能 HDR曲面超薄4K电视金属机身（枪色）','http://JfJSvAnPkErYPcUsbgCuokhjxKiLeqpDXakZqFeE',3321.00,'3','2020-03-16 00:00:00'),

(7615,3048,9,'荣耀10 GT游戏加速 AIS手持夜景 6GB+64GB 幻影蓝全网通 移动联通电信','http://hNuKrFXZgFIzzZxnYeCxEDdJlbAwHUCbBChdXAKZ',2452.00,'2','2020-03-16 00:00:00'),

(7616,3048,10,'小米（MI） 小米路由器4 双千兆路由器 无线家用穿墙1200M高速双频wifi 千兆版 千兆端口光纤适用','http://kAXllAQEzJWHwiExxVmyJIABfXyzbKwedeofMqwh',222.00,'1','2020-03-16 00:00:00'),

(7617,3048,6,'北纯精制黄小米（小黄米 月子米 小米粥 粗粮杂粮 大米伴侣）2.18kg','http://lMddjKYNSaxpeAqbkWcxegrrHjayrosVDeLrABhg',145.00,'3','2020-03-16 00:00:00'),

(7618,3048,11,'联想(Lenovo)拯救者Y7000 2019新款 15.6英寸游戏本笔记本电脑（i7-9750H 8GB 1TB+256GB GTX1650 4G独显 黑）','http://kAXllAQEzJWHwiExxVmyJIABfXyzbKwedeofMqwh',6399.00,'3','2020-03-16 00:00:00'),

(7619,3049,5,'十月稻田 沁州黄小米 (黄小米 五谷杂粮 山西特产 真空装 大米伴侣 粥米搭档) 2.5kg','http://INNButKuTkslasORPBmHACnJuccfsxmRxNuMznPm',244.00,'2','2020-03-16 00:00:00'),

(7620,3049,13,'联想(Lenovo)Y9000X 2019新款 15.6英寸高性能标压轻薄本笔记本电脑(i5-9300H 16G 512GSSD FHD)深空灰','http://kAXllAQEzJWHwiExxVmyJIABfXyzbKwedeofMqwh',7299.00,'3','2020-03-16 00:00:00'),

(7621,3049,4,'小米Play 流光渐变AI双摄 4GB+64GB 梦幻蓝 全网通4G 双卡双待 小水滴全面屏拍照游戏智能手机','http://SXlkutIjYpDWWTEpNUiisnlsevOHVElrdngQLgyZ',1442.00,'2','2020-03-16 00:00:00'),

(7622,3049,12,'联想(Lenovo)拯救者Y7000 英特尔酷睿i7 2019新款 15.6英寸发烧游戏本笔记本电脑（i7-9750H 8GB 512GB SSD GTX1650 4G 高色域','http://kAXllAQEzJWHwiExxVmyJIABfXyzbKwedeofMqwh',6699.00,'3','2020-03-16 00:00:00'),

(7623,3050,11,'联想(Lenovo)拯救者Y7000 2019新款 15.6英寸游戏本笔记本电脑（i7-9750H 8GB 1TB+256GB GTX1650 4G独显 黑）','http://kAXllAQEzJWHwiExxVmyJIABfXyzbKwedeofMqwh',6399.00,'3','2020-03-16 00:00:00'),

(7624,3051,11,'联想(Lenovo)拯救者Y7000 2019新款 15.6英寸游戏本笔记本电脑（i7-9750H 8GB 1TB+256GB GTX1650 4G独显 黑）','http://kAXllAQEzJWHwiExxVmyJIABfXyzbKwedeofMqwh',6399.00,'3','2020-03-16 00:00:00'),

(7625,3052,2,'TCL 55A950C 55英寸32核人工智能 HDR曲面超薄4K电视金属机身（枪色）','http://JfJSvAnPkErYPcUsbgCuokhjxKiLeqpDXakZqFeE',3321.00,'1','2020-03-16 00:00:00'),

(7626,3052,7,'荣耀10青春版 幻彩渐变 2400万AI自拍 全网通版4GB+64GB 渐变蓝 移动联通电信4G全面屏手机 双卡双待','http://IJwhvJSuwaMHaevQQKZUzLkOsvYFiYsRhmLSjpZb',1553.00,'1','2020-03-16 00:00:00'),

(7627,3053,13,'联想(Lenovo)Y9000X 2019新款 15.6英寸高性能标压轻薄本笔记本电脑(i5-9300H 16G 512GSSD FHD)深空灰','http://kAXllAQEzJWHwiExxVmyJIABfXyzbKwedeofMqwh',7299.00,'3','2020-03-16 00:00:00'),

(7628,3053,9,'荣耀10 GT游戏加速 AIS手持夜景 6GB+64GB 幻影蓝全网通 移动联通电信','http://hNuKrFXZgFIzzZxnYeCxEDdJlbAwHUCbBChdXAKZ',2452.00,'1','2020-03-16 00:00:00'),

(7629,3053,5,'十月稻田 沁州黄小米 (黄小米 五谷杂粮 山西特产 真空装 大米伴侣 粥米搭档) 2.5kg','http://INNButKuTkslasORPBmHACnJuccfsxmRxNuMznPm',244.00,'2','2020-03-16 00:00:00'),

(7630,3054,10,'小米（MI） 小米路由器4 双千兆路由器 无线家用穿墙1200M高速双频wifi 千兆版 千兆端口光纤适用','http://kAXllAQEzJWHwiExxVmyJIABfXyzbKwedeofMqwh',222.00,'3','2020-03-16 00:00:00'),

(7631,3054,8,'Apple iPhoneXSMax (A2104) 256GB 深空灰色 移动联通电信4G手机 双卡双待','http://RFCTOnWWRtrJdygmPqiUXdBvyhqiTTOnXYagFJDP',8900.00,'1','2020-03-16 00:00:00'),

(7632,3055,8,'Apple iPhoneXSMax (A2104) 256GB 深空灰色 移动联通电信4G手机 双卡双待','http://RFCTOnWWRtrJdygmPqiUXdBvyhqiTTOnXYagFJDP',8900.00,'1','2020-03-16 00:00:00'),

(7633,3055,6,'北纯精制黄小米（小黄米 月子米 小米粥 粗粮杂粮 大米伴侣）2.18kg','http://lMddjKYNSaxpeAqbkWcxegrrHjayrosVDeLrABhg',145.00,'2','2020-03-16 00:00:00'),

(7634,3056,10,'小米（MI） 小米路由器4 双千兆路由器 无线家用穿墙1200M高速双频wifi 千兆版 千兆端口光纤适用','http://kAXllAQEzJWHwiExxVmyJIABfXyzbKwedeofMqwh',222.00,'3','2020-03-16 00:00:00'),

(7635,3056,7,'荣耀10青春版 幻彩渐变 2400万AI自拍 全网通版4GB+64GB 渐变蓝 移动联通电信4G全面屏手机 双卡双待','http://IJwhvJSuwaMHaevQQKZUzLkOsvYFiYsRhmLSjpZb',1553.00,'3','2020-03-16 00:00:00'),

(7636,3056,1,'荣耀10青春版 幻彩渐变 2400万AI自拍 全网通版4GB+64GB 渐变蓝 移动联通电信4G全面屏手机 双卡双待','http://AOvKmfRQEBRJJllwCwCuptVAOtBBcIjWeJRsmhbJ',2220.00,'2','2020-03-16 00:00:00'),

(7637,3056,7,'荣耀10青春版 幻彩渐变 2400万AI自拍 全网通版4GB+64GB 渐变蓝 移动联通电信4G全面屏手机 双卡双待','http://IJwhvJSuwaMHaevQQKZUzLkOsvYFiYsRhmLSjpZb',1553.00,'3','2020-03-16 00:00:00'),

(7638,3057,11,'联想(Lenovo)拯救者Y7000 2019新款 15.6英寸游戏本笔记本电脑（i7-9750H 8GB 1TB+256GB GTX1650 4G独显 黑）','http://kAXllAQEzJWHwiExxVmyJIABfXyzbKwedeofMqwh',6399.00,'3','2020-03-16 00:00:00'),

(7639,3057,8,'Apple iPhoneXSMax (A2104) 256GB 深空灰色 移动联通电信4G手机 双卡双待','http://RFCTOnWWRtrJdygmPqiUXdBvyhqiTTOnXYagFJDP',8900.00,'2','2020-03-16 00:00:00'),

(7640,3057,12,'联想(Lenovo)拯救者Y7000 英特尔酷睿i7 2019新款 15.6英寸发烧游戏本笔记本电脑（i7-9750H 8GB 512GB SSD GTX1650 4G 高色域','http://kAXllAQEzJWHwiExxVmyJIABfXyzbKwedeofMqwh',6699.00,'3','2020-03-16 00:00:00'),

(7641,3057,7,'荣耀10青春版 幻彩渐变 2400万AI自拍 全网通版4GB+64GB 渐变蓝 移动联通电信4G全面屏手机 双卡双待','http://IJwhvJSuwaMHaevQQKZUzLkOsvYFiYsRhmLSjpZb',1553.00,'2','2020-03-16 00:00:00'),

(7642,3058,13,'联想(Lenovo)Y9000X 2019新款 15.6英寸高性能标压轻薄本笔记本电脑(i5-9300H 16G 512GSSD FHD)深空灰','http://kAXllAQEzJWHwiExxVmyJIABfXyzbKwedeofMqwh',7299.00,'3','2020-03-16 00:00:00'),

(7643,3058,9,'荣耀10 GT游戏加速 AIS手持夜景 6GB+64GB 幻影蓝全网通 移动联通电信','http://hNuKrFXZgFIzzZxnYeCxEDdJlbAwHUCbBChdXAKZ',2452.00,'1','2020-03-16 00:00:00'),

(7644,3058,5,'十月稻田 沁州黄小米 (黄小米 五谷杂粮 山西特产 真空装 大米伴侣 粥米搭档) 2.5kg','http://INNButKuTkslasORPBmHACnJuccfsxmRxNuMznPm',244.00,'1','2020-03-16 00:00:00'),

(7645,3058,4,'小米Play 流光渐变AI双摄 4GB+64GB 梦幻蓝 全网通4G 双卡双待 小水滴全面屏拍照游戏智能手机','http://SXlkutIjYpDWWTEpNUiisnlsevOHVElrdngQLgyZ',1442.00,'3','2020-03-16 00:00:00'),

(7646,3058,5,'十月稻田 沁州黄小米 (黄小米 五谷杂粮 山西特产 真空装 大米伴侣 粥米搭档) 2.5kg','http://INNButKuTkslasORPBmHACnJuccfsxmRxNuMznPm',244.00,'2','2020-03-16 00:00:00'),

(7647,3058,12,'联想(Lenovo)拯救者Y7000 英特尔酷睿i7 2019新款 15.6英寸发烧游戏本笔记本电脑（i7-9750H 8GB 512GB SSD GTX1650 4G 高色域','http://kAXllAQEzJWHwiExxVmyJIABfXyzbKwedeofMqwh',6699.00,'3','2020-03-16 00:00:00'),

(7648,3059,2,'TCL 55A950C 55英寸32核人工智能 HDR曲面超薄4K电视金属机身（枪色）','http://JfJSvAnPkErYPcUsbgCuokhjxKiLeqpDXakZqFeE',3321.00,'1','2020-03-16 00:00:00'),

(7649,3059,9,'荣耀10 GT游戏加速 AIS手持夜景 6GB+64GB 幻影蓝全网通 移动联通电信','http://hNuKrFXZgFIzzZxnYeCxEDdJlbAwHUCbBChdXAKZ',2452.00,'1','2020-03-16 00:00:00'),

(7650,3059,7,'荣耀10青春版 幻彩渐变 2400万AI自拍 全网通版4GB+64GB 渐变蓝 移动联通电信4G全面屏手机 双卡双待','http://IJwhvJSuwaMHaevQQKZUzLkOsvYFiYsRhmLSjpZb',1553.00,'1','2020-03-16 00:00:00'),

(7651,3059,9,'荣耀10 GT游戏加速 AIS手持夜景 6GB+64GB 幻影蓝全网通 移动联通电信','http://hNuKrFXZgFIzzZxnYeCxEDdJlbAwHUCbBChdXAKZ',2452.00,'1','2020-03-16 00:00:00'),

(7652,3060,2,'TCL 55A950C 55英寸32核人工智能 HDR曲面超薄4K电视金属机身（枪色）','http://JfJSvAnPkErYPcUsbgCuokhjxKiLeqpDXakZqFeE',3321.00,'3','2020-03-16 00:00:00'),

(7653,3060,5,'十月稻田 沁州黄小米 (黄小米 五谷杂粮 山西特产 真空装 大米伴侣 粥米搭档) 2.5kg','http://INNButKuTkslasORPBmHACnJuccfsxmRxNuMznPm',244.00,'2','2020-03-16 00:00:00'),

(7654,3060,13,'联想(Lenovo)Y9000X 2019新款 15.6英寸高性能标压轻薄本笔记本电脑(i5-9300H 16G 512GSSD FHD)深空灰','http://kAXllAQEzJWHwiExxVmyJIABfXyzbKwedeofMqwh',7299.00,'1','2020-03-16 00:00:00'),

(7655,3060,13,'联想(Lenovo)Y9000X 2019新款 15.6英寸高性能标压轻薄本笔记本电脑(i5-9300H 16G 512GSSD FHD)深空灰','http://kAXllAQEzJWHwiExxVmyJIABfXyzbKwedeofMqwh',7299.00,'1','2020-03-16 00:00:00'),

(7656,3060,3,'小米（MI）电视 55英寸曲面4K智能WiFi网络液晶电视机4S L55M5-AQ 小米电视4S 55英寸 曲面','http://LzpblavcZQeYEbwbSjsnmsgAjtpudhDradqsRgdZ',3100.00,'1','2020-03-16 00:00:00'),

(7657,3061,10,'小米（MI） 小米路由器4 双千兆路由器 无线家用穿墙1200M高速双频wifi 千兆版 千兆端口光纤适用','http://kAXllAQEzJWHwiExxVmyJIABfXyzbKwedeofMqwh',222.00,'3','2020-03-16 00:00:00'),

(7658,3062,13,'联想(Lenovo)Y9000X 2019新款 15.6英寸高性能标压轻薄本笔记本电脑(i5-9300H 16G 512GSSD FHD)深空灰','http://kAXllAQEzJWHwiExxVmyJIABfXyzbKwedeofMqwh',7299.00,'3','2020-03-16 00:00:00'),

(7659,3062,4,'小米Play 流光渐变AI双摄 4GB+64GB 梦幻蓝 全网通4G 双卡双待 小水滴全面屏拍照游戏智能手机','http://SXlkutIjYpDWWTEpNUiisnlsevOHVElrdngQLgyZ',1442.00,'2','2020-03-16 00:00:00'),

(7660,3062,12,'联想(Lenovo)拯救者Y7000 英特尔酷睿i7 2019新款 15.6英寸发烧游戏本笔记本电脑（i7-9750H 8GB 512GB SSD GTX1650 4G 高色域','http://kAXllAQEzJWHwiExxVmyJIABfXyzbKwedeofMqwh',6699.00,'3','2020-03-16 00:00:00'),

(7661,3063,2,'TCL 55A950C 55英寸32核人工智能 HDR曲面超薄4K电视金属机身（枪色）','http://JfJSvAnPkErYPcUsbgCuokhjxKiLeqpDXakZqFeE',3321.00,'2','2020-03-16 00:00:00'),

(7662,3063,9,'荣耀10 GT游戏加速 AIS手持夜景 6GB+64GB 幻影蓝全网通 移动联通电信','http://hNuKrFXZgFIzzZxnYeCxEDdJlbAwHUCbBChdXAKZ',2452.00,'3','2020-03-16 00:00:00'),

(7663,3064,2,'TCL 55A950C 55英寸32核人工智能 HDR曲面超薄4K电视金属机身（枪色）','http://JfJSvAnPkErYPcUsbgCuokhjxKiLeqpDXakZqFeE',3321.00,'3','2020-03-16 00:00:00'),

(7664,3064,9,'荣耀10 GT游戏加速 AIS手持夜景 6GB+64GB 幻影蓝全网通 移动联通电信','http://hNuKrFXZgFIzzZxnYeCxEDdJlbAwHUCbBChdXAKZ',2452.00,'2','2020-03-16 00:00:00'),

(7665,3064,3,'小米（MI）电视 55英寸曲面4K智能WiFi网络液晶电视机4S L55M5-AQ 小米电视4S 55英寸 曲面','http://LzpblavcZQeYEbwbSjsnmsgAjtpudhDradqsRgdZ',3100.00,'3','2020-03-16 00:00:00'),

(7666,3064,10,'小米（MI） 小米路由器4 双千兆路由器 无线家用穿墙1200M高速双频wifi 千兆版 千兆端口光纤适用','http://kAXllAQEzJWHwiExxVmyJIABfXyzbKwedeofMqwh',222.00,'1','2020-03-16 00:00:00'),

(7667,3064,11,'联想(Lenovo)拯救者Y7000 2019新款 15.6英寸游戏本笔记本电脑（i7-9750H 8GB 1TB+256GB GTX1650 4G独显 黑）','http://kAXllAQEzJWHwiExxVmyJIABfXyzbKwedeofMqwh',6399.00,'3','2020-03-16 00:00:00'),

(7668,3064,10,'小米（MI） 小米路由器4 双千兆路由器 无线家用穿墙1200M高速双频wifi 千兆版 千兆端口光纤适用','http://kAXllAQEzJWHwiExxVmyJIABfXyzbKwedeofMqwh',222.00,'2','2020-03-16 00:00:00'),

(7669,3064,2,'TCL 55A950C 55英寸32核人工智能 HDR曲面超薄4K电视金属机身（枪色）','http://JfJSvAnPkErYPcUsbgCuokhjxKiLeqpDXakZqFeE',3321.00,'2','2020-03-16 00:00:00'),

(7670,3065,2,'TCL 55A950C 55英寸32核人工智能 HDR曲面超薄4K电视金属机身（枪色）','http://JfJSvAnPkErYPcUsbgCuokhjxKiLeqpDXakZqFeE',3321.00,'1','2020-03-16 00:00:00'),

(7671,3066,9,'荣耀10 GT游戏加速 AIS手持夜景 6GB+64GB 幻影蓝全网通 移动联通电信','http://hNuKrFXZgFIzzZxnYeCxEDdJlbAwHUCbBChdXAKZ',2452.00,'3','2020-03-16 00:00:00'),

(7672,3066,11,'联想(Lenovo)拯救者Y7000 2019新款 15.6英寸游戏本笔记本电脑（i7-9750H 8GB 1TB+256GB GTX1650 4G独显 黑）','http://kAXllAQEzJWHwiExxVmyJIABfXyzbKwedeofMqwh',6399.00,'1','2020-03-16 00:00:00'),

(7673,3067,2,'TCL 55A950C 55英寸32核人工智能 HDR曲面超薄4K电视金属机身（枪色）','http://JfJSvAnPkErYPcUsbgCuokhjxKiLeqpDXakZqFeE',3321.00,'1','2020-03-16 00:00:00'),

(7674,3067,7,'荣耀10青春版 幻彩渐变 2400万AI自拍 全网通版4GB+64GB 渐变蓝 移动联通电信4G全面屏手机 双卡双待','http://IJwhvJSuwaMHaevQQKZUzLkOsvYFiYsRhmLSjpZb',1553.00,'1','2020-03-16 00:00:00'),

(7675,3067,9,'荣耀10 GT游戏加速 AIS手持夜景 6GB+64GB 幻影蓝全网通 移动联通电信','http://hNuKrFXZgFIzzZxnYeCxEDdJlbAwHUCbBChdXAKZ',2452.00,'1','2020-03-16 00:00:00'),

(7676,3068,9,'荣耀10 GT游戏加速 AIS手持夜景 6GB+64GB 幻影蓝全网通 移动联通电信','http://hNuKrFXZgFIzzZxnYeCxEDdJlbAwHUCbBChdXAKZ',2452.00,'2','2020-03-16 00:00:00'),

(7677,3068,4,'小米Play 流光渐变AI双摄 4GB+64GB 梦幻蓝 全网通4G 双卡双待 小水滴全面屏拍照游戏智能手机','http://SXlkutIjYpDWWTEpNUiisnlsevOHVElrdngQLgyZ',1442.00,'2','2020-03-16 00:00:00'),

(7678,3069,12,'联想(Lenovo)拯救者Y7000 英特尔酷睿i7 2019新款 15.6英寸发烧游戏本笔记本电脑（i7-9750H 8GB 512GB SSD GTX1650 4G 高色域','http://kAXllAQEzJWHwiExxVmyJIABfXyzbKwedeofMqwh',6699.00,'1','2020-03-16 00:00:00'),

(7679,3069,2,'TCL 55A950C 55英寸32核人工智能 HDR曲面超薄4K电视金属机身（枪色）','http://JfJSvAnPkErYPcUsbgCuokhjxKiLeqpDXakZqFeE',3321.00,'2','2020-03-16 00:00:00'),

(7680,3069,7,'荣耀10青春版 幻彩渐变 2400万AI自拍 全网通版4GB+64GB 渐变蓝 移动联通电信4G全面屏手机 双卡双待','http://IJwhvJSuwaMHaevQQKZUzLkOsvYFiYsRhmLSjpZb',1553.00,'3','2020-03-16 00:00:00'),

(7681,3069,7,'荣耀10青春版 幻彩渐变 2400万AI自拍 全网通版4GB+64GB 渐变蓝 移动联通电信4G全面屏手机 双卡双待','http://IJwhvJSuwaMHaevQQKZUzLkOsvYFiYsRhmLSjpZb',1553.00,'1','2020-03-16 00:00:00'),

(7682,3069,1,'荣耀10青春版 幻彩渐变 2400万AI自拍 全网通版4GB+64GB 渐变蓝 移动联通电信4G全面屏手机 双卡双待','http://AOvKmfRQEBRJJllwCwCuptVAOtBBcIjWeJRsmhbJ',2220.00,'3','2020-03-16 00:00:00'),

(7683,3070,6,'北纯精制黄小米（小黄米 月子米 小米粥 粗粮杂粮 大米伴侣）2.18kg','http://lMddjKYNSaxpeAqbkWcxegrrHjayrosVDeLrABhg',145.00,'2','2020-03-16 00:00:00'),

(7684,3070,4,'小米Play 流光渐变AI双摄 4GB+64GB 梦幻蓝 全网通4G 双卡双待 小水滴全面屏拍照游戏智能手机','http://SXlkutIjYpDWWTEpNUiisnlsevOHVElrdngQLgyZ',1442.00,'3','2020-03-16 00:00:00'),

(7685,3071,10,'小米（MI） 小米路由器4 双千兆路由器 无线家用穿墙1200M高速双频wifi 千兆版 千兆端口光纤适用','http://kAXllAQEzJWHwiExxVmyJIABfXyzbKwedeofMqwh',222.00,'3','2020-03-16 00:00:00'),

(7686,3071,7,'荣耀10青春版 幻彩渐变 2400万AI自拍 全网通版4GB+64GB 渐变蓝 移动联通电信4G全面屏手机 双卡双待','http://IJwhvJSuwaMHaevQQKZUzLkOsvYFiYsRhmLSjpZb',1553.00,'2','2020-03-16 00:00:00'),

(7687,3071,7,'荣耀10青春版 幻彩渐变 2400万AI自拍 全网通版4GB+64GB 渐变蓝 移动联通电信4G全面屏手机 双卡双待','http://IJwhvJSuwaMHaevQQKZUzLkOsvYFiYsRhmLSjpZb',1553.00,'3','2020-03-16 00:00:00'),

(7688,3072,4,'小米Play 流光渐变AI双摄 4GB+64GB 梦幻蓝 全网通4G 双卡双待 小水滴全面屏拍照游戏智能手机','http://SXlkutIjYpDWWTEpNUiisnlsevOHVElrdngQLgyZ',1442.00,'3','2020-03-16 00:00:00'),

(7689,3072,11,'联想(Lenovo)拯救者Y7000 2019新款 15.6英寸游戏本笔记本电脑（i7-9750H 8GB 1TB+256GB GTX1650 4G独显 黑）','http://kAXllAQEzJWHwiExxVmyJIABfXyzbKwedeofMqwh',6399.00,'3','2020-03-16 00:00:00'),

(7690,3072,11,'联想(Lenovo)拯救者Y7000 2019新款 15.6英寸游戏本笔记本电脑（i7-9750H 8GB 1TB+256GB GTX1650 4G独显 黑）','http://kAXllAQEzJWHwiExxVmyJIABfXyzbKwedeofMqwh',6399.00,'2','2020-03-16 00:00:00'),

(7691,3073,11,'联想(Lenovo)拯救者Y7000 2019新款 15.6英寸游戏本笔记本电脑（i7-9750H 8GB 1TB+256GB GTX1650 4G独显 黑）','http://kAXllAQEzJWHwiExxVmyJIABfXyzbKwedeofMqwh',6399.00,'3','2020-03-16 00:00:00'),

(7692,3073,1,'荣耀10青春版 幻彩渐变 2400万AI自拍 全网通版4GB+64GB 渐变蓝 移动联通电信4G全面屏手机 双卡双待','http://AOvKmfRQEBRJJllwCwCuptVAOtBBcIjWeJRsmhbJ',2220.00,'3','2020-03-16 00:00:00'),

(7693,3073,8,'Apple iPhoneXSMax (A2104) 256GB 深空灰色 移动联通电信4G手机 双卡双待','http://RFCTOnWWRtrJdygmPqiUXdBvyhqiTTOnXYagFJDP',8900.00,'2','2020-03-16 00:00:00'),

(7694,3073,12,'联想(Lenovo)拯救者Y7000 英特尔酷睿i7 2019新款 15.6英寸发烧游戏本笔记本电脑（i7-9750H 8GB 512GB SSD GTX1650 4G 高色域','http://kAXllAQEzJWHwiExxVmyJIABfXyzbKwedeofMqwh',6699.00,'3','2020-03-16 00:00:00'),

(7695,3073,7,'荣耀10青春版 幻彩渐变 2400万AI自拍 全网通版4GB+64GB 渐变蓝 移动联通电信4G全面屏手机 双卡双待','http://IJwhvJSuwaMHaevQQKZUzLkOsvYFiYsRhmLSjpZb',1553.00,'2','2020-03-16 00:00:00'),

(7696,3073,8,'Apple iPhoneXSMax (A2104) 256GB 深空灰色 移动联通电信4G手机 双卡双待','http://RFCTOnWWRtrJdygmPqiUXdBvyhqiTTOnXYagFJDP',8900.00,'3','2020-03-16 00:00:00'),

(7697,3074,11,'联想(Lenovo)拯救者Y7000 2019新款 15.6英寸游戏本笔记本电脑（i7-9750H 8GB 1TB+256GB GTX1650 4G独显 黑）','http://kAXllAQEzJWHwiExxVmyJIABfXyzbKwedeofMqwh',6399.00,'2','2020-03-16 00:00:00'),

(7698,3074,13,'联想(Lenovo)Y9000X 2019新款 15.6英寸高性能标压轻薄本笔记本电脑(i5-9300H 16G 512GSSD FHD)深空灰','http://kAXllAQEzJWHwiExxVmyJIABfXyzbKwedeofMqwh',7299.00,'1','2020-03-16 00:00:00'),

(7699,3074,5,'十月稻田 沁州黄小米 (黄小米 五谷杂粮 山西特产 真空装 大米伴侣 粥米搭档) 2.5kg','http://INNButKuTkslasORPBmHACnJuccfsxmRxNuMznPm',244.00,'3','2020-03-16 00:00:00'),

(7700,3074,13,'联想(Lenovo)Y9000X 2019新款 15.6英寸高性能标压轻薄本笔记本电脑(i5-9300H 16G 512GSSD FHD)深空灰','http://kAXllAQEzJWHwiExxVmyJIABfXyzbKwedeofMqwh',7299.00,'1','2020-03-16 00:00:00'),

(7701,3074,3,'小米（MI）电视 55英寸曲面4K智能WiFi网络液晶电视机4S L55M5-AQ 小米电视4S 55英寸 曲面','http://LzpblavcZQeYEbwbSjsnmsgAjtpudhDradqsRgdZ',3100.00,'1','2020-03-16 00:00:00'),

(7702,3075,13,'联想(Lenovo)Y9000X 2019新款 15.6英寸高性能标压轻薄本笔记本电脑(i5-9300H 16G 512GSSD FHD)深空灰','http://kAXllAQEzJWHwiExxVmyJIABfXyzbKwedeofMqwh',7299.00,'3','2020-03-16 00:00:00'),

(7703,3075,4,'小米Play 流光渐变AI双摄 4GB+64GB 梦幻蓝 全网通4G 双卡双待 小水滴全面屏拍照游戏智能手机','http://SXlkutIjYpDWWTEpNUiisnlsevOHVElrdngQLgyZ',1442.00,'2','2020-03-16 00:00:00'),

(7704,3076,2,'TCL 55A950C 55英寸32核人工智能 HDR曲面超薄4K电视金属机身（枪色）','http://JfJSvAnPkErYPcUsbgCuokhjxKiLeqpDXakZqFeE',3321.00,'3','2020-03-16 00:00:00'),

(7705,3076,3,'小米（MI）电视 55英寸曲面4K智能WiFi网络液晶电视机4S L55M5-AQ 小米电视4S 55英寸 曲面','http://LzpblavcZQeYEbwbSjsnmsgAjtpudhDradqsRgdZ',3100.00,'3','2020-03-16 00:00:00'),

(7706,3076,6,'北纯精制黄小米（小黄米 月子米 小米粥 粗粮杂粮 大米伴侣）2.18kg','http://lMddjKYNSaxpeAqbkWcxegrrHjayrosVDeLrABhg',145.00,'3','2020-03-16 00:00:00'),

(7707,3076,11,'联想(Lenovo)拯救者Y7000 2019新款 15.6英寸游戏本笔记本电脑（i7-9750H 8GB 1TB+256GB GTX1650 4G独显 黑）','http://kAXllAQEzJWHwiExxVmyJIABfXyzbKwedeofMqwh',6399.00,'3','2020-03-16 00:00:00'),

(7708,3076,3,'小米（MI）电视 55英寸曲面4K智能WiFi网络液晶电视机4S L55M5-AQ 小米电视4S 55英寸 曲面','http://LzpblavcZQeYEbwbSjsnmsgAjtpudhDradqsRgdZ',3100.00,'2','2020-03-16 00:00:00'),

(7709,3077,12,'联想(Lenovo)拯救者Y7000 英特尔酷睿i7 2019新款 15.6英寸发烧游戏本笔记本电脑（i7-9750H 8GB 512GB SSD GTX1650 4G 高色域','http://kAXllAQEzJWHwiExxVmyJIABfXyzbKwedeofMqwh',6699.00,'3','2020-03-16 00:00:00'),

(7710,3077,7,'荣耀10青春版 幻彩渐变 2400万AI自拍 全网通版4GB+64GB 渐变蓝 移动联通电信4G全面屏手机 双卡双待','http://IJwhvJSuwaMHaevQQKZUzLkOsvYFiYsRhmLSjpZb',1553.00,'2','2020-03-16 00:00:00'),

(7711,3077,2,'TCL 55A950C 55英寸32核人工智能 HDR曲面超薄4K电视金属机身（枪色）','http://JfJSvAnPkErYPcUsbgCuokhjxKiLeqpDXakZqFeE',3321.00,'2','2020-03-16 00:00:00'),

(7712,3078,11,'联想(Lenovo)拯救者Y7000 2019新款 15.6英寸游戏本笔记本电脑（i7-9750H 8GB 1TB+256GB GTX1650 4G独显 黑）','http://kAXllAQEzJWHwiExxVmyJIABfXyzbKwedeofMqwh',6399.00,'3','2020-03-16 00:00:00'),

(7713,3078,9,'荣耀10 GT游戏加速 AIS手持夜景 6GB+64GB 幻影蓝全网通 移动联通电信','http://hNuKrFXZgFIzzZxnYeCxEDdJlbAwHUCbBChdXAKZ',2452.00,'2','2020-03-16 00:00:00'),

(7714,3078,11,'联想(Lenovo)拯救者Y7000 2019新款 15.6英寸游戏本笔记本电脑（i7-9750H 8GB 1TB+256GB GTX1650 4G独显 黑）','http://kAXllAQEzJWHwiExxVmyJIABfXyzbKwedeofMqwh',6399.00,'2','2020-03-16 00:00:00'),

(7715,3078,10,'小米（MI） 小米路由器4 双千兆路由器 无线家用穿墙1200M高速双频wifi 千兆版 千兆端口光纤适用','http://kAXllAQEzJWHwiExxVmyJIABfXyzbKwedeofMqwh',222.00,'3','2020-03-16 00:00:00'),

(7716,3079,11,'联想(Lenovo)拯救者Y7000 2019新款 15.6英寸游戏本笔记本电脑（i7-9750H 8GB 1TB+256GB GTX1650 4G独显 黑）','http://kAXllAQEzJWHwiExxVmyJIABfXyzbKwedeofMqwh',6399.00,'1','2020-03-16 00:00:00'),

(7717,3079,4,'小米Play 流光渐变AI双摄 4GB+64GB 梦幻蓝 全网通4G 双卡双待 小水滴全面屏拍照游戏智能手机','http://SXlkutIjYpDWWTEpNUiisnlsevOHVElrdngQLgyZ',1442.00,'2','2020-03-16 00:00:00'),

(7718,3080,2,'TCL 55A950C 55英寸32核人工智能 HDR曲面超薄4K电视金属机身（枪色）','http://JfJSvAnPkErYPcUsbgCuokhjxKiLeqpDXakZqFeE',3321.00,'1','2020-03-16 00:00:00'),

(7719,3080,9,'荣耀10 GT游戏加速 AIS手持夜景 6GB+64GB 幻影蓝全网通 移动联通电信','http://hNuKrFXZgFIzzZxnYeCxEDdJlbAwHUCbBChdXAKZ',2452.00,'1','2020-03-16 00:00:00'),

(7720,3080,7,'荣耀10青春版 幻彩渐变 2400万AI自拍 全网通版4GB+64GB 渐变蓝 移动联通电信4G全面屏手机 双卡双待','http://IJwhvJSuwaMHaevQQKZUzLkOsvYFiYsRhmLSjpZb',1553.00,'1','2020-03-16 00:00:00'),

(7721,3080,9,'荣耀10 GT游戏加速 AIS手持夜景 6GB+64GB 幻影蓝全网通 移动联通电信','http://hNuKrFXZgFIzzZxnYeCxEDdJlbAwHUCbBChdXAKZ',2452.00,'1','2020-03-16 00:00:00'),

(7722,3080,2,'TCL 55A950C 55英寸32核人工智能 HDR曲面超薄4K电视金属机身（枪色）','http://JfJSvAnPkErYPcUsbgCuokhjxKiLeqpDXakZqFeE',3321.00,'1','2020-03-16 00:00:00'),

(7723,3080,2,'TCL 55A950C 55英寸32核人工智能 HDR曲面超薄4K电视金属机身（枪色）','http://JfJSvAnPkErYPcUsbgCuokhjxKiLeqpDXakZqFeE',3321.00,'3','2020-03-16 00:00:00'),

(7724,3080,1,'荣耀10青春版 幻彩渐变 2400万AI自拍 全网通版4GB+64GB 渐变蓝 移动联通电信4G全面屏手机 双卡双待','http://AOvKmfRQEBRJJllwCwCuptVAOtBBcIjWeJRsmhbJ',2220.00,'1','2020-03-16 00:00:00'),

(7725,3081,2,'TCL 55A950C 55英寸32核人工智能 HDR曲面超薄4K电视金属机身（枪色）','http://JfJSvAnPkErYPcUsbgCuokhjxKiLeqpDXakZqFeE',3321.00,'2','2020-03-16 00:00:00'),

(7726,3081,9,'荣耀10 GT游戏加速 AIS手持夜景 6GB+64GB 幻影蓝全网通 移动联通电信','http://hNuKrFXZgFIzzZxnYeCxEDdJlbAwHUCbBChdXAKZ',2452.00,'3','2020-03-16 00:00:00'),

(7727,3081,7,'荣耀10青春版 幻彩渐变 2400万AI自拍 全网通版4GB+64GB 渐变蓝 移动联通电信4G全面屏手机 双卡双待','http://IJwhvJSuwaMHaevQQKZUzLkOsvYFiYsRhmLSjpZb',1553.00,'2','2020-03-16 00:00:00'),

(7728,3082,4,'小米Play 流光渐变AI双摄 4GB+64GB 梦幻蓝 全网通4G 双卡双待 小水滴全面屏拍照游戏智能手机','http://SXlkutIjYpDWWTEpNUiisnlsevOHVElrdngQLgyZ',1442.00,'2','2020-03-16 00:00:00'),

(7729,3082,5,'十月稻田 沁州黄小米 (黄小米 五谷杂粮 山西特产 真空装 大米伴侣 粥米搭档) 2.5kg','http://INNButKuTkslasORPBmHACnJuccfsxmRxNuMznPm',244.00,'3','2020-03-16 00:00:00'),

(7730,3083,8,'Apple iPhoneXSMax (A2104) 256GB 深空灰色 移动联通电信4G手机 双卡双待','http://RFCTOnWWRtrJdygmPqiUXdBvyhqiTTOnXYagFJDP',8900.00,'1','2020-03-16 00:00:00'),

(7731,3083,9,'荣耀10 GT游戏加速 AIS手持夜景 6GB+64GB 幻影蓝全网通 移动联通电信','http://hNuKrFXZgFIzzZxnYeCxEDdJlbAwHUCbBChdXAKZ',2452.00,'2','2020-03-16 00:00:00'),

(7732,3083,6,'北纯精制黄小米（小黄米 月子米 小米粥 粗粮杂粮 大米伴侣）2.18kg','http://lMddjKYNSaxpeAqbkWcxegrrHjayrosVDeLrABhg',145.00,'2','2020-03-16 00:00:00'),

(7733,3083,6,'北纯精制黄小米（小黄米 月子米 小米粥 粗粮杂粮 大米伴侣）2.18kg','http://lMddjKYNSaxpeAqbkWcxegrrHjayrosVDeLrABhg',145.00,'1','2020-03-16 00:00:00'),

(7734,3084,6,'北纯精制黄小米（小黄米 月子米 小米粥 粗粮杂粮 大米伴侣）2.18kg','http://lMddjKYNSaxpeAqbkWcxegrrHjayrosVDeLrABhg',145.00,'2','2020-03-16 00:00:00'),

(7735,3084,4,'小米Play 流光渐变AI双摄 4GB+64GB 梦幻蓝 全网通4G 双卡双待 小水滴全面屏拍照游戏智能手机','http://SXlkutIjYpDWWTEpNUiisnlsevOHVElrdngQLgyZ',1442.00,'3','2020-03-16 00:00:00'),

(7736,3084,1,'荣耀10青春版 幻彩渐变 2400万AI自拍 全网通版4GB+64GB 渐变蓝 移动联通电信4G全面屏手机 双卡双待','http://AOvKmfRQEBRJJllwCwCuptVAOtBBcIjWeJRsmhbJ',2220.00,'3','2020-03-16 00:00:00'),

(7737,3085,9,'荣耀10 GT游戏加速 AIS手持夜景 6GB+64GB 幻影蓝全网通 移动联通电信','http://hNuKrFXZgFIzzZxnYeCxEDdJlbAwHUCbBChdXAKZ',2452.00,'1','2020-03-16 00:00:00'),

(7738,3085,5,'十月稻田 沁州黄小米 (黄小米 五谷杂粮 山西特产 真空装 大米伴侣 粥米搭档) 2.5kg','http://INNButKuTkslasORPBmHACnJuccfsxmRxNuMznPm',244.00,'1','2020-03-16 00:00:00'),

(7739,3085,4,'小米Play 流光渐变AI双摄 4GB+64GB 梦幻蓝 全网通4G 双卡双待 小水滴全面屏拍照游戏智能手机','http://SXlkutIjYpDWWTEpNUiisnlsevOHVElrdngQLgyZ',1442.00,'3','2020-03-16 00:00:00'),

(7740,3085,12,'联想(Lenovo)拯救者Y7000 英特尔酷睿i7 2019新款 15.6英寸发烧游戏本笔记本电脑（i7-9750H 8GB 512GB SSD GTX1650 4G 高色域','http://kAXllAQEzJWHwiExxVmyJIABfXyzbKwedeofMqwh',6699.00,'3','2020-03-16 00:00:00'),

(7741,3085,10,'小米（MI） 小米路由器4 双千兆路由器 无线家用穿墙1200M高速双频wifi 千兆版 千兆端口光纤适用','http://kAXllAQEzJWHwiExxVmyJIABfXyzbKwedeofMqwh',222.00,'2','2020-03-16 00:00:00'),

(7742,3086,2,'TCL 55A950C 55英寸32核人工智能 HDR曲面超薄4K电视金属机身（枪色）','http://JfJSvAnPkErYPcUsbgCuokhjxKiLeqpDXakZqFeE',3321.00,'1','2020-03-16 00:00:00'),

(7743,3086,7,'荣耀10青春版 幻彩渐变 2400万AI自拍 全网通版4GB+64GB 渐变蓝 移动联通电信4G全面屏手机 双卡双待','http://IJwhvJSuwaMHaevQQKZUzLkOsvYFiYsRhmLSjpZb',1553.00,'1','2020-03-16 00:00:00'),

(7744,3086,5,'十月稻田 沁州黄小米 (黄小米 五谷杂粮 山西特产 真空装 大米伴侣 粥米搭档) 2.5kg','http://INNButKuTkslasORPBmHACnJuccfsxmRxNuMznPm',244.00,'2','2020-03-16 00:00:00'),

(7745,3087,4,'小米Play 流光渐变AI双摄 4GB+64GB 梦幻蓝 全网通4G 双卡双待 小水滴全面屏拍照游戏智能手机','http://SXlkutIjYpDWWTEpNUiisnlsevOHVElrdngQLgyZ',1442.00,'1','2020-03-16 00:00:00'),

(7746,3088,9,'荣耀10 GT游戏加速 AIS手持夜景 6GB+64GB 幻影蓝全网通 移动联通电信','http://hNuKrFXZgFIzzZxnYeCxEDdJlbAwHUCbBChdXAKZ',2452.00,'1','2020-03-16 00:00:00'),

(7747,3089,10,'小米（MI） 小米路由器4 双千兆路由器 无线家用穿墙1200M高速双频wifi 千兆版 千兆端口光纤适用','http://kAXllAQEzJWHwiExxVmyJIABfXyzbKwedeofMqwh',222.00,'3','2020-03-17 00:00:00'),

(7748,3089,7,'荣耀10青春版 幻彩渐变 2400万AI自拍 全网通版4GB+64GB 渐变蓝 移动联通电信4G全面屏手机 双卡双待','http://IJwhvJSuwaMHaevQQKZUzLkOsvYFiYsRhmLSjpZb',1553.00,'3','2020-03-17 00:00:00'),

(7749,3089,10,'小米（MI） 小米路由器4 双千兆路由器 无线家用穿墙1200M高速双频wifi 千兆版 千兆端口光纤适用','http://kAXllAQEzJWHwiExxVmyJIABfXyzbKwedeofMqwh',222.00,'3','2020-03-17 00:00:00'),

(7750,3089,1,'荣耀10青春版 幻彩渐变 2400万AI自拍 全网通版4GB+64GB 渐变蓝 移动联通电信4G全面屏手机 双卡双待','http://AOvKmfRQEBRJJllwCwCuptVAOtBBcIjWeJRsmhbJ',2220.00,'2','2020-03-17 00:00:00'),

(7751,3089,7,'荣耀10青春版 幻彩渐变 2400万AI自拍 全网通版4GB+64GB 渐变蓝 移动联通电信4G全面屏手机 双卡双待','http://IJwhvJSuwaMHaevQQKZUzLkOsvYFiYsRhmLSjpZb',1553.00,'3','2020-03-17 00:00:00'),

(7752,3089,7,'荣耀10青春版 幻彩渐变 2400万AI自拍 全网通版4GB+64GB 渐变蓝 移动联通电信4G全面屏手机 双卡双待','http://IJwhvJSuwaMHaevQQKZUzLkOsvYFiYsRhmLSjpZb',1553.00,'3','2020-03-17 00:00:00'),

(7753,3090,5,'十月稻田 沁州黄小米 (黄小米 五谷杂粮 山西特产 真空装 大米伴侣 粥米搭档) 2.5kg','http://INNButKuTkslasORPBmHACnJuccfsxmRxNuMznPm',244.00,'2','2020-03-17 00:00:00'),

(7754,3090,3,'小米（MI）电视 55英寸曲面4K智能WiFi网络液晶电视机4S L55M5-AQ 小米电视4S 55英寸 曲面','http://LzpblavcZQeYEbwbSjsnmsgAjtpudhDradqsRgdZ',3100.00,'1','2020-03-17 00:00:00'),

(7755,3090,13,'联想(Lenovo)Y9000X 2019新款 15.6英寸高性能标压轻薄本笔记本电脑(i5-9300H 16G 512GSSD FHD)深空灰','http://kAXllAQEzJWHwiExxVmyJIABfXyzbKwedeofMqwh',7299.00,'1','2020-03-17 00:00:00'),

(7756,3090,5,'十月稻田 沁州黄小米 (黄小米 五谷杂粮 山西特产 真空装 大米伴侣 粥米搭档) 2.5kg','http://INNButKuTkslasORPBmHACnJuccfsxmRxNuMznPm',244.00,'3','2020-03-17 00:00:00'),

(7757,3090,4,'小米Play 流光渐变AI双摄 4GB+64GB 梦幻蓝 全网通4G 双卡双待 小水滴全面屏拍照游戏智能手机','http://SXlkutIjYpDWWTEpNUiisnlsevOHVElrdngQLgyZ',1442.00,'2','2020-03-17 00:00:00'),

(7758,3090,13,'联想(Lenovo)Y9000X 2019新款 15.6英寸高性能标压轻薄本笔记本电脑(i5-9300H 16G 512GSSD FHD)深空灰','http://kAXllAQEzJWHwiExxVmyJIABfXyzbKwedeofMqwh',7299.00,'1','2020-03-17 00:00:00'),

(7759,3090,3,'小米（MI）电视 55英寸曲面4K智能WiFi网络液晶电视机4S L55M5-AQ 小米电视4S 55英寸 曲面','http://LzpblavcZQeYEbwbSjsnmsgAjtpudhDradqsRgdZ',3100.00,'1','2020-03-17 00:00:00'),

(7760,3090,7,'荣耀10青春版 幻彩渐变 2400万AI自拍 全网通版4GB+64GB 渐变蓝 移动联通电信4G全面屏手机 双卡双待','http://IJwhvJSuwaMHaevQQKZUzLkOsvYFiYsRhmLSjpZb',1553.00,'1','2020-03-17 00:00:00'),

(7761,3091,10,'小米（MI） 小米路由器4 双千兆路由器 无线家用穿墙1200M高速双频wifi 千兆版 千兆端口光纤适用','http://kAXllAQEzJWHwiExxVmyJIABfXyzbKwedeofMqwh',222.00,'3','2020-03-17 00:00:00'),

(7762,3091,7,'荣耀10青春版 幻彩渐变 2400万AI自拍 全网通版4GB+64GB 渐变蓝 移动联通电信4G全面屏手机 双卡双待','http://IJwhvJSuwaMHaevQQKZUzLkOsvYFiYsRhmLSjpZb',1553.00,'3','2020-03-17 00:00:00'),

(7763,3091,9,'荣耀10 GT游戏加速 AIS手持夜景 6GB+64GB 幻影蓝全网通 移动联通电信','http://hNuKrFXZgFIzzZxnYeCxEDdJlbAwHUCbBChdXAKZ',2452.00,'1','2020-03-17 00:00:00'),

(7764,3092,13,'联想(Lenovo)Y9000X 2019新款 15.6英寸高性能标压轻薄本笔记本电脑(i5-9300H 16G 512GSSD FHD)深空灰','http://kAXllAQEzJWHwiExxVmyJIABfXyzbKwedeofMqwh',7299.00,'3','2020-03-17 00:00:00'),

(7765,3092,12,'联想(Lenovo)拯救者Y7000 英特尔酷睿i7 2019新款 15.6英寸发烧游戏本笔记本电脑（i7-9750H 8GB 512GB SSD GTX1650 4G 高色域','http://kAXllAQEzJWHwiExxVmyJIABfXyzbKwedeofMqwh',6699.00,'3','2020-03-17 00:00:00'),

(7766,3093,9,'荣耀10 GT游戏加速 AIS手持夜景 6GB+64GB 幻影蓝全网通 移动联通电信','http://hNuKrFXZgFIzzZxnYeCxEDdJlbAwHUCbBChdXAKZ',2452.00,'2','2020-03-17 00:00:00'),

(7767,3093,11,'联想(Lenovo)拯救者Y7000 2019新款 15.6英寸游戏本笔记本电脑（i7-9750H 8GB 1TB+256GB GTX1650 4G独显 黑）','http://kAXllAQEzJWHwiExxVmyJIABfXyzbKwedeofMqwh',6399.00,'2','2020-03-17 00:00:00'),

(7768,3093,4,'小米Play 流光渐变AI双摄 4GB+64GB 梦幻蓝 全网通4G 双卡双待 小水滴全面屏拍照游戏智能手机','http://SXlkutIjYpDWWTEpNUiisnlsevOHVElrdngQLgyZ',1442.00,'2','2020-03-17 00:00:00'),

(7769,3093,10,'小米（MI） 小米路由器4 双千兆路由器 无线家用穿墙1200M高速双频wifi 千兆版 千兆端口光纤适用','http://kAXllAQEzJWHwiExxVmyJIABfXyzbKwedeofMqwh',222.00,'3','2020-03-17 00:00:00'),

(7770,3093,2,'TCL 55A950C 55英寸32核人工智能 HDR曲面超薄4K电视金属机身（枪色）','http://JfJSvAnPkErYPcUsbgCuokhjxKiLeqpDXakZqFeE',3321.00,'3','2020-03-17 00:00:00'),

(7771,3093,7,'荣耀10青春版 幻彩渐变 2400万AI自拍 全网通版4GB+64GB 渐变蓝 移动联通电信4G全面屏手机 双卡双待','http://IJwhvJSuwaMHaevQQKZUzLkOsvYFiYsRhmLSjpZb',1553.00,'1','2020-03-17 00:00:00'),

(7772,3094,9,'荣耀10 GT游戏加速 AIS手持夜景 6GB+64GB 幻影蓝全网通 移动联通电信','http://hNuKrFXZgFIzzZxnYeCxEDdJlbAwHUCbBChdXAKZ',2452.00,'3','2020-03-17 00:00:00'),

(7773,3094,11,'联想(Lenovo)拯救者Y7000 2019新款 15.6英寸游戏本笔记本电脑（i7-9750H 8GB 1TB+256GB GTX1650 4G独显 黑）','http://kAXllAQEzJWHwiExxVmyJIABfXyzbKwedeofMqwh',6399.00,'1','2020-03-17 00:00:00'),

(7774,3094,4,'小米Play 流光渐变AI双摄 4GB+64GB 梦幻蓝 全网通4G 双卡双待 小水滴全面屏拍照游戏智能手机','http://SXlkutIjYpDWWTEpNUiisnlsevOHVElrdngQLgyZ',1442.00,'2','2020-03-17 00:00:00'),

(7775,3094,4,'小米Play 流光渐变AI双摄 4GB+64GB 梦幻蓝 全网通4G 双卡双待 小水滴全面屏拍照游戏智能手机','http://SXlkutIjYpDWWTEpNUiisnlsevOHVElrdngQLgyZ',1442.00,'3','2020-03-17 00:00:00'),

(7776,3095,1,'荣耀10青春版 幻彩渐变 2400万AI自拍 全网通版4GB+64GB 渐变蓝 移动联通电信4G全面屏手机 双卡双待','http://AOvKmfRQEBRJJllwCwCuptVAOtBBcIjWeJRsmhbJ',2220.00,'3','2020-03-17 00:00:00'),

(7777,3095,10,'小米（MI） 小米路由器4 双千兆路由器 无线家用穿墙1200M高速双频wifi 千兆版 千兆端口光纤适用','http://kAXllAQEzJWHwiExxVmyJIABfXyzbKwedeofMqwh',222.00,'3','2020-03-17 00:00:00'),

(7778,3095,5,'十月稻田 沁州黄小米 (黄小米 五谷杂粮 山西特产 真空装 大米伴侣 粥米搭档) 2.5kg','http://INNButKuTkslasORPBmHACnJuccfsxmRxNuMznPm',244.00,'3','2020-03-17 00:00:00'),

(7779,3095,5,'十月稻田 沁州黄小米 (黄小米 五谷杂粮 山西特产 真空装 大米伴侣 粥米搭档) 2.5kg','http://INNButKuTkslasORPBmHACnJuccfsxmRxNuMznPm',244.00,'1','2020-03-17 00:00:00'),

(7780,3095,11,'联想(Lenovo)拯救者Y7000 2019新款 15.6英寸游戏本笔记本电脑（i7-9750H 8GB 1TB+256GB GTX1650 4G独显 黑）','http://kAXllAQEzJWHwiExxVmyJIABfXyzbKwedeofMqwh',6399.00,'2','2020-03-17 00:00:00'),

(7781,3095,2,'TCL 55A950C 55英寸32核人工智能 HDR曲面超薄4K电视金属机身（枪色）','http://JfJSvAnPkErYPcUsbgCuokhjxKiLeqpDXakZqFeE',3321.00,'1','2020-03-17 00:00:00'),

(7782,3096,7,'荣耀10青春版 幻彩渐变 2400万AI自拍 全网通版4GB+64GB 渐变蓝 移动联通电信4G全面屏手机 双卡双待','http://IJwhvJSuwaMHaevQQKZUzLkOsvYFiYsRhmLSjpZb',1553.00,'1','2020-03-17 00:00:00'),

(7783,3096,9,'荣耀10 GT游戏加速 AIS手持夜景 6GB+64GB 幻影蓝全网通 移动联通电信','http://hNuKrFXZgFIzzZxnYeCxEDdJlbAwHUCbBChdXAKZ',2452.00,'1','2020-03-17 00:00:00'),

(7784,3096,2,'TCL 55A950C 55英寸32核人工智能 HDR曲面超薄4K电视金属机身（枪色）','http://JfJSvAnPkErYPcUsbgCuokhjxKiLeqpDXakZqFeE',3321.00,'1','2020-03-17 00:00:00'),

(7785,3096,3,'小米（MI）电视 55英寸曲面4K智能WiFi网络液晶电视机4S L55M5-AQ 小米电视4S 55英寸 曲面','http://LzpblavcZQeYEbwbSjsnmsgAjtpudhDradqsRgdZ',3100.00,'2','2020-03-17 00:00:00'),

(7786,3096,2,'TCL 55A950C 55英寸32核人工智能 HDR曲面超薄4K电视金属机身（枪色）','http://JfJSvAnPkErYPcUsbgCuokhjxKiLeqpDXakZqFeE',3321.00,'3','2020-03-17 00:00:00'),

(7787,3096,12,'联想(Lenovo)拯救者Y7000 英特尔酷睿i7 2019新款 15.6英寸发烧游戏本笔记本电脑（i7-9750H 8GB 512GB SSD GTX1650 4G 高色域','http://kAXllAQEzJWHwiExxVmyJIABfXyzbKwedeofMqwh',6699.00,'1','2020-03-17 00:00:00'),

(7788,3096,7,'荣耀10青春版 幻彩渐变 2400万AI自拍 全网通版4GB+64GB 渐变蓝 移动联通电信4G全面屏手机 双卡双待','http://IJwhvJSuwaMHaevQQKZUzLkOsvYFiYsRhmLSjpZb',1553.00,'1','2020-03-17 00:00:00'),

(7789,3097,9,'荣耀10 GT游戏加速 AIS手持夜景 6GB+64GB 幻影蓝全网通 移动联通电信','http://hNuKrFXZgFIzzZxnYeCxEDdJlbAwHUCbBChdXAKZ',2452.00,'1','2020-03-17 00:00:00'),

(7790,3097,4,'小米Play 流光渐变AI双摄 4GB+64GB 梦幻蓝 全网通4G 双卡双待 小水滴全面屏拍照游戏智能手机','http://SXlkutIjYpDWWTEpNUiisnlsevOHVElrdngQLgyZ',1442.00,'3','2020-03-17 00:00:00'),

(7791,3098,9,'荣耀10 GT游戏加速 AIS手持夜景 6GB+64GB 幻影蓝全网通 移动联通电信','http://hNuKrFXZgFIzzZxnYeCxEDdJlbAwHUCbBChdXAKZ',2452.00,'1','2020-03-17 00:00:00'),

(7792,3098,4,'小米Play 流光渐变AI双摄 4GB+64GB 梦幻蓝 全网通4G 双卡双待 小水滴全面屏拍照游戏智能手机','http://SXlkutIjYpDWWTEpNUiisnlsevOHVElrdngQLgyZ',1442.00,'3','2020-03-17 00:00:00'),

(7793,3098,5,'十月稻田 沁州黄小米 (黄小米 五谷杂粮 山西特产 真空装 大米伴侣 粥米搭档) 2.5kg','http://INNButKuTkslasORPBmHACnJuccfsxmRxNuMznPm',244.00,'2','2020-03-17 00:00:00'),

(7794,3098,12,'联想(Lenovo)拯救者Y7000 英特尔酷睿i7 2019新款 15.6英寸发烧游戏本笔记本电脑（i7-9750H 8GB 512GB SSD GTX1650 4G 高色域','http://kAXllAQEzJWHwiExxVmyJIABfXyzbKwedeofMqwh',6699.00,'3','2020-03-17 00:00:00'),

(7795,3098,1,'荣耀10青春版 幻彩渐变 2400万AI自拍 全网通版4GB+64GB 渐变蓝 移动联通电信4G全面屏手机 双卡双待','http://AOvKmfRQEBRJJllwCwCuptVAOtBBcIjWeJRsmhbJ',2220.00,'2','2020-03-17 00:00:00'),

(7796,3099,12,'联想(Lenovo)拯救者Y7000 英特尔酷睿i7 2019新款 15.6英寸发烧游戏本笔记本电脑（i7-9750H 8GB 512GB SSD GTX1650 4G 高色域','http://kAXllAQEzJWHwiExxVmyJIABfXyzbKwedeofMqwh',6699.00,'3','2020-03-17 00:00:00'),

(7797,3099,7,'荣耀10青春版 幻彩渐变 2400万AI自拍 全网通版4GB+64GB 渐变蓝 移动联通电信4G全面屏手机 双卡双待','http://IJwhvJSuwaMHaevQQKZUzLkOsvYFiYsRhmLSjpZb',1553.00,'2','2020-03-17 00:00:00'),

(7798,3099,12,'联想(Lenovo)拯救者Y7000 英特尔酷睿i7 2019新款 15.6英寸发烧游戏本笔记本电脑（i7-9750H 8GB 512GB SSD GTX1650 4G 高色域','http://kAXllAQEzJWHwiExxVmyJIABfXyzbKwedeofMqwh',6699.00,'3','2020-03-17 00:00:00'),

(7799,3099,3,'小米（MI）电视 55英寸曲面4K智能WiFi网络液晶电视机4S L55M5-AQ 小米电视4S 55英寸 曲面','http://LzpblavcZQeYEbwbSjsnmsgAjtpudhDradqsRgdZ',3100.00,'2','2020-03-17 00:00:00'),

(7800,3100,4,'小米Play 流光渐变AI双摄 4GB+64GB 梦幻蓝 全网通4G 双卡双待 小水滴全面屏拍照游戏智能手机','http://SXlkutIjYpDWWTEpNUiisnlsevOHVElrdngQLgyZ',1442.00,'1','2020-03-17 00:00:00'),

(7801,3100,2,'TCL 55A950C 55英寸32核人工智能 HDR曲面超薄4K电视金属机身（枪色）','http://JfJSvAnPkErYPcUsbgCuokhjxKiLeqpDXakZqFeE',3321.00,'2','2020-03-17 00:00:00'),

(7802,3100,9,'荣耀10 GT游戏加速 AIS手持夜景 6GB+64GB 幻影蓝全网通 移动联通电信','http://hNuKrFXZgFIzzZxnYeCxEDdJlbAwHUCbBChdXAKZ',2452.00,'1','2020-03-17 00:00:00'),

(7803,3101,10,'小米（MI） 小米路由器4 双千兆路由器 无线家用穿墙1200M高速双频wifi 千兆版 千兆端口光纤适用','http://kAXllAQEzJWHwiExxVmyJIABfXyzbKwedeofMqwh',222.00,'2','2020-03-17 00:00:00'),

(7804,3101,6,'北纯精制黄小米（小黄米 月子米 小米粥 粗粮杂粮 大米伴侣）2.18kg','http://lMddjKYNSaxpeAqbkWcxegrrHjayrosVDeLrABhg',145.00,'2','2020-03-17 00:00:00'),

(7805,3101,6,'北纯精制黄小米（小黄米 月子米 小米粥 粗粮杂粮 大米伴侣）2.18kg','http://lMddjKYNSaxpeAqbkWcxegrrHjayrosVDeLrABhg',145.00,'1','2020-03-17 00:00:00'),

(7806,3101,10,'小米（MI） 小米路由器4 双千兆路由器 无线家用穿墙1200M高速双频wifi 千兆版 千兆端口光纤适用','http://kAXllAQEzJWHwiExxVmyJIABfXyzbKwedeofMqwh',222.00,'3','2020-03-17 00:00:00'),

(7807,3102,11,'联想(Lenovo)拯救者Y7000 2019新款 15.6英寸游戏本笔记本电脑（i7-9750H 8GB 1TB+256GB GTX1650 4G独显 黑）','http://kAXllAQEzJWHwiExxVmyJIABfXyzbKwedeofMqwh',6399.00,'3','2020-03-17 00:00:00'),

(7808,3102,1,'荣耀10青春版 幻彩渐变 2400万AI自拍 全网通版4GB+64GB 渐变蓝 移动联通电信4G全面屏手机 双卡双待','http://AOvKmfRQEBRJJllwCwCuptVAOtBBcIjWeJRsmhbJ',2220.00,'3','2020-03-17 00:00:00'),

(7809,3102,8,'Apple iPhoneXSMax (A2104) 256GB 深空灰色 移动联通电信4G手机 双卡双待','http://RFCTOnWWRtrJdygmPqiUXdBvyhqiTTOnXYagFJDP',8900.00,'2','2020-03-17 00:00:00'),

(7810,3102,12,'联想(Lenovo)拯救者Y7000 英特尔酷睿i7 2019新款 15.6英寸发烧游戏本笔记本电脑（i7-9750H 8GB 512GB SSD GTX1650 4G 高色域','http://kAXllAQEzJWHwiExxVmyJIABfXyzbKwedeofMqwh',6699.00,'3','2020-03-17 00:00:00'),

(7811,3103,4,'小米Play 流光渐变AI双摄 4GB+64GB 梦幻蓝 全网通4G 双卡双待 小水滴全面屏拍照游戏智能手机','http://SXlkutIjYpDWWTEpNUiisnlsevOHVElrdngQLgyZ',1442.00,'2','2020-03-17 00:00:00'),

(7812,3104,4,'小米Play 流光渐变AI双摄 4GB+64GB 梦幻蓝 全网通4G 双卡双待 小水滴全面屏拍照游戏智能手机','http://SXlkutIjYpDWWTEpNUiisnlsevOHVElrdngQLgyZ',1442.00,'3','2020-03-17 00:00:00'),

(7813,3105,3,'小米（MI）电视 55英寸曲面4K智能WiFi网络液晶电视机4S L55M5-AQ 小米电视4S 55英寸 曲面','http://LzpblavcZQeYEbwbSjsnmsgAjtpudhDradqsRgdZ',3100.00,'2','2020-03-17 00:00:00'),

(7814,3106,5,'十月稻田 沁州黄小米 (黄小米 五谷杂粮 山西特产 真空装 大米伴侣 粥米搭档) 2.5kg','http://INNButKuTkslasORPBmHACnJuccfsxmRxNuMznPm',244.00,'3','2020-03-17 00:00:00'),

(7815,3107,4,'小米Play 流光渐变AI双摄 4GB+64GB 梦幻蓝 全网通4G 双卡双待 小水滴全面屏拍照游戏智能手机','http://SXlkutIjYpDWWTEpNUiisnlsevOHVElrdngQLgyZ',1442.00,'3','2020-03-17 00:00:00'),

(7816,3107,1,'荣耀10青春版 幻彩渐变 2400万AI自拍 全网通版4GB+64GB 渐变蓝 移动联通电信4G全面屏手机 双卡双待','http://AOvKmfRQEBRJJllwCwCuptVAOtBBcIjWeJRsmhbJ',2220.00,'3','2020-03-17 00:00:00'),

(7817,3107,2,'TCL 55A950C 55英寸32核人工智能 HDR曲面超薄4K电视金属机身（枪色）','http://JfJSvAnPkErYPcUsbgCuokhjxKiLeqpDXakZqFeE',3321.00,'1','2020-03-17 00:00:00'),

(7818,3108,8,'Apple iPhoneXSMax (A2104) 256GB 深空灰色 移动联通电信4G手机 双卡双待','http://RFCTOnWWRtrJdygmPqiUXdBvyhqiTTOnXYagFJDP',8900.00,'3','2020-03-17 00:00:00'),

(7819,3109,1,'荣耀10青春版 幻彩渐变 2400万AI自拍 全网通版4GB+64GB 渐变蓝 移动联通电信4G全面屏手机 双卡双待','http://AOvKmfRQEBRJJllwCwCuptVAOtBBcIjWeJRsmhbJ',2220.00,'1','2020-03-17 00:00:00'),

(7820,3109,8,'Apple iPhoneXSMax (A2104) 256GB 深空灰色 移动联通电信4G手机 双卡双待','http://RFCTOnWWRtrJdygmPqiUXdBvyhqiTTOnXYagFJDP',8900.00,'1','2020-03-17 00:00:00'),

(7821,3109,13,'联想(Lenovo)Y9000X 2019新款 15.6英寸高性能标压轻薄本笔记本电脑(i5-9300H 16G 512GSSD FHD)深空灰','http://kAXllAQEzJWHwiExxVmyJIABfXyzbKwedeofMqwh',7299.00,'1','2020-03-17 00:00:00'),

(7822,3110,8,'Apple iPhoneXSMax (A2104) 256GB 深空灰色 移动联通电信4G手机 双卡双待','http://RFCTOnWWRtrJdygmPqiUXdBvyhqiTTOnXYagFJDP',8900.00,'1','2020-03-17 00:00:00'),

(7823,3111,6,'北纯精制黄小米（小黄米 月子米 小米粥 粗粮杂粮 大米伴侣）2.18kg','http://lMddjKYNSaxpeAqbkWcxegrrHjayrosVDeLrABhg',145.00,'1','2020-03-17 00:00:00'),

(7824,3112,5,'十月稻田 沁州黄小米 (黄小米 五谷杂粮 山西特产 真空装 大米伴侣 粥米搭档) 2.5kg','http://INNButKuTkslasORPBmHACnJuccfsxmRxNuMznPm',244.00,'2','2020-03-18 00:00:00'),

(7825,3112,4,'小米Play 流光渐变AI双摄 4GB+64GB 梦幻蓝 全网通4G 双卡双待 小水滴全面屏拍照游戏智能手机','http://SXlkutIjYpDWWTEpNUiisnlsevOHVElrdngQLgyZ',1442.00,'2','2020-03-18 00:00:00'),

(7826,3112,12,'联想(Lenovo)拯救者Y7000 英特尔酷睿i7 2019新款 15.6英寸发烧游戏本笔记本电脑（i7-9750H 8GB 512GB SSD GTX1650 4G 高色域','http://kAXllAQEzJWHwiExxVmyJIABfXyzbKwedeofMqwh',6699.00,'3','2020-03-18 00:00:00'),

(7827,3113,11,'联想(Lenovo)拯救者Y7000 2019新款 15.6英寸游戏本笔记本电脑（i7-9750H 8GB 1TB+256GB GTX1650 4G独显 黑）','http://kAXllAQEzJWHwiExxVmyJIABfXyzbKwedeofMqwh',6399.00,'3','2020-03-18 00:00:00'),

(7828,3113,9,'荣耀10 GT游戏加速 AIS手持夜景 6GB+64GB 幻影蓝全网通 移动联通电信','http://hNuKrFXZgFIzzZxnYeCxEDdJlbAwHUCbBChdXAKZ',2452.00,'2','2020-03-18 00:00:00'),

(7829,3113,11,'联想(Lenovo)拯救者Y7000 2019新款 15.6英寸游戏本笔记本电脑（i7-9750H 8GB 1TB+256GB GTX1650 4G独显 黑）','http://kAXllAQEzJWHwiExxVmyJIABfXyzbKwedeofMqwh',6399.00,'2','2020-03-18 00:00:00'),

(7830,3113,4,'小米Play 流光渐变AI双摄 4GB+64GB 梦幻蓝 全网通4G 双卡双待 小水滴全面屏拍照游戏智能手机','http://SXlkutIjYpDWWTEpNUiisnlsevOHVElrdngQLgyZ',1442.00,'2','2020-03-18 00:00:00'),

(7831,3113,2,'TCL 55A950C 55英寸32核人工智能 HDR曲面超薄4K电视金属机身（枪色）','http://JfJSvAnPkErYPcUsbgCuokhjxKiLeqpDXakZqFeE',3321.00,'3','2020-03-18 00:00:00'),

(7832,3114,9,'荣耀10 GT游戏加速 AIS手持夜景 6GB+64GB 幻影蓝全网通 移动联通电信','http://hNuKrFXZgFIzzZxnYeCxEDdJlbAwHUCbBChdXAKZ',2452.00,'3','2020-03-18 00:00:00'),

(7833,3114,5,'十月稻田 沁州黄小米 (黄小米 五谷杂粮 山西特产 真空装 大米伴侣 粥米搭档) 2.5kg','http://INNButKuTkslasORPBmHACnJuccfsxmRxNuMznPm',244.00,'1','2020-03-18 00:00:00'),

(7834,3114,4,'小米Play 流光渐变AI双摄 4GB+64GB 梦幻蓝 全网通4G 双卡双待 小水滴全面屏拍照游戏智能手机','http://SXlkutIjYpDWWTEpNUiisnlsevOHVElrdngQLgyZ',1442.00,'2','2020-03-18 00:00:00'),

(7835,3114,4,'小米Play 流光渐变AI双摄 4GB+64GB 梦幻蓝 全网通4G 双卡双待 小水滴全面屏拍照游戏智能手机','http://SXlkutIjYpDWWTEpNUiisnlsevOHVElrdngQLgyZ',1442.00,'3','2020-03-18 00:00:00'),

(7836,3114,1,'荣耀10青春版 幻彩渐变 2400万AI自拍 全网通版4GB+64GB 渐变蓝 移动联通电信4G全面屏手机 双卡双待','http://AOvKmfRQEBRJJllwCwCuptVAOtBBcIjWeJRsmhbJ',2220.00,'2','2020-03-18 00:00:00'),

(7837,3114,10,'小米（MI） 小米路由器4 双千兆路由器 无线家用穿墙1200M高速双频wifi 千兆版 千兆端口光纤适用','http://kAXllAQEzJWHwiExxVmyJIABfXyzbKwedeofMqwh',222.00,'2','2020-03-18 00:00:00'),

(7838,3115,13,'联想(Lenovo)Y9000X 2019新款 15.6英寸高性能标压轻薄本笔记本电脑(i5-9300H 16G 512GSSD FHD)深空灰','http://kAXllAQEzJWHwiExxVmyJIABfXyzbKwedeofMqwh',7299.00,'1','2020-03-18 00:00:00'),

(7839,3115,6,'北纯精制黄小米（小黄米 月子米 小米粥 粗粮杂粮 大米伴侣）2.18kg','http://lMddjKYNSaxpeAqbkWcxegrrHjayrosVDeLrABhg',145.00,'2','2020-03-18 00:00:00'),

(7840,3116,2,'TCL 55A950C 55英寸32核人工智能 HDR曲面超薄4K电视金属机身（枪色）','http://JfJSvAnPkErYPcUsbgCuokhjxKiLeqpDXakZqFeE',3321.00,'1','2020-03-18 00:00:00'),

(7841,3116,9,'荣耀10 GT游戏加速 AIS手持夜景 6GB+64GB 幻影蓝全网通 移动联通电信','http://hNuKrFXZgFIzzZxnYeCxEDdJlbAwHUCbBChdXAKZ',2452.00,'1','2020-03-18 00:00:00'),

(7842,3116,7,'荣耀10青春版 幻彩渐变 2400万AI自拍 全网通版4GB+64GB 渐变蓝 移动联通电信4G全面屏手机 双卡双待','http://IJwhvJSuwaMHaevQQKZUzLkOsvYFiYsRhmLSjpZb',1553.00,'1','2020-03-18 00:00:00'),

(7843,3116,9,'荣耀10 GT游戏加速 AIS手持夜景 6GB+64GB 幻影蓝全网通 移动联通电信','http://hNuKrFXZgFIzzZxnYeCxEDdJlbAwHUCbBChdXAKZ',2452.00,'1','2020-03-18 00:00:00'),

(7844,3116,2,'TCL 55A950C 55英寸32核人工智能 HDR曲面超薄4K电视金属机身（枪色）','http://JfJSvAnPkErYPcUsbgCuokhjxKiLeqpDXakZqFeE',3321.00,'1','2020-03-18 00:00:00'),

(7845,3116,8,'Apple iPhoneXSMax (A2104) 256GB 深空灰色 移动联通电信4G手机 双卡双待','http://RFCTOnWWRtrJdygmPqiUXdBvyhqiTTOnXYagFJDP',8900.00,'3','2020-03-18 00:00:00'),

(7846,3116,12,'联想(Lenovo)拯救者Y7000 英特尔酷睿i7 2019新款 15.6英寸发烧游戏本笔记本电脑（i7-9750H 8GB 512GB SSD GTX1650 4G 高色域','http://kAXllAQEzJWHwiExxVmyJIABfXyzbKwedeofMqwh',6699.00,'1','2020-03-18 00:00:00'),

(7847,3116,1,'荣耀10青春版 幻彩渐变 2400万AI自拍 全网通版4GB+64GB 渐变蓝 移动联通电信4G全面屏手机 双卡双待','http://AOvKmfRQEBRJJllwCwCuptVAOtBBcIjWeJRsmhbJ',2220.00,'1','2020-03-18 00:00:00'),

(7848,3116,5,'十月稻田 沁州黄小米 (黄小米 五谷杂粮 山西特产 真空装 大米伴侣 粥米搭档) 2.5kg','http://INNButKuTkslasORPBmHACnJuccfsxmRxNuMznPm',244.00,'1','2020-03-18 00:00:00'),

(7849,3116,11,'联想(Lenovo)拯救者Y7000 2019新款 15.6英寸游戏本笔记本电脑（i7-9750H 8GB 1TB+256GB GTX1650 4G独显 黑）','http://kAXllAQEzJWHwiExxVmyJIABfXyzbKwedeofMqwh',6399.00,'1','2020-03-18 00:00:00'),

(7850,3117,11,'联想(Lenovo)拯救者Y7000 2019新款 15.6英寸游戏本笔记本电脑（i7-9750H 8GB 1TB+256GB GTX1650 4G独显 黑）','http://kAXllAQEzJWHwiExxVmyJIABfXyzbKwedeofMqwh',6399.00,'3','2020-03-18 00:00:00'),

(7851,3117,1,'荣耀10青春版 幻彩渐变 2400万AI自拍 全网通版4GB+64GB 渐变蓝 移动联通电信4G全面屏手机 双卡双待','http://AOvKmfRQEBRJJllwCwCuptVAOtBBcIjWeJRsmhbJ',2220.00,'3','2020-03-18 00:00:00'),

(7852,3117,8,'Apple iPhoneXSMax (A2104) 256GB 深空灰色 移动联通电信4G手机 双卡双待','http://RFCTOnWWRtrJdygmPqiUXdBvyhqiTTOnXYagFJDP',8900.00,'2','2020-03-18 00:00:00'),

(7853,3117,7,'荣耀10青春版 幻彩渐变 2400万AI自拍 全网通版4GB+64GB 渐变蓝 移动联通电信4G全面屏手机 双卡双待','http://IJwhvJSuwaMHaevQQKZUzLkOsvYFiYsRhmLSjpZb',1553.00,'2','2020-03-18 00:00:00'),

(7854,3117,8,'Apple iPhoneXSMax (A2104) 256GB 深空灰色 移动联通电信4G手机 双卡双待','http://RFCTOnWWRtrJdygmPqiUXdBvyhqiTTOnXYagFJDP',8900.00,'3','2020-03-18 00:00:00'),

(7855,3117,4,'小米Play 流光渐变AI双摄 4GB+64GB 梦幻蓝 全网通4G 双卡双待 小水滴全面屏拍照游戏智能手机','http://SXlkutIjYpDWWTEpNUiisnlsevOHVElrdngQLgyZ',1442.00,'3','2020-03-18 00:00:00'),

(7856,3117,1,'荣耀10青春版 幻彩渐变 2400万AI自拍 全网通版4GB+64GB 渐变蓝 移动联通电信4G全面屏手机 双卡双待','http://AOvKmfRQEBRJJllwCwCuptVAOtBBcIjWeJRsmhbJ',2220.00,'1','2020-03-18 00:00:00'),

(7857,3118,3,'小米（MI）电视 55英寸曲面4K智能WiFi网络液晶电视机4S L55M5-AQ 小米电视4S 55英寸 曲面','http://LzpblavcZQeYEbwbSjsnmsgAjtpudhDradqsRgdZ',3100.00,'3','2020-03-18 00:00:00'),

(7858,3118,10,'小米（MI） 小米路由器4 双千兆路由器 无线家用穿墙1200M高速双频wifi 千兆版 千兆端口光纤适用','http://kAXllAQEzJWHwiExxVmyJIABfXyzbKwedeofMqwh',222.00,'1','2020-03-18 00:00:00'),

(7859,3118,6,'北纯精制黄小米（小黄米 月子米 小米粥 粗粮杂粮 大米伴侣）2.18kg','http://lMddjKYNSaxpeAqbkWcxegrrHjayrosVDeLrABhg',145.00,'3','2020-03-18 00:00:00'),

(7860,3118,11,'联想(Lenovo)拯救者Y7000 2019新款 15.6英寸游戏本笔记本电脑（i7-9750H 8GB 1TB+256GB GTX1650 4G独显 黑）','http://kAXllAQEzJWHwiExxVmyJIABfXyzbKwedeofMqwh',6399.00,'3','2020-03-18 00:00:00'),

(7861,3118,3,'小米（MI）电视 55英寸曲面4K智能WiFi网络液晶电视机4S L55M5-AQ 小米电视4S 55英寸 曲面','http://LzpblavcZQeYEbwbSjsnmsgAjtpudhDradqsRgdZ',3100.00,'2','2020-03-18 00:00:00'),

(7862,3118,10,'小米（MI） 小米路由器4 双千兆路由器 无线家用穿墙1200M高速双频wifi 千兆版 千兆端口光纤适用','http://kAXllAQEzJWHwiExxVmyJIABfXyzbKwedeofMqwh',222.00,'2','2020-03-18 00:00:00'),

(7863,3118,2,'TCL 55A950C 55英寸32核人工智能 HDR曲面超薄4K电视金属机身（枪色）','http://JfJSvAnPkErYPcUsbgCuokhjxKiLeqpDXakZqFeE',3321.00,'2','2020-03-18 00:00:00'),

(7864,3118,7,'荣耀10青春版 幻彩渐变 2400万AI自拍 全网通版4GB+64GB 渐变蓝 移动联通电信4G全面屏手机 双卡双待','http://IJwhvJSuwaMHaevQQKZUzLkOsvYFiYsRhmLSjpZb',1553.00,'1','2020-03-18 00:00:00'),

(7865,3118,5,'十月稻田 沁州黄小米 (黄小米 五谷杂粮 山西特产 真空装 大米伴侣 粥米搭档) 2.5kg','http://INNButKuTkslasORPBmHACnJuccfsxmRxNuMznPm',244.00,'3','2020-03-18 00:00:00'),

(7866,3118,12,'联想(Lenovo)拯救者Y7000 英特尔酷睿i7 2019新款 15.6英寸发烧游戏本笔记本电脑（i7-9750H 8GB 512GB SSD GTX1650 4G 高色域','http://kAXllAQEzJWHwiExxVmyJIABfXyzbKwedeofMqwh',6699.00,'3','2020-03-18 00:00:00'),

(7867,3119,5,'十月稻田 沁州黄小米 (黄小米 五谷杂粮 山西特产 真空装 大米伴侣 粥米搭档) 2.5kg','http://INNButKuTkslasORPBmHACnJuccfsxmRxNuMznPm',244.00,'3','2020-03-18 00:00:00'),

(7868,3119,12,'联想(Lenovo)拯救者Y7000 英特尔酷睿i7 2019新款 15.6英寸发烧游戏本笔记本电脑（i7-9750H 8GB 512GB SSD GTX1650 4G 高色域','http://kAXllAQEzJWHwiExxVmyJIABfXyzbKwedeofMqwh',6699.00,'2','2020-03-18 00:00:00'),

(7869,3120,7,'荣耀10青春版 幻彩渐变 2400万AI自拍 全网通版4GB+64GB 渐变蓝 移动联通电信4G全面屏手机 双卡双待','http://IJwhvJSuwaMHaevQQKZUzLkOsvYFiYsRhmLSjpZb',1553.00,'2','2020-03-18 00:00:00'),

(7870,3120,2,'TCL 55A950C 55英寸32核人工智能 HDR曲面超薄4K电视金属机身（枪色）','http://JfJSvAnPkErYPcUsbgCuokhjxKiLeqpDXakZqFeE',3321.00,'1','2020-03-18 00:00:00'),

(7871,3120,2,'TCL 55A950C 55英寸32核人工智能 HDR曲面超薄4K电视金属机身（枪色）','http://JfJSvAnPkErYPcUsbgCuokhjxKiLeqpDXakZqFeE',3321.00,'2','2020-03-18 00:00:00'),

(7872,3120,12,'联想(Lenovo)拯救者Y7000 英特尔酷睿i7 2019新款 15.6英寸发烧游戏本笔记本电脑（i7-9750H 8GB 512GB SSD GTX1650 4G 高色域','http://kAXllAQEzJWHwiExxVmyJIABfXyzbKwedeofMqwh',6699.00,'3','2020-03-18 00:00:00'),

(7873,3120,12,'联想(Lenovo)拯救者Y7000 英特尔酷睿i7 2019新款 15.6英寸发烧游戏本笔记本电脑（i7-9750H 8GB 512GB SSD GTX1650 4G 高色域','http://kAXllAQEzJWHwiExxVmyJIABfXyzbKwedeofMqwh',6699.00,'1','2020-03-18 00:00:00'),

(7874,3120,3,'小米（MI）电视 55英寸曲面4K智能WiFi网络液晶电视机4S L55M5-AQ 小米电视4S 55英寸 曲面','http://LzpblavcZQeYEbwbSjsnmsgAjtpudhDradqsRgdZ',3100.00,'2','2020-03-18 00:00:00'),

(7875,3120,8,'Apple iPhoneXSMax (A2104) 256GB 深空灰色 移动联通电信4G手机 双卡双待','http://RFCTOnWWRtrJdygmPqiUXdBvyhqiTTOnXYagFJDP',8900.00,'3','2020-03-18 00:00:00'),

(7876,3121,10,'小米（MI） 小米路由器4 双千兆路由器 无线家用穿墙1200M高速双频wifi 千兆版 千兆端口光纤适用','http://kAXllAQEzJWHwiExxVmyJIABfXyzbKwedeofMqwh',222.00,'2','2020-03-18 00:00:00'),

(7877,3121,6,'北纯精制黄小米（小黄米 月子米 小米粥 粗粮杂粮 大米伴侣）2.18kg','http://lMddjKYNSaxpeAqbkWcxegrrHjayrosVDeLrABhg',145.00,'2','2020-03-18 00:00:00'),

(7878,3121,6,'北纯精制黄小米（小黄米 月子米 小米粥 粗粮杂粮 大米伴侣）2.18kg','http://lMddjKYNSaxpeAqbkWcxegrrHjayrosVDeLrABhg',145.00,'1','2020-03-18 00:00:00'),

(7879,3121,10,'小米（MI） 小米路由器4 双千兆路由器 无线家用穿墙1200M高速双频wifi 千兆版 千兆端口光纤适用','http://kAXllAQEzJWHwiExxVmyJIABfXyzbKwedeofMqwh',222.00,'3','2020-03-18 00:00:00'),

(7880,3121,11,'联想(Lenovo)拯救者Y7000 2019新款 15.6英寸游戏本笔记本电脑（i7-9750H 8GB 1TB+256GB GTX1650 4G独显 黑）','http://kAXllAQEzJWHwiExxVmyJIABfXyzbKwedeofMqwh',6399.00,'1','2020-03-18 00:00:00'),

(7881,3122,5,'十月稻田 沁州黄小米 (黄小米 五谷杂粮 山西特产 真空装 大米伴侣 粥米搭档) 2.5kg','http://INNButKuTkslasORPBmHACnJuccfsxmRxNuMznPm',244.00,'3','2020-03-18 00:00:00'),

(7882,3123,6,'北纯精制黄小米（小黄米 月子米 小米粥 粗粮杂粮 大米伴侣）2.18kg','http://lMddjKYNSaxpeAqbkWcxegrrHjayrosVDeLrABhg',145.00,'3','2020-03-18 00:00:00'),

(7883,3123,5,'十月稻田 沁州黄小米 (黄小米 五谷杂粮 山西特产 真空装 大米伴侣 粥米搭档) 2.5kg','http://INNButKuTkslasORPBmHACnJuccfsxmRxNuMznPm',244.00,'1','2020-03-18 00:00:00'),

(7884,3124,2,'TCL 55A950C 55英寸32核人工智能 HDR曲面超薄4K电视金属机身（枪色）','http://JfJSvAnPkErYPcUsbgCuokhjxKiLeqpDXakZqFeE',3321.00,'2','2020-03-18 00:00:00'),

(7885,3124,9,'荣耀10 GT游戏加速 AIS手持夜景 6GB+64GB 幻影蓝全网通 移动联通电信','http://hNuKrFXZgFIzzZxnYeCxEDdJlbAwHUCbBChdXAKZ',2452.00,'3','2020-03-18 00:00:00'),

(7886,3124,7,'荣耀10青春版 幻彩渐变 2400万AI自拍 全网通版4GB+64GB 渐变蓝 移动联通电信4G全面屏手机 双卡双待','http://IJwhvJSuwaMHaevQQKZUzLkOsvYFiYsRhmLSjpZb',1553.00,'2','2020-03-18 00:00:00'),

(7887,3124,9,'荣耀10 GT游戏加速 AIS手持夜景 6GB+64GB 幻影蓝全网通 移动联通电信','http://hNuKrFXZgFIzzZxnYeCxEDdJlbAwHUCbBChdXAKZ',2452.00,'3','2020-03-18 00:00:00'),

(7888,3125,7,'荣耀10青春版 幻彩渐变 2400万AI自拍 全网通版4GB+64GB 渐变蓝 移动联通电信4G全面屏手机 双卡双待','http://IJwhvJSuwaMHaevQQKZUzLkOsvYFiYsRhmLSjpZb',1553.00,'1','2020-03-18 00:00:00'),

(7889,3125,9,'荣耀10 GT游戏加速 AIS手持夜景 6GB+64GB 幻影蓝全网通 移动联通电信','http://hNuKrFXZgFIzzZxnYeCxEDdJlbAwHUCbBChdXAKZ',2452.00,'1','2020-03-18 00:00:00'),

(7890,3125,9,'荣耀10 GT游戏加速 AIS手持夜景 6GB+64GB 幻影蓝全网通 移动联通电信','http://hNuKrFXZgFIzzZxnYeCxEDdJlbAwHUCbBChdXAKZ',2452.00,'1','2020-03-18 00:00:00'),

(7891,3125,13,'联想(Lenovo)Y9000X 2019新款 15.6英寸高性能标压轻薄本笔记本电脑(i5-9300H 16G 512GSSD FHD)深空灰','http://kAXllAQEzJWHwiExxVmyJIABfXyzbKwedeofMqwh',7299.00,'2','2020-03-18 00:00:00'),

(7892,3126,4,'小米Play 流光渐变AI双摄 4GB+64GB 梦幻蓝 全网通4G 双卡双待 小水滴全面屏拍照游戏智能手机','http://SXlkutIjYpDWWTEpNUiisnlsevOHVElrdngQLgyZ',1442.00,'3','2020-03-18 00:00:00'),

(7893,3126,7,'荣耀10青春版 幻彩渐变 2400万AI自拍 全网通版4GB+64GB 渐变蓝 移动联通电信4G全面屏手机 双卡双待','http://IJwhvJSuwaMHaevQQKZUzLkOsvYFiYsRhmLSjpZb',1553.00,'3','2020-03-18 00:00:00'),

(7894,3127,10,'小米（MI） 小米路由器4 双千兆路由器 无线家用穿墙1200M高速双频wifi 千兆版 千兆端口光纤适用','http://kAXllAQEzJWHwiExxVmyJIABfXyzbKwedeofMqwh',222.00,'3','2020-03-18 00:00:00'),

(7895,3127,5,'十月稻田 沁州黄小米 (黄小米 五谷杂粮 山西特产 真空装 大米伴侣 粥米搭档) 2.5kg','http://INNButKuTkslasORPBmHACnJuccfsxmRxNuMznPm',244.00,'3','2020-03-18 00:00:00'),

(7896,3127,11,'联想(Lenovo)拯救者Y7000 2019新款 15.6英寸游戏本笔记本电脑（i7-9750H 8GB 1TB+256GB GTX1650 4G独显 黑）','http://kAXllAQEzJWHwiExxVmyJIABfXyzbKwedeofMqwh',6399.00,'2','2020-03-18 00:00:00'),

(7897,3127,2,'TCL 55A950C 55英寸32核人工智能 HDR曲面超薄4K电视金属机身（枪色）','http://JfJSvAnPkErYPcUsbgCuokhjxKiLeqpDXakZqFeE',3321.00,'1','2020-03-18 00:00:00'),

(7898,3127,6,'北纯精制黄小米（小黄米 月子米 小米粥 粗粮杂粮 大米伴侣）2.18kg','http://lMddjKYNSaxpeAqbkWcxegrrHjayrosVDeLrABhg',145.00,'1','2020-03-18 00:00:00'),

(7899,3128,6,'北纯精制黄小米（小黄米 月子米 小米粥 粗粮杂粮 大米伴侣）2.18kg','http://lMddjKYNSaxpeAqbkWcxegrrHjayrosVDeLrABhg',145.00,'2','2020-03-18 00:00:00'),

(7900,3128,1,'荣耀10青春版 幻彩渐变 2400万AI自拍 全网通版4GB+64GB 渐变蓝 移动联通电信4G全面屏手机 双卡双待','http://AOvKmfRQEBRJJllwCwCuptVAOtBBcIjWeJRsmhbJ',2220.00,'3','2020-03-18 00:00:00'),

(7901,3128,13,'联想(Lenovo)Y9000X 2019新款 15.6英寸高性能标压轻薄本笔记本电脑(i5-9300H 16G 512GSSD FHD)深空灰','http://kAXllAQEzJWHwiExxVmyJIABfXyzbKwedeofMqwh',7299.00,'2','2020-03-18 00:00:00'),

(7902,3129,13,'联想(Lenovo)Y9000X 2019新款 15.6英寸高性能标压轻薄本笔记本电脑(i5-9300H 16G 512GSSD FHD)深空灰','http://kAXllAQEzJWHwiExxVmyJIABfXyzbKwedeofMqwh',7299.00,'3','2020-03-18 00:00:00'),

(7903,3129,9,'荣耀10 GT游戏加速 AIS手持夜景 6GB+64GB 幻影蓝全网通 移动联通电信','http://hNuKrFXZgFIzzZxnYeCxEDdJlbAwHUCbBChdXAKZ',2452.00,'1','2020-03-18 00:00:00'),

(7904,3129,5,'十月稻田 沁州黄小米 (黄小米 五谷杂粮 山西特产 真空装 大米伴侣 粥米搭档) 2.5kg','http://INNButKuTkslasORPBmHACnJuccfsxmRxNuMznPm',244.00,'1','2020-03-18 00:00:00'),

(7905,3129,4,'小米Play 流光渐变AI双摄 4GB+64GB 梦幻蓝 全网通4G 双卡双待 小水滴全面屏拍照游戏智能手机','http://SXlkutIjYpDWWTEpNUiisnlsevOHVElrdngQLgyZ',1442.00,'3','2020-03-18 00:00:00'),

(7906,3129,12,'联想(Lenovo)拯救者Y7000 英特尔酷睿i7 2019新款 15.6英寸发烧游戏本笔记本电脑（i7-9750H 8GB 512GB SSD GTX1650 4G 高色域','http://kAXllAQEzJWHwiExxVmyJIABfXyzbKwedeofMqwh',6699.00,'3','2020-03-18 00:00:00'),

(7907,3129,10,'小米（MI） 小米路由器4 双千兆路由器 无线家用穿墙1200M高速双频wifi 千兆版 千兆端口光纤适用','http://kAXllAQEzJWHwiExxVmyJIABfXyzbKwedeofMqwh',222.00,'2','2020-03-18 00:00:00'),

(7908,3129,5,'十月稻田 沁州黄小米 (黄小米 五谷杂粮 山西特产 真空装 大米伴侣 粥米搭档) 2.5kg','http://INNButKuTkslasORPBmHACnJuccfsxmRxNuMznPm',244.00,'3','2020-03-18 00:00:00'),

(7909,3130,6,'北纯精制黄小米（小黄米 月子米 小米粥 粗粮杂粮 大米伴侣）2.18kg','http://lMddjKYNSaxpeAqbkWcxegrrHjayrosVDeLrABhg',145.00,'1','2020-03-18 00:00:00'),

(7910,3131,2,'TCL 55A950C 55英寸32核人工智能 HDR曲面超薄4K电视金属机身（枪色）','http://JfJSvAnPkErYPcUsbgCuokhjxKiLeqpDXakZqFeE',3321.00,'3','2020-03-18 00:00:00'),

(7911,3131,5,'十月稻田 沁州黄小米 (黄小米 五谷杂粮 山西特产 真空装 大米伴侣 粥米搭档) 2.5kg','http://INNButKuTkslasORPBmHACnJuccfsxmRxNuMznPm',244.00,'2','2020-03-18 00:00:00'),

(7912,3131,5,'十月稻田 沁州黄小米 (黄小米 五谷杂粮 山西特产 真空装 大米伴侣 粥米搭档) 2.5kg','http://INNButKuTkslasORPBmHACnJuccfsxmRxNuMznPm',244.00,'3','2020-03-18 00:00:00'),

(7913,3131,13,'联想(Lenovo)Y9000X 2019新款 15.6英寸高性能标压轻薄本笔记本电脑(i5-9300H 16G 512GSSD FHD)深空灰','http://kAXllAQEzJWHwiExxVmyJIABfXyzbKwedeofMqwh',7299.00,'1','2020-03-18 00:00:00'),

(7914,3131,3,'小米（MI）电视 55英寸曲面4K智能WiFi网络液晶电视机4S L55M5-AQ 小米电视4S 55英寸 曲面','http://LzpblavcZQeYEbwbSjsnmsgAjtpudhDradqsRgdZ',3100.00,'1','2020-03-18 00:00:00'),

(7915,3131,7,'荣耀10青春版 幻彩渐变 2400万AI自拍 全网通版4GB+64GB 渐变蓝 移动联通电信4G全面屏手机 双卡双待','http://IJwhvJSuwaMHaevQQKZUzLkOsvYFiYsRhmLSjpZb',1553.00,'1','2020-03-18 00:00:00'),

(7916,3131,2,'TCL 55A950C 55英寸32核人工智能 HDR曲面超薄4K电视金属机身（枪色）','http://JfJSvAnPkErYPcUsbgCuokhjxKiLeqpDXakZqFeE',3321.00,'1','2020-03-18 00:00:00'),

(7917,3132,8,'Apple iPhoneXSMax (A2104) 256GB 深空灰色 移动联通电信4G手机 双卡双待','http://RFCTOnWWRtrJdygmPqiUXdBvyhqiTTOnXYagFJDP',8900.00,'1','2020-03-18 00:00:00'),

(7918,3132,13,'联想(Lenovo)Y9000X 2019新款 15.6英寸高性能标压轻薄本笔记本电脑(i5-9300H 16G 512GSSD FHD)深空灰','http://kAXllAQEzJWHwiExxVmyJIABfXyzbKwedeofMqwh',7299.00,'1','2020-03-18 00:00:00'),

(7919,3132,11,'联想(Lenovo)拯救者Y7000 2019新款 15.6英寸游戏本笔记本电脑（i7-9750H 8GB 1TB+256GB GTX1650 4G独显 黑）','http://kAXllAQEzJWHwiExxVmyJIABfXyzbKwedeofMqwh',6399.00,'3','2020-03-18 00:00:00'),

(7920,3133,4,'小米Play 流光渐变AI双摄 4GB+64GB 梦幻蓝 全网通4G 双卡双待 小水滴全面屏拍照游戏智能手机','http://SXlkutIjYpDWWTEpNUiisnlsevOHVElrdngQLgyZ',1442.00,'2','2020-03-18 00:00:00'),

(7921,3133,13,'联想(Lenovo)Y9000X 2019新款 15.6英寸高性能标压轻薄本笔记本电脑(i5-9300H 16G 512GSSD FHD)深空灰','http://kAXllAQEzJWHwiExxVmyJIABfXyzbKwedeofMqwh',7299.00,'2','2020-03-18 00:00:00'),

(7922,3133,7,'荣耀10青春版 幻彩渐变 2400万AI自拍 全网通版4GB+64GB 渐变蓝 移动联通电信4G全面屏手机 双卡双待','http://IJwhvJSuwaMHaevQQKZUzLkOsvYFiYsRhmLSjpZb',1553.00,'2','2020-03-18 00:00:00'),

(7923,3133,9,'荣耀10 GT游戏加速 AIS手持夜景 6GB+64GB 幻影蓝全网通 移动联通电信','http://hNuKrFXZgFIzzZxnYeCxEDdJlbAwHUCbBChdXAKZ',2452.00,'3','2020-03-18 00:00:00'),

(7924,3134,2,'TCL 55A950C 55英寸32核人工智能 HDR曲面超薄4K电视金属机身（枪色）','http://JfJSvAnPkErYPcUsbgCuokhjxKiLeqpDXakZqFeE',3321.00,'2','2020-03-18 00:00:00'),

(7925,3134,4,'小米Play 流光渐变AI双摄 4GB+64GB 梦幻蓝 全网通4G 双卡双待 小水滴全面屏拍照游戏智能手机','http://SXlkutIjYpDWWTEpNUiisnlsevOHVElrdngQLgyZ',1442.00,'2','2020-03-18 00:00:00'),

(7926,3135,5,'十月稻田 沁州黄小米 (黄小米 五谷杂粮 山西特产 真空装 大米伴侣 粥米搭档) 2.5kg','http://INNButKuTkslasORPBmHACnJuccfsxmRxNuMznPm',244.00,'2','2020-03-18 00:00:00'),

(7927,3136,13,'联想(Lenovo)Y9000X 2019新款 15.6英寸高性能标压轻薄本笔记本电脑(i5-9300H 16G 512GSSD FHD)深空灰','http://kAXllAQEzJWHwiExxVmyJIABfXyzbKwedeofMqwh',7299.00,'3','2020-03-20 00:00:00'),

(7928,3136,4,'小米Play 流光渐变AI双摄 4GB+64GB 梦幻蓝 全网通4G 双卡双待 小水滴全面屏拍照游戏智能手机','http://SXlkutIjYpDWWTEpNUiisnlsevOHVElrdngQLgyZ',1442.00,'2','2020-03-20 00:00:00'),

(7929,3136,12,'联想(Lenovo)拯救者Y7000 英特尔酷睿i7 2019新款 15.6英寸发烧游戏本笔记本电脑（i7-9750H 8GB 512GB SSD GTX1650 4G 高色域','http://kAXllAQEzJWHwiExxVmyJIABfXyzbKwedeofMqwh',6699.00,'3','2020-03-20 00:00:00'),

(7930,3136,9,'荣耀10 GT游戏加速 AIS手持夜景 6GB+64GB 幻影蓝全网通 移动联通电信','http://hNuKrFXZgFIzzZxnYeCxEDdJlbAwHUCbBChdXAKZ',2452.00,'2','2020-03-20 00:00:00'),

(7931,3137,11,'联想(Lenovo)拯救者Y7000 2019新款 15.6英寸游戏本笔记本电脑（i7-9750H 8GB 1TB+256GB GTX1650 4G独显 黑）','http://kAXllAQEzJWHwiExxVmyJIABfXyzbKwedeofMqwh',6399.00,'3','2020-03-20 00:00:00'),

(7932,3137,9,'荣耀10 GT游戏加速 AIS手持夜景 6GB+64GB 幻影蓝全网通 移动联通电信','http://hNuKrFXZgFIzzZxnYeCxEDdJlbAwHUCbBChdXAKZ',2452.00,'2','2020-03-20 00:00:00'),

(7933,3137,4,'小米Play 流光渐变AI双摄 4GB+64GB 梦幻蓝 全网通4G 双卡双待 小水滴全面屏拍照游戏智能手机','http://SXlkutIjYpDWWTEpNUiisnlsevOHVElrdngQLgyZ',1442.00,'2','2020-03-20 00:00:00'),

(7934,3137,10,'小米（MI） 小米路由器4 双千兆路由器 无线家用穿墙1200M高速双频wifi 千兆版 千兆端口光纤适用','http://kAXllAQEzJWHwiExxVmyJIABfXyzbKwedeofMqwh',222.00,'3','2020-03-20 00:00:00'),

(7935,3137,2,'TCL 55A950C 55英寸32核人工智能 HDR曲面超薄4K电视金属机身（枪色）','http://JfJSvAnPkErYPcUsbgCuokhjxKiLeqpDXakZqFeE',3321.00,'3','2020-03-20 00:00:00'),

(7936,3137,7,'荣耀10青春版 幻彩渐变 2400万AI自拍 全网通版4GB+64GB 渐变蓝 移动联通电信4G全面屏手机 双卡双待','http://IJwhvJSuwaMHaevQQKZUzLkOsvYFiYsRhmLSjpZb',1553.00,'1','2020-03-20 00:00:00'),

(7937,3138,7,'荣耀10青春版 幻彩渐变 2400万AI自拍 全网通版4GB+64GB 渐变蓝 移动联通电信4G全面屏手机 双卡双待','http://IJwhvJSuwaMHaevQQKZUzLkOsvYFiYsRhmLSjpZb',1553.00,'2','2020-03-20 00:00:00'),

(7938,3138,2,'TCL 55A950C 55英寸32核人工智能 HDR曲面超薄4K电视金属机身（枪色）','http://JfJSvAnPkErYPcUsbgCuokhjxKiLeqpDXakZqFeE',3321.00,'1','2020-03-20 00:00:00'),

(7939,3138,12,'联想(Lenovo)拯救者Y7000 英特尔酷睿i7 2019新款 15.6英寸发烧游戏本笔记本电脑（i7-9750H 8GB 512GB SSD GTX1650 4G 高色域','http://kAXllAQEzJWHwiExxVmyJIABfXyzbKwedeofMqwh',6699.00,'3','2020-03-20 00:00:00'),

(7940,3138,12,'联想(Lenovo)拯救者Y7000 英特尔酷睿i7 2019新款 15.6英寸发烧游戏本笔记本电脑（i7-9750H 8GB 512GB SSD GTX1650 4G 高色域','http://kAXllAQEzJWHwiExxVmyJIABfXyzbKwedeofMqwh',6699.00,'1','2020-03-20 00:00:00'),

(7941,3138,3,'小米（MI）电视 55英寸曲面4K智能WiFi网络液晶电视机4S L55M5-AQ 小米电视4S 55英寸 曲面','http://LzpblavcZQeYEbwbSjsnmsgAjtpudhDradqsRgdZ',3100.00,'2','2020-03-20 00:00:00'),

(7942,3138,9,'荣耀10 GT游戏加速 AIS手持夜景 6GB+64GB 幻影蓝全网通 移动联通电信','http://hNuKrFXZgFIzzZxnYeCxEDdJlbAwHUCbBChdXAKZ',2452.00,'3','2020-03-20 00:00:00'),

(7943,3138,8,'Apple iPhoneXSMax (A2104) 256GB 深空灰色 移动联通电信4G手机 双卡双待','http://RFCTOnWWRtrJdygmPqiUXdBvyhqiTTOnXYagFJDP',8900.00,'3','2020-03-20 00:00:00'),

(7944,3139,6,'北纯精制黄小米（小黄米 月子米 小米粥 粗粮杂粮 大米伴侣）2.18kg','http://lMddjKYNSaxpeAqbkWcxegrrHjayrosVDeLrABhg',145.00,'1','2020-03-20 00:00:00'),

(7945,3139,4,'小米Play 流光渐变AI双摄 4GB+64GB 梦幻蓝 全网通4G 双卡双待 小水滴全面屏拍照游戏智能手机','http://SXlkutIjYpDWWTEpNUiisnlsevOHVElrdngQLgyZ',1442.00,'2','2020-03-20 00:00:00'),

(7946,3139,8,'Apple iPhoneXSMax (A2104) 256GB 深空灰色 移动联通电信4G手机 双卡双待','http://RFCTOnWWRtrJdygmPqiUXdBvyhqiTTOnXYagFJDP',8900.00,'1','2020-03-20 00:00:00'),

(7947,3140,8,'Apple iPhoneXSMax (A2104) 256GB 深空灰色 移动联通电信4G手机 双卡双待','http://RFCTOnWWRtrJdygmPqiUXdBvyhqiTTOnXYagFJDP',8900.00,'3','2020-03-20 00:00:00'),

(7948,3140,4,'小米Play 流光渐变AI双摄 4GB+64GB 梦幻蓝 全网通4G 双卡双待 小水滴全面屏拍照游戏智能手机','http://SXlkutIjYpDWWTEpNUiisnlsevOHVElrdngQLgyZ',1442.00,'3','2020-03-20 00:00:00'),

(7949,3140,11,'联想(Lenovo)拯救者Y7000 2019新款 15.6英寸游戏本笔记本电脑（i7-9750H 8GB 1TB+256GB GTX1650 4G独显 黑）','http://kAXllAQEzJWHwiExxVmyJIABfXyzbKwedeofMqwh',6399.00,'1','2020-03-20 00:00:00'),

(7950,3140,7,'荣耀10青春版 幻彩渐变 2400万AI自拍 全网通版4GB+64GB 渐变蓝 移动联通电信4G全面屏手机 双卡双待','http://IJwhvJSuwaMHaevQQKZUzLkOsvYFiYsRhmLSjpZb',1553.00,'3','2020-03-20 00:00:00'),

(7951,3141,9,'荣耀10 GT游戏加速 AIS手持夜景 6GB+64GB 幻影蓝全网通 移动联通电信','http://hNuKrFXZgFIzzZxnYeCxEDdJlbAwHUCbBChdXAKZ',2452.00,'3','2020-03-20 00:00:00'),

(7952,3141,5,'十月稻田 沁州黄小米 (黄小米 五谷杂粮 山西特产 真空装 大米伴侣 粥米搭档) 2.5kg','http://INNButKuTkslasORPBmHACnJuccfsxmRxNuMznPm',244.00,'3','2020-03-20 00:00:00'),

(7953,3142,10,'小米（MI） 小米路由器4 双千兆路由器 无线家用穿墙1200M高速双频wifi 千兆版 千兆端口光纤适用','http://kAXllAQEzJWHwiExxVmyJIABfXyzbKwedeofMqwh',222.00,'2','2020-03-20 00:00:00'),

(7954,3142,6,'北纯精制黄小米（小黄米 月子米 小米粥 粗粮杂粮 大米伴侣）2.18kg','http://lMddjKYNSaxpeAqbkWcxegrrHjayrosVDeLrABhg',145.00,'2','2020-03-20 00:00:00'),

(7955,3142,6,'北纯精制黄小米（小黄米 月子米 小米粥 粗粮杂粮 大米伴侣）2.18kg','http://lMddjKYNSaxpeAqbkWcxegrrHjayrosVDeLrABhg',145.00,'1','2020-03-20 00:00:00'),

(7956,3142,10,'小米（MI） 小米路由器4 双千兆路由器 无线家用穿墙1200M高速双频wifi 千兆版 千兆端口光纤适用','http://kAXllAQEzJWHwiExxVmyJIABfXyzbKwedeofMqwh',222.00,'3','2020-03-20 00:00:00'),

(7957,3142,11,'联想(Lenovo)拯救者Y7000 2019新款 15.6英寸游戏本笔记本电脑（i7-9750H 8GB 1TB+256GB GTX1650 4G独显 黑）','http://kAXllAQEzJWHwiExxVmyJIABfXyzbKwedeofMqwh',6399.00,'1','2020-03-20 00:00:00'),

(7958,3142,8,'Apple iPhoneXSMax (A2104) 256GB 深空灰色 移动联通电信4G手机 双卡双待','http://RFCTOnWWRtrJdygmPqiUXdBvyhqiTTOnXYagFJDP',8900.00,'3','2020-03-20 00:00:00'),

(7959,3142,12,'联想(Lenovo)拯救者Y7000 英特尔酷睿i7 2019新款 15.6英寸发烧游戏本笔记本电脑（i7-9750H 8GB 512GB SSD GTX1650 4G 高色域','http://kAXllAQEzJWHwiExxVmyJIABfXyzbKwedeofMqwh',6699.00,'2','2020-03-20 00:00:00'),

(7960,3143,11,'联想(Lenovo)拯救者Y7000 2019新款 15.6英寸游戏本笔记本电脑（i7-9750H 8GB 1TB+256GB GTX1650 4G独显 黑）','http://kAXllAQEzJWHwiExxVmyJIABfXyzbKwedeofMqwh',6399.00,'3','2020-03-20 00:00:00'),

(7961,3143,1,'荣耀10青春版 幻彩渐变 2400万AI自拍 全网通版4GB+64GB 渐变蓝 移动联通电信4G全面屏手机 双卡双待','http://AOvKmfRQEBRJJllwCwCuptVAOtBBcIjWeJRsmhbJ',2220.00,'3','2020-03-20 00:00:00'),

(7962,3143,8,'Apple iPhoneXSMax (A2104) 256GB 深空灰色 移动联通电信4G手机 双卡双待','http://RFCTOnWWRtrJdygmPqiUXdBvyhqiTTOnXYagFJDP',8900.00,'2','2020-03-20 00:00:00'),

(7963,3143,12,'联想(Lenovo)拯救者Y7000 英特尔酷睿i7 2019新款 15.6英寸发烧游戏本笔记本电脑（i7-9750H 8GB 512GB SSD GTX1650 4G 高色域','http://kAXllAQEzJWHwiExxVmyJIABfXyzbKwedeofMqwh',6699.00,'3','2020-03-20 00:00:00'),

(7964,3143,7,'荣耀10青春版 幻彩渐变 2400万AI自拍 全网通版4GB+64GB 渐变蓝 移动联通电信4G全面屏手机 双卡双待','http://IJwhvJSuwaMHaevQQKZUzLkOsvYFiYsRhmLSjpZb',1553.00,'2','2020-03-20 00:00:00'),

(7965,3143,8,'Apple iPhoneXSMax (A2104) 256GB 深空灰色 移动联通电信4G手机 双卡双待','http://RFCTOnWWRtrJdygmPqiUXdBvyhqiTTOnXYagFJDP',8900.00,'3','2020-03-20 00:00:00'),

(7966,3143,4,'小米Play 流光渐变AI双摄 4GB+64GB 梦幻蓝 全网通4G 双卡双待 小水滴全面屏拍照游戏智能手机','http://SXlkutIjYpDWWTEpNUiisnlsevOHVElrdngQLgyZ',1442.00,'3','2020-03-20 00:00:00'),

(7967,3143,6,'北纯精制黄小米（小黄米 月子米 小米粥 粗粮杂粮 大米伴侣）2.18kg','http://lMddjKYNSaxpeAqbkWcxegrrHjayrosVDeLrABhg',145.00,'2','2020-03-20 00:00:00'),

(7968,3143,1,'荣耀10青春版 幻彩渐变 2400万AI自拍 全网通版4GB+64GB 渐变蓝 移动联通电信4G全面屏手机 双卡双待','http://AOvKmfRQEBRJJllwCwCuptVAOtBBcIjWeJRsmhbJ',2220.00,'1','2020-03-20 00:00:00'),

(7969,3144,10,'小米（MI） 小米路由器4 双千兆路由器 无线家用穿墙1200M高速双频wifi 千兆版 千兆端口光纤适用','http://kAXllAQEzJWHwiExxVmyJIABfXyzbKwedeofMqwh',222.00,'3','2020-03-20 00:00:00'),

(7970,3144,4,'小米Play 流光渐变AI双摄 4GB+64GB 梦幻蓝 全网通4G 双卡双待 小水滴全面屏拍照游戏智能手机','http://SXlkutIjYpDWWTEpNUiisnlsevOHVElrdngQLgyZ',1442.00,'2','2020-03-20 00:00:00'),

(7971,3145,9,'荣耀10 GT游戏加速 AIS手持夜景 6GB+64GB 幻影蓝全网通 移动联通电信','http://hNuKrFXZgFIzzZxnYeCxEDdJlbAwHUCbBChdXAKZ',2452.00,'3','2020-03-20 00:00:00'),

(7972,3145,5,'十月稻田 沁州黄小米 (黄小米 五谷杂粮 山西特产 真空装 大米伴侣 粥米搭档) 2.5kg','http://INNButKuTkslasORPBmHACnJuccfsxmRxNuMznPm',244.00,'1','2020-03-20 00:00:00'),

(7973,3145,4,'小米Play 流光渐变AI双摄 4GB+64GB 梦幻蓝 全网通4G 双卡双待 小水滴全面屏拍照游戏智能手机','http://SXlkutIjYpDWWTEpNUiisnlsevOHVElrdngQLgyZ',1442.00,'2','2020-03-20 00:00:00'),

(7974,3145,4,'小米Play 流光渐变AI双摄 4GB+64GB 梦幻蓝 全网通4G 双卡双待 小水滴全面屏拍照游戏智能手机','http://SXlkutIjYpDWWTEpNUiisnlsevOHVElrdngQLgyZ',1442.00,'3','2020-03-20 00:00:00'),

(7975,3145,10,'小米（MI） 小米路由器4 双千兆路由器 无线家用穿墙1200M高速双频wifi 千兆版 千兆端口光纤适用','http://kAXllAQEzJWHwiExxVmyJIABfXyzbKwedeofMqwh',222.00,'2','2020-03-20 00:00:00'),

(7976,3145,13,'联想(Lenovo)Y9000X 2019新款 15.6英寸高性能标压轻薄本笔记本电脑(i5-9300H 16G 512GSSD FHD)深空灰','http://kAXllAQEzJWHwiExxVmyJIABfXyzbKwedeofMqwh',7299.00,'2','2020-03-20 00:00:00'),

(7977,3145,5,'十月稻田 沁州黄小米 (黄小米 五谷杂粮 山西特产 真空装 大米伴侣 粥米搭档) 2.5kg','http://INNButKuTkslasORPBmHACnJuccfsxmRxNuMznPm',244.00,'1','2020-03-20 00:00:00'),

(7978,3146,4,'小米Play 流光渐变AI双摄 4GB+64GB 梦幻蓝 全网通4G 双卡双待 小水滴全面屏拍照游戏智能手机','http://SXlkutIjYpDWWTEpNUiisnlsevOHVElrdngQLgyZ',1442.00,'2','2020-03-20 00:00:00'),

(7979,3147,13,'联想(Lenovo)Y9000X 2019新款 15.6英寸高性能标压轻薄本笔记本电脑(i5-9300H 16G 512GSSD FHD)深空灰','http://kAXllAQEzJWHwiExxVmyJIABfXyzbKwedeofMqwh',7299.00,'3','2020-03-20 00:00:00'),

(7980,3147,9,'荣耀10 GT游戏加速 AIS手持夜景 6GB+64GB 幻影蓝全网通 移动联通电信','http://hNuKrFXZgFIzzZxnYeCxEDdJlbAwHUCbBChdXAKZ',2452.00,'1','2020-03-20 00:00:00'),

(7981,3147,5,'十月稻田 沁州黄小米 (黄小米 五谷杂粮 山西特产 真空装 大米伴侣 粥米搭档) 2.5kg','http://INNButKuTkslasORPBmHACnJuccfsxmRxNuMznPm',244.00,'1','2020-03-20 00:00:00'),

(7982,3147,4,'小米Play 流光渐变AI双摄 4GB+64GB 梦幻蓝 全网通4G 双卡双待 小水滴全面屏拍照游戏智能手机','http://SXlkutIjYpDWWTEpNUiisnlsevOHVElrdngQLgyZ',1442.00,'3','2020-03-20 00:00:00'),

(7983,3147,5,'十月稻田 沁州黄小米 (黄小米 五谷杂粮 山西特产 真空装 大米伴侣 粥米搭档) 2.5kg','http://INNButKuTkslasORPBmHACnJuccfsxmRxNuMznPm',244.00,'2','2020-03-20 00:00:00'),

(7984,3147,12,'联想(Lenovo)拯救者Y7000 英特尔酷睿i7 2019新款 15.6英寸发烧游戏本笔记本电脑（i7-9750H 8GB 512GB SSD GTX1650 4G 高色域','http://kAXllAQEzJWHwiExxVmyJIABfXyzbKwedeofMqwh',6699.00,'3','2020-03-20 00:00:00'),

(7985,3147,10,'小米（MI） 小米路由器4 双千兆路由器 无线家用穿墙1200M高速双频wifi 千兆版 千兆端口光纤适用','http://kAXllAQEzJWHwiExxVmyJIABfXyzbKwedeofMqwh',222.00,'2','2020-03-20 00:00:00'),

(7986,3148,5,'十月稻田 沁州黄小米 (黄小米 五谷杂粮 山西特产 真空装 大米伴侣 粥米搭档) 2.5kg','http://INNButKuTkslasORPBmHACnJuccfsxmRxNuMznPm',244.00,'3','2020-03-20 00:00:00'),

(7987,3148,2,'TCL 55A950C 55英寸32核人工智能 HDR曲面超薄4K电视金属机身（枪色）','http://JfJSvAnPkErYPcUsbgCuokhjxKiLeqpDXakZqFeE',3321.00,'1','2020-03-20 00:00:00'),

(7988,3148,4,'小米Play 流光渐变AI双摄 4GB+64GB 梦幻蓝 全网通4G 双卡双待 小水滴全面屏拍照游戏智能手机','http://SXlkutIjYpDWWTEpNUiisnlsevOHVElrdngQLgyZ',1442.00,'1','2020-03-20 00:00:00'),

(7989,3149,2,'TCL 55A950C 55英寸32核人工智能 HDR曲面超薄4K电视金属机身（枪色）','http://JfJSvAnPkErYPcUsbgCuokhjxKiLeqpDXakZqFeE',3321.00,'1','2020-03-20 00:00:00'),

(7990,3149,3,'小米（MI）电视 55英寸曲面4K智能WiFi网络液晶电视机4S L55M5-AQ 小米电视4S 55英寸 曲面','http://LzpblavcZQeYEbwbSjsnmsgAjtpudhDradqsRgdZ',3100.00,'2','2020-03-20 00:00:00'),

(7991,3149,2,'TCL 55A950C 55英寸32核人工智能 HDR曲面超薄4K电视金属机身（枪色）','http://JfJSvAnPkErYPcUsbgCuokhjxKiLeqpDXakZqFeE',3321.00,'3','2020-03-20 00:00:00'),

(7992,3149,12,'联想(Lenovo)拯救者Y7000 英特尔酷睿i7 2019新款 15.6英寸发烧游戏本笔记本电脑（i7-9750H 8GB 512GB SSD GTX1650 4G 高色域','http://kAXllAQEzJWHwiExxVmyJIABfXyzbKwedeofMqwh',6699.00,'1','2020-03-20 00:00:00'),

(7993,3149,1,'荣耀10青春版 幻彩渐变 2400万AI自拍 全网通版4GB+64GB 渐变蓝 移动联通电信4G全面屏手机 双卡双待','http://AOvKmfRQEBRJJllwCwCuptVAOtBBcIjWeJRsmhbJ',2220.00,'1','2020-03-20 00:00:00'),

(7994,3149,7,'荣耀10青春版 幻彩渐变 2400万AI自拍 全网通版4GB+64GB 渐变蓝 移动联通电信4G全面屏手机 双卡双待','http://IJwhvJSuwaMHaevQQKZUzLkOsvYFiYsRhmLSjpZb',1553.00,'1','2020-03-20 00:00:00'),

(7995,3149,5,'十月稻田 沁州黄小米 (黄小米 五谷杂粮 山西特产 真空装 大米伴侣 粥米搭档) 2.5kg','http://INNButKuTkslasORPBmHACnJuccfsxmRxNuMznPm',244.00,'1','2020-03-20 00:00:00'),

(7996,3149,11,'联想(Lenovo)拯救者Y7000 2019新款 15.6英寸游戏本笔记本电脑（i7-9750H 8GB 1TB+256GB GTX1650 4G独显 黑）','http://kAXllAQEzJWHwiExxVmyJIABfXyzbKwedeofMqwh',6399.00,'1','2020-03-20 00:00:00'),

(7997,3149,7,'荣耀10青春版 幻彩渐变 2400万AI自拍 全网通版4GB+64GB 渐变蓝 移动联通电信4G全面屏手机 双卡双待','http://IJwhvJSuwaMHaevQQKZUzLkOsvYFiYsRhmLSjpZb',1553.00,'3','2020-03-20 00:00:00'),

(7998,3149,3,'小米（MI）电视 55英寸曲面4K智能WiFi网络液晶电视机4S L55M5-AQ 小米电视4S 55英寸 曲面','http://LzpblavcZQeYEbwbSjsnmsgAjtpudhDradqsRgdZ',3100.00,'1','2020-03-20 00:00:00'),

(7999,3150,2,'TCL 55A950C 55英寸32核人工智能 HDR曲面超薄4K电视金属机身（枪色）','http://JfJSvAnPkErYPcUsbgCuokhjxKiLeqpDXakZqFeE',3321.00,'2','2020-03-20 00:00:00'),

(8000,3150,9,'荣耀10 GT游戏加速 AIS手持夜景 6GB+64GB 幻影蓝全网通 移动联通电信','http://hNuKrFXZgFIzzZxnYeCxEDdJlbAwHUCbBChdXAKZ',2452.00,'1','2020-03-20 00:00:00'),

(8001,3150,4,'小米Play 流光渐变AI双摄 4GB+64GB 梦幻蓝 全网通4G 双卡双待 小水滴全面屏拍照游戏智能手机','http://SXlkutIjYpDWWTEpNUiisnlsevOHVElrdngQLgyZ',1442.00,'2','2020-03-20 00:00:00'),

(8002,3150,3,'小米（MI）电视 55英寸曲面4K智能WiFi网络液晶电视机4S L55M5-AQ 小米电视4S 55英寸 曲面','http://LzpblavcZQeYEbwbSjsnmsgAjtpudhDradqsRgdZ',3100.00,'2','2020-03-20 00:00:00'),

(8003,3151,10,'小米（MI） 小米路由器4 双千兆路由器 无线家用穿墙1200M高速双频wifi 千兆版 千兆端口光纤适用','http://kAXllAQEzJWHwiExxVmyJIABfXyzbKwedeofMqwh',222.00,'1','2020-03-20 00:00:00'),

(8004,3151,2,'TCL 55A950C 55英寸32核人工智能 HDR曲面超薄4K电视金属机身（枪色）','http://JfJSvAnPkErYPcUsbgCuokhjxKiLeqpDXakZqFeE',3321.00,'2','2020-03-20 00:00:00'),

(8005,3151,7,'荣耀10青春版 幻彩渐变 2400万AI自拍 全网通版4GB+64GB 渐变蓝 移动联通电信4G全面屏手机 双卡双待','http://IJwhvJSuwaMHaevQQKZUzLkOsvYFiYsRhmLSjpZb',1553.00,'1','2020-03-20 00:00:00'),

(8006,3152,2,'TCL 55A950C 55英寸32核人工智能 HDR曲面超薄4K电视金属机身（枪色）','http://JfJSvAnPkErYPcUsbgCuokhjxKiLeqpDXakZqFeE',3321.00,'3','2020-03-20 00:00:00'),

(8007,3152,5,'十月稻田 沁州黄小米 (黄小米 五谷杂粮 山西特产 真空装 大米伴侣 粥米搭档) 2.5kg','http://INNButKuTkslasORPBmHACnJuccfsxmRxNuMznPm',244.00,'2','2020-03-20 00:00:00'),

(8008,3152,3,'小米（MI）电视 55英寸曲面4K智能WiFi网络液晶电视机4S L55M5-AQ 小米电视4S 55英寸 曲面','http://LzpblavcZQeYEbwbSjsnmsgAjtpudhDradqsRgdZ',3100.00,'1','2020-03-20 00:00:00'),

(8009,3152,11,'联想(Lenovo)拯救者Y7000 2019新款 15.6英寸游戏本笔记本电脑（i7-9750H 8GB 1TB+256GB GTX1650 4G独显 黑）','http://kAXllAQEzJWHwiExxVmyJIABfXyzbKwedeofMqwh',6399.00,'2','2020-03-20 00:00:00'),

(8010,3152,5,'十月稻田 沁州黄小米 (黄小米 五谷杂粮 山西特产 真空装 大米伴侣 粥米搭档) 2.5kg','http://INNButKuTkslasORPBmHACnJuccfsxmRxNuMznPm',244.00,'3','2020-03-20 00:00:00'),

(8011,3152,4,'小米Play 流光渐变AI双摄 4GB+64GB 梦幻蓝 全网通4G 双卡双待 小水滴全面屏拍照游戏智能手机','http://SXlkutIjYpDWWTEpNUiisnlsevOHVElrdngQLgyZ',1442.00,'2','2020-03-20 00:00:00'),

(8012,3152,13,'联想(Lenovo)Y9000X 2019新款 15.6英寸高性能标压轻薄本笔记本电脑(i5-9300H 16G 512GSSD FHD)深空灰','http://kAXllAQEzJWHwiExxVmyJIABfXyzbKwedeofMqwh',7299.00,'1','2020-03-20 00:00:00'),

(8013,3152,3,'小米（MI）电视 55英寸曲面4K智能WiFi网络液晶电视机4S L55M5-AQ 小米电视4S 55英寸 曲面','http://LzpblavcZQeYEbwbSjsnmsgAjtpudhDradqsRgdZ',3100.00,'1','2020-03-20 00:00:00'),

(8014,3152,7,'荣耀10青春版 幻彩渐变 2400万AI自拍 全网通版4GB+64GB 渐变蓝 移动联通电信4G全面屏手机 双卡双待','http://IJwhvJSuwaMHaevQQKZUzLkOsvYFiYsRhmLSjpZb',1553.00,'1','2020-03-20 00:00:00'),

(8015,3152,2,'TCL 55A950C 55英寸32核人工智能 HDR曲面超薄4K电视金属机身（枪色）','http://JfJSvAnPkErYPcUsbgCuokhjxKiLeqpDXakZqFeE',3321.00,'1','2020-03-20 00:00:00'),

(8016,3152,9,'荣耀10 GT游戏加速 AIS手持夜景 6GB+64GB 幻影蓝全网通 移动联通电信','http://hNuKrFXZgFIzzZxnYeCxEDdJlbAwHUCbBChdXAKZ',2452.00,'3','2020-03-20 00:00:00'),

(8017,3152,5,'十月稻田 沁州黄小米 (黄小米 五谷杂粮 山西特产 真空装 大米伴侣 粥米搭档) 2.5kg','http://INNButKuTkslasORPBmHACnJuccfsxmRxNuMznPm',244.00,'1','2020-03-20 00:00:00'),

(8018,3153,7,'荣耀10青春版 幻彩渐变 2400万AI自拍 全网通版4GB+64GB 渐变蓝 移动联通电信4G全面屏手机 双卡双待','http://IJwhvJSuwaMHaevQQKZUzLkOsvYFiYsRhmLSjpZb',1553.00,'1','2020-03-20 00:00:00'),

(8019,3153,9,'荣耀10 GT游戏加速 AIS手持夜景 6GB+64GB 幻影蓝全网通 移动联通电信','http://hNuKrFXZgFIzzZxnYeCxEDdJlbAwHUCbBChdXAKZ',2452.00,'1','2020-03-20 00:00:00'),

(8020,3153,4,'小米Play 流光渐变AI双摄 4GB+64GB 梦幻蓝 全网通4G 双卡双待 小水滴全面屏拍照游戏智能手机','http://SXlkutIjYpDWWTEpNUiisnlsevOHVElrdngQLgyZ',1442.00,'3','2020-03-20 00:00:00'),

(8021,3153,11,'联想(Lenovo)拯救者Y7000 2019新款 15.6英寸游戏本笔记本电脑（i7-9750H 8GB 1TB+256GB GTX1650 4G独显 黑）','http://kAXllAQEzJWHwiExxVmyJIABfXyzbKwedeofMqwh',6399.00,'2','2020-03-20 00:00:00'),

(8022,3153,3,'小米（MI）电视 55英寸曲面4K智能WiFi网络液晶电视机4S L55M5-AQ 小米电视4S 55英寸 曲面','http://LzpblavcZQeYEbwbSjsnmsgAjtpudhDradqsRgdZ',3100.00,'3','2020-03-20 00:00:00'),

(8023,3154,13,'联想(Lenovo)Y9000X 2019新款 15.6英寸高性能标压轻薄本笔记本电脑(i5-9300H 16G 512GSSD FHD)深空灰','http://kAXllAQEzJWHwiExxVmyJIABfXyzbKwedeofMqwh',7299.00,'1','2020-03-20 00:00:00'),

(8024,3154,6,'北纯精制黄小米（小黄米 月子米 小米粥 粗粮杂粮 大米伴侣）2.18kg','http://lMddjKYNSaxpeAqbkWcxegrrHjayrosVDeLrABhg',145.00,'2','2020-03-20 00:00:00'),

(8025,3154,7,'荣耀10青春版 幻彩渐变 2400万AI自拍 全网通版4GB+64GB 渐变蓝 移动联通电信4G全面屏手机 双卡双待','http://IJwhvJSuwaMHaevQQKZUzLkOsvYFiYsRhmLSjpZb',1553.00,'3','2020-03-20 00:00:00'),

(8026,3155,9,'荣耀10 GT游戏加速 AIS手持夜景 6GB+64GB 幻影蓝全网通 移动联通电信','http://hNuKrFXZgFIzzZxnYeCxEDdJlbAwHUCbBChdXAKZ',2452.00,'1','2020-03-20 00:00:00'),

(8027,3155,7,'荣耀10青春版 幻彩渐变 2400万AI自拍 全网通版4GB+64GB 渐变蓝 移动联通电信4G全面屏手机 双卡双待','http://IJwhvJSuwaMHaevQQKZUzLkOsvYFiYsRhmLSjpZb',1553.00,'2','2020-03-20 00:00:00'),

(8028,3156,5,'十月稻田 沁州黄小米 (黄小米 五谷杂粮 山西特产 真空装 大米伴侣 粥米搭档) 2.5kg','http://INNButKuTkslasORPBmHACnJuccfsxmRxNuMznPm',244.00,'3','2020-03-20 00:00:00'),

(8029,3156,12,'联想(Lenovo)拯救者Y7000 英特尔酷睿i7 2019新款 15.6英寸发烧游戏本笔记本电脑（i7-9750H 8GB 512GB SSD GTX1650 4G 高色域','http://kAXllAQEzJWHwiExxVmyJIABfXyzbKwedeofMqwh',6699.00,'2','2020-03-20 00:00:00'),

(8030,3157,10,'小米（MI） 小米路由器4 双千兆路由器 无线家用穿墙1200M高速双频wifi 千兆版 千兆端口光纤适用','http://kAXllAQEzJWHwiExxVmyJIABfXyzbKwedeofMqwh',222.00,'3','2020-03-20 00:00:00'),

(8031,3157,7,'荣耀10青春版 幻彩渐变 2400万AI自拍 全网通版4GB+64GB 渐变蓝 移动联通电信4G全面屏手机 双卡双待','http://IJwhvJSuwaMHaevQQKZUzLkOsvYFiYsRhmLSjpZb',1553.00,'3','2020-03-20 00:00:00'),

(8032,3157,8,'Apple iPhoneXSMax (A2104) 256GB 深空灰色 移动联通电信4G手机 双卡双待','http://RFCTOnWWRtrJdygmPqiUXdBvyhqiTTOnXYagFJDP',8900.00,'1','2020-03-20 00:00:00'),

(8033,3157,9,'荣耀10 GT游戏加速 AIS手持夜景 6GB+64GB 幻影蓝全网通 移动联通电信','http://hNuKrFXZgFIzzZxnYeCxEDdJlbAwHUCbBChdXAKZ',2452.00,'1','2020-03-20 00:00:00'),

(8034,3158,8,'Apple iPhoneXSMax (A2104) 256GB 深空灰色 移动联通电信4G手机 双卡双待','http://RFCTOnWWRtrJdygmPqiUXdBvyhqiTTOnXYagFJDP',8900.00,'1','2020-03-20 00:00:00'),

(8035,3158,6,'北纯精制黄小米（小黄米 月子米 小米粥 粗粮杂粮 大米伴侣）2.18kg','http://lMddjKYNSaxpeAqbkWcxegrrHjayrosVDeLrABhg',145.00,'1','2020-03-20 00:00:00'),

(8036,3158,6,'北纯精制黄小米（小黄米 月子米 小米粥 粗粮杂粮 大米伴侣）2.18kg','http://lMddjKYNSaxpeAqbkWcxegrrHjayrosVDeLrABhg',145.00,'2','2020-03-20 00:00:00'),

(8037,3159,5,'十月稻田 沁州黄小米 (黄小米 五谷杂粮 山西特产 真空装 大米伴侣 粥米搭档) 2.5kg','http://INNButKuTkslasORPBmHACnJuccfsxmRxNuMznPm',244.00,'3','2020-03-20 00:00:00'),

(8038,3159,9,'荣耀10 GT游戏加速 AIS手持夜景 6GB+64GB 幻影蓝全网通 移动联通电信','http://hNuKrFXZgFIzzZxnYeCxEDdJlbAwHUCbBChdXAKZ',2452.00,'1','2020-03-20 00:00:00'),

(8039,3160,11,'联想(Lenovo)拯救者Y7000 2019新款 15.6英寸游戏本笔记本电脑（i7-9750H 8GB 1TB+256GB GTX1650 4G独显 黑）','http://kAXllAQEzJWHwiExxVmyJIABfXyzbKwedeofMqwh',6399.00,'3','2020-03-20 00:00:00'),

(8040,3160,1,'荣耀10青春版 幻彩渐变 2400万AI自拍 全网通版4GB+64GB 渐变蓝 移动联通电信4G全面屏手机 双卡双待','http://AOvKmfRQEBRJJllwCwCuptVAOtBBcIjWeJRsmhbJ',2220.00,'3','2020-03-20 00:00:00'),

(8041,3160,4,'小米Play 流光渐变AI双摄 4GB+64GB 梦幻蓝 全网通4G 双卡双待 小水滴全面屏拍照游戏智能手机','http://SXlkutIjYpDWWTEpNUiisnlsevOHVElrdngQLgyZ',1442.00,'2','2020-03-20 00:00:00'),

(8042,3160,2,'TCL 55A950C 55英寸32核人工智能 HDR曲面超薄4K电视金属机身（枪色）','http://JfJSvAnPkErYPcUsbgCuokhjxKiLeqpDXakZqFeE',3321.00,'3','2020-03-20 00:00:00'),

(8043,3160,7,'荣耀10青春版 幻彩渐变 2400万AI自拍 全网通版4GB+64GB 渐变蓝 移动联通电信4G全面屏手机 双卡双待','http://IJwhvJSuwaMHaevQQKZUzLkOsvYFiYsRhmLSjpZb',1553.00,'1','2020-03-20 00:00:00'),

(8044,3160,13,'联想(Lenovo)Y9000X 2019新款 15.6英寸高性能标压轻薄本笔记本电脑(i5-9300H 16G 512GSSD FHD)深空灰','http://kAXllAQEzJWHwiExxVmyJIABfXyzbKwedeofMqwh',7299.00,'3','2020-03-20 00:00:00'),

(8045,3161,6,'北纯精制黄小米（小黄米 月子米 小米粥 粗粮杂粮 大米伴侣）2.18kg','http://lMddjKYNSaxpeAqbkWcxegrrHjayrosVDeLrABhg',145.00,'1','2020-03-20 00:00:00'),

(8046,3161,5,'十月稻田 沁州黄小米 (黄小米 五谷杂粮 山西特产 真空装 大米伴侣 粥米搭档) 2.5kg','http://INNButKuTkslasORPBmHACnJuccfsxmRxNuMznPm',244.00,'3','2020-03-20 00:00:00'),

(8047,3161,4,'小米Play 流光渐变AI双摄 4GB+64GB 梦幻蓝 全网通4G 双卡双待 小水滴全面屏拍照游戏智能手机','http://SXlkutIjYpDWWTEpNUiisnlsevOHVElrdngQLgyZ',1442.00,'2','2020-03-20 00:00:00'),

(8048,3161,8,'Apple iPhoneXSMax (A2104) 256GB 深空灰色 移动联通电信4G手机 双卡双待','http://RFCTOnWWRtrJdygmPqiUXdBvyhqiTTOnXYagFJDP',8900.00,'1','2020-03-20 00:00:00'),

(8049,3162,9,'荣耀10 GT游戏加速 AIS手持夜景 6GB+64GB 幻影蓝全网通 移动联通电信','http://hNuKrFXZgFIzzZxnYeCxEDdJlbAwHUCbBChdXAKZ',2452.00,'3','2020-03-20 00:00:00'),

(8050,3162,7,'荣耀10青春版 幻彩渐变 2400万AI自拍 全网通版4GB+64GB 渐变蓝 移动联通电信4G全面屏手机 双卡双待','http://IJwhvJSuwaMHaevQQKZUzLkOsvYFiYsRhmLSjpZb',1553.00,'2','2020-03-20 00:00:00'),

(8051,3162,9,'荣耀10 GT游戏加速 AIS手持夜景 6GB+64GB 幻影蓝全网通 移动联通电信','http://hNuKrFXZgFIzzZxnYeCxEDdJlbAwHUCbBChdXAKZ',2452.00,'3','2020-03-20 00:00:00'),

(8052,3162,5,'十月稻田 沁州黄小米 (黄小米 五谷杂粮 山西特产 真空装 大米伴侣 粥米搭档) 2.5kg','http://INNButKuTkslasORPBmHACnJuccfsxmRxNuMznPm',244.00,'3','2020-03-20 00:00:00'),

(8053,3163,13,'联想(Lenovo)Y9000X 2019新款 15.6英寸高性能标压轻薄本笔记本电脑(i5-9300H 16G 512GSSD FHD)深空灰','http://kAXllAQEzJWHwiExxVmyJIABfXyzbKwedeofMqwh',7299.00,'3','2020-03-20 00:00:00'),

(8054,3163,5,'十月稻田 沁州黄小米 (黄小米 五谷杂粮 山西特产 真空装 大米伴侣 粥米搭档) 2.5kg','http://INNButKuTkslasORPBmHACnJuccfsxmRxNuMznPm',244.00,'1','2020-03-20 00:00:00'),

(8055,3163,4,'小米Play 流光渐变AI双摄 4GB+64GB 梦幻蓝 全网通4G 双卡双待 小水滴全面屏拍照游戏智能手机','http://SXlkutIjYpDWWTEpNUiisnlsevOHVElrdngQLgyZ',1442.00,'3','2020-03-20 00:00:00'),

(8056,3163,5,'十月稻田 沁州黄小米 (黄小米 五谷杂粮 山西特产 真空装 大米伴侣 粥米搭档) 2.5kg','http://INNButKuTkslasORPBmHACnJuccfsxmRxNuMznPm',244.00,'2','2020-03-20 00:00:00'),

(8057,3163,12,'联想(Lenovo)拯救者Y7000 英特尔酷睿i7 2019新款 15.6英寸发烧游戏本笔记本电脑（i7-9750H 8GB 512GB SSD GTX1650 4G 高色域','http://kAXllAQEzJWHwiExxVmyJIABfXyzbKwedeofMqwh',6699.00,'3','2020-03-20 00:00:00'),

(8058,3163,10,'小米（MI） 小米路由器4 双千兆路由器 无线家用穿墙1200M高速双频wifi 千兆版 千兆端口光纤适用','http://kAXllAQEzJWHwiExxVmyJIABfXyzbKwedeofMqwh',222.00,'2','2020-03-20 00:00:00'),

(8059,3163,10,'小米（MI） 小米路由器4 双千兆路由器 无线家用穿墙1200M高速双频wifi 千兆版 千兆端口光纤适用','http://kAXllAQEzJWHwiExxVmyJIABfXyzbKwedeofMqwh',222.00,'3','2020-03-20 00:00:00'),

(8060,3164,8,'Apple iPhoneXSMax (A2104) 256GB 深空灰色 移动联通电信4G手机 双卡双待','http://RFCTOnWWRtrJdygmPqiUXdBvyhqiTTOnXYagFJDP',8900.00,'1','2020-03-20 00:00:00'),

(8061,3164,6,'北纯精制黄小米（小黄米 月子米 小米粥 粗粮杂粮 大米伴侣）2.18kg','http://lMddjKYNSaxpeAqbkWcxegrrHjayrosVDeLrABhg',145.00,'2','2020-03-20 00:00:00'),

(8062,3164,10,'小米（MI） 小米路由器4 双千兆路由器 无线家用穿墙1200M高速双频wifi 千兆版 千兆端口光纤适用','http://kAXllAQEzJWHwiExxVmyJIABfXyzbKwedeofMqwh',222.00,'3','2020-03-20 00:00:00'),

(8063,3164,11,'联想(Lenovo)拯救者Y7000 2019新款 15.6英寸游戏本笔记本电脑（i7-9750H 8GB 1TB+256GB GTX1650 4G独显 黑）','http://kAXllAQEzJWHwiExxVmyJIABfXyzbKwedeofMqwh',6399.00,'1','2020-03-20 00:00:00'),

(8064,3164,8,'Apple iPhoneXSMax (A2104) 256GB 深空灰色 移动联通电信4G手机 双卡双待','http://RFCTOnWWRtrJdygmPqiUXdBvyhqiTTOnXYagFJDP',8900.00,'3','2020-03-20 00:00:00'),

(8065,3164,1,'荣耀10青春版 幻彩渐变 2400万AI自拍 全网通版4GB+64GB 渐变蓝 移动联通电信4G全面屏手机 双卡双待','http://AOvKmfRQEBRJJllwCwCuptVAOtBBcIjWeJRsmhbJ',2220.00,'2','2020-03-20 00:00:00'),

(8066,3165,12,'联想(Lenovo)拯救者Y7000 英特尔酷睿i7 2019新款 15.6英寸发烧游戏本笔记本电脑（i7-9750H 8GB 512GB SSD GTX1650 4G 高色域','http://kAXllAQEzJWHwiExxVmyJIABfXyzbKwedeofMqwh',6699.00,'1','2020-03-20 00:00:00'),

(8067,3165,2,'TCL 55A950C 55英寸32核人工智能 HDR曲面超薄4K电视金属机身（枪色）','http://JfJSvAnPkErYPcUsbgCuokhjxKiLeqpDXakZqFeE',3321.00,'2','2020-03-20 00:00:00'),

(8068,3165,7,'荣耀10青春版 幻彩渐变 2400万AI自拍 全网通版4GB+64GB 渐变蓝 移动联通电信4G全面屏手机 双卡双待','http://IJwhvJSuwaMHaevQQKZUzLkOsvYFiYsRhmLSjpZb',1553.00,'3','2020-03-20 00:00:00'),

(8069,3165,7,'荣耀10青春版 幻彩渐变 2400万AI自拍 全网通版4GB+64GB 渐变蓝 移动联通电信4G全面屏手机 双卡双待','http://IJwhvJSuwaMHaevQQKZUzLkOsvYFiYsRhmLSjpZb',1553.00,'1','2020-03-20 00:00:00'),

(8070,3165,1,'荣耀10青春版 幻彩渐变 2400万AI自拍 全网通版4GB+64GB 渐变蓝 移动联通电信4G全面屏手机 双卡双待','http://AOvKmfRQEBRJJllwCwCuptVAOtBBcIjWeJRsmhbJ',2220.00,'3','2020-03-20 00:00:00'),

(8071,3165,10,'小米（MI） 小米路由器4 双千兆路由器 无线家用穿墙1200M高速双频wifi 千兆版 千兆端口光纤适用','http://kAXllAQEzJWHwiExxVmyJIABfXyzbKwedeofMqwh',222.00,'3','2020-03-20 00:00:00'),

(8072,3166,1,'荣耀10青春版 幻彩渐变 2400万AI自拍 全网通版4GB+64GB 渐变蓝 移动联通电信4G全面屏手机 双卡双待','http://AOvKmfRQEBRJJllwCwCuptVAOtBBcIjWeJRsmhbJ',2220.00,'2','2020-03-20 00:00:00'),

(8073,3166,7,'荣耀10青春版 幻彩渐变 2400万AI自拍 全网通版4GB+64GB 渐变蓝 移动联通电信4G全面屏手机 双卡双待','http://IJwhvJSuwaMHaevQQKZUzLkOsvYFiYsRhmLSjpZb',1553.00,'2','2020-03-20 00:00:00'),

(8074,3166,7,'荣耀10青春版 幻彩渐变 2400万AI自拍 全网通版4GB+64GB 渐变蓝 移动联通电信4G全面屏手机 双卡双待','http://IJwhvJSuwaMHaevQQKZUzLkOsvYFiYsRhmLSjpZb',1553.00,'3','2020-03-20 00:00:00'),

(8075,3166,7,'荣耀10青春版 幻彩渐变 2400万AI自拍 全网通版4GB+64GB 渐变蓝 移动联通电信4G全面屏手机 双卡双待','http://IJwhvJSuwaMHaevQQKZUzLkOsvYFiYsRhmLSjpZb',1553.00,'3','2020-03-20 00:00:00'),

(8076,3166,5,'十月稻田 沁州黄小米 (黄小米 五谷杂粮 山西特产 真空装 大米伴侣 粥米搭档) 2.5kg','http://INNButKuTkslasORPBmHACnJuccfsxmRxNuMznPm',244.00,'3','2020-03-20 00:00:00'),

(8077,3166,3,'小米（MI）电视 55英寸曲面4K智能WiFi网络液晶电视机4S L55M5-AQ 小米电视4S 55英寸 曲面','http://LzpblavcZQeYEbwbSjsnmsgAjtpudhDradqsRgdZ',3100.00,'1','2020-03-20 00:00:00'),

(8078,3167,11,'联想(Lenovo)拯救者Y7000 2019新款 15.6英寸游戏本笔记本电脑（i7-9750H 8GB 1TB+256GB GTX1650 4G独显 黑）','http://kAXllAQEzJWHwiExxVmyJIABfXyzbKwedeofMqwh',6399.00,'3','2020-03-20 00:00:00'),

(8079,3167,12,'联想(Lenovo)拯救者Y7000 英特尔酷睿i7 2019新款 15.6英寸发烧游戏本笔记本电脑（i7-9750H 8GB 512GB SSD GTX1650 4G 高色域','http://kAXllAQEzJWHwiExxVmyJIABfXyzbKwedeofMqwh',6699.00,'3','2020-03-20 00:00:00'),

(8080,3167,7,'荣耀10青春版 幻彩渐变 2400万AI自拍 全网通版4GB+64GB 渐变蓝 移动联通电信4G全面屏手机 双卡双待','http://IJwhvJSuwaMHaevQQKZUzLkOsvYFiYsRhmLSjpZb',1553.00,'2','2020-03-20 00:00:00'),

(8081,3167,6,'北纯精制黄小米（小黄米 月子米 小米粥 粗粮杂粮 大米伴侣）2.18kg','http://lMddjKYNSaxpeAqbkWcxegrrHjayrosVDeLrABhg',145.00,'2','2020-03-20 00:00:00'),

(8082,3167,1,'荣耀10青春版 幻彩渐变 2400万AI自拍 全网通版4GB+64GB 渐变蓝 移动联通电信4G全面屏手机 双卡双待','http://AOvKmfRQEBRJJllwCwCuptVAOtBBcIjWeJRsmhbJ',2220.00,'1','2020-03-20 00:00:00'),

(8083,3167,13,'联想(Lenovo)Y9000X 2019新款 15.6英寸高性能标压轻薄本笔记本电脑(i5-9300H 16G 512GSSD FHD)深空灰','http://kAXllAQEzJWHwiExxVmyJIABfXyzbKwedeofMqwh',7299.00,'3','2020-03-20 00:00:00'),

(8084,3168,5,'十月稻田 沁州黄小米 (黄小米 五谷杂粮 山西特产 真空装 大米伴侣 粥米搭档) 2.5kg','http://INNButKuTkslasORPBmHACnJuccfsxmRxNuMznPm',244.00,'3','2020-03-20 00:00:00'),

(8085,3169,10,'小米（MI） 小米路由器4 双千兆路由器 无线家用穿墙1200M高速双频wifi 千兆版 千兆端口光纤适用','http://kAXllAQEzJWHwiExxVmyJIABfXyzbKwedeofMqwh',222.00,'3','2020-03-20 00:00:00'),

(8086,3169,8,'Apple iPhoneXSMax (A2104) 256GB 深空灰色 移动联通电信4G手机 双卡双待','http://RFCTOnWWRtrJdygmPqiUXdBvyhqiTTOnXYagFJDP',8900.00,'1','2020-03-20 00:00:00'),

(8087,3169,9,'荣耀10 GT游戏加速 AIS手持夜景 6GB+64GB 幻影蓝全网通 移动联通电信','http://hNuKrFXZgFIzzZxnYeCxEDdJlbAwHUCbBChdXAKZ',2452.00,'1','2020-03-20 00:00:00'),

(8088,3169,11,'联想(Lenovo)拯救者Y7000 2019新款 15.6英寸游戏本笔记本电脑（i7-9750H 8GB 1TB+256GB GTX1650 4G独显 黑）','http://kAXllAQEzJWHwiExxVmyJIABfXyzbKwedeofMqwh',6399.00,'3','2020-03-20 00:00:00'),

(8089,3170,5,'十月稻田 沁州黄小米 (黄小米 五谷杂粮 山西特产 真空装 大米伴侣 粥米搭档) 2.5kg','http://INNButKuTkslasORPBmHACnJuccfsxmRxNuMznPm',244.00,'2','2020-03-20 00:00:00'),

(8090,3170,4,'小米Play 流光渐变AI双摄 4GB+64GB 梦幻蓝 全网通4G 双卡双待 小水滴全面屏拍照游戏智能手机','http://SXlkutIjYpDWWTEpNUiisnlsevOHVElrdngQLgyZ',1442.00,'2','2020-03-20 00:00:00'),

(8091,3170,12,'联想(Lenovo)拯救者Y7000 英特尔酷睿i7 2019新款 15.6英寸发烧游戏本笔记本电脑（i7-9750H 8GB 512GB SSD GTX1650 4G 高色域','http://kAXllAQEzJWHwiExxVmyJIABfXyzbKwedeofMqwh',6699.00,'3','2020-03-20 00:00:00'),

(8092,3170,9,'荣耀10 GT游戏加速 AIS手持夜景 6GB+64GB 幻影蓝全网通 移动联通电信','http://hNuKrFXZgFIzzZxnYeCxEDdJlbAwHUCbBChdXAKZ',2452.00,'2','2020-03-20 00:00:00'),

(8093,3170,6,'北纯精制黄小米（小黄米 月子米 小米粥 粗粮杂粮 大米伴侣）2.18kg','http://lMddjKYNSaxpeAqbkWcxegrrHjayrosVDeLrABhg',145.00,'3','2020-03-20 00:00:00'),

(8094,3170,11,'联想(Lenovo)拯救者Y7000 2019新款 15.6英寸游戏本笔记本电脑（i7-9750H 8GB 1TB+256GB GTX1650 4G独显 黑）','http://kAXllAQEzJWHwiExxVmyJIABfXyzbKwedeofMqwh',6399.00,'3','2020-03-20 00:00:00'),

(8095,3170,6,'北纯精制黄小米（小黄米 月子米 小米粥 粗粮杂粮 大米伴侣）2.18kg','http://lMddjKYNSaxpeAqbkWcxegrrHjayrosVDeLrABhg',145.00,'2','2020-03-20 00:00:00'),

(8096,3171,1,'荣耀10青春版 幻彩渐变 2400万AI自拍 全网通版4GB+64GB 渐变蓝 移动联通电信4G全面屏手机 双卡双待','http://AOvKmfRQEBRJJllwCwCuptVAOtBBcIjWeJRsmhbJ',2220.00,'3','2020-03-20 00:00:00'),

(8097,3171,10,'小米（MI） 小米路由器4 双千兆路由器 无线家用穿墙1200M高速双频wifi 千兆版 千兆端口光纤适用','http://kAXllAQEzJWHwiExxVmyJIABfXyzbKwedeofMqwh',222.00,'3','2020-03-20 00:00:00'),

(8098,3171,5,'十月稻田 沁州黄小米 (黄小米 五谷杂粮 山西特产 真空装 大米伴侣 粥米搭档) 2.5kg','http://INNButKuTkslasORPBmHACnJuccfsxmRxNuMznPm',244.00,'1','2020-03-20 00:00:00'),

(8099,3171,11,'联想(Lenovo)拯救者Y7000 2019新款 15.6英寸游戏本笔记本电脑（i7-9750H 8GB 1TB+256GB GTX1650 4G独显 黑）','http://kAXllAQEzJWHwiExxVmyJIABfXyzbKwedeofMqwh',6399.00,'2','2020-03-20 00:00:00'),

(8100,3171,2,'TCL 55A950C 55英寸32核人工智能 HDR曲面超薄4K电视金属机身（枪色）','http://JfJSvAnPkErYPcUsbgCuokhjxKiLeqpDXakZqFeE',3321.00,'1','2020-03-20 00:00:00'),

(8101,3171,6,'北纯精制黄小米（小黄米 月子米 小米粥 粗粮杂粮 大米伴侣）2.18kg','http://lMddjKYNSaxpeAqbkWcxegrrHjayrosVDeLrABhg',145.00,'1','2020-03-20 00:00:00'),

(8102,3171,4,'小米Play 流光渐变AI双摄 4GB+64GB 梦幻蓝 全网通4G 双卡双待 小水滴全面屏拍照游戏智能手机','http://SXlkutIjYpDWWTEpNUiisnlsevOHVElrdngQLgyZ',1442.00,'1','2020-03-20 00:00:00'),

(8103,3171,7,'荣耀10青春版 幻彩渐变 2400万AI自拍 全网通版4GB+64GB 渐变蓝 移动联通电信4G全面屏手机 双卡双待','http://IJwhvJSuwaMHaevQQKZUzLkOsvYFiYsRhmLSjpZb',1553.00,'3','2020-03-20 00:00:00'),

(8104,3171,9,'荣耀10 GT游戏加速 AIS手持夜景 6GB+64GB 幻影蓝全网通 移动联通电信','http://hNuKrFXZgFIzzZxnYeCxEDdJlbAwHUCbBChdXAKZ',2452.00,'1','2020-03-20 00:00:00'),

(8105,3171,3,'小米（MI）电视 55英寸曲面4K智能WiFi网络液晶电视机4S L55M5-AQ 小米电视4S 55英寸 曲面','http://LzpblavcZQeYEbwbSjsnmsgAjtpudhDradqsRgdZ',3100.00,'1','2020-03-20 00:00:00'),

(8106,3171,7,'荣耀10青春版 幻彩渐变 2400万AI自拍 全网通版4GB+64GB 渐变蓝 移动联通电信4G全面屏手机 双卡双待','http://IJwhvJSuwaMHaevQQKZUzLkOsvYFiYsRhmLSjpZb',1553.00,'3','2020-03-20 00:00:00'),

(8107,3172,5,'十月稻田 沁州黄小米 (黄小米 五谷杂粮 山西特产 真空装 大米伴侣 粥米搭档) 2.5kg','http://INNButKuTkslasORPBmHACnJuccfsxmRxNuMznPm',244.00,'1','2020-03-20 00:00:00'),

(8108,3172,3,'小米（MI）电视 55英寸曲面4K智能WiFi网络液晶电视机4S L55M5-AQ 小米电视4S 55英寸 曲面','http://LzpblavcZQeYEbwbSjsnmsgAjtpudhDradqsRgdZ',3100.00,'3','2020-03-20 00:00:00'),

(8109,3173,4,'小米Play 流光渐变AI双摄 4GB+64GB 梦幻蓝 全网通4G 双卡双待 小水滴全面屏拍照游戏智能手机','http://SXlkutIjYpDWWTEpNUiisnlsevOHVElrdngQLgyZ',1442.00,'3','2020-03-20 00:00:00'),

(8110,3173,11,'联想(Lenovo)拯救者Y7000 2019新款 15.6英寸游戏本笔记本电脑（i7-9750H 8GB 1TB+256GB GTX1650 4G独显 黑）','http://kAXllAQEzJWHwiExxVmyJIABfXyzbKwedeofMqwh',6399.00,'3','2020-03-20 00:00:00'),

(8111,3173,11,'联想(Lenovo)拯救者Y7000 2019新款 15.6英寸游戏本笔记本电脑（i7-9750H 8GB 1TB+256GB GTX1650 4G独显 黑）','http://kAXllAQEzJWHwiExxVmyJIABfXyzbKwedeofMqwh',6399.00,'2','2020-03-20 00:00:00'),

(8112,3174,4,'小米Play 流光渐变AI双摄 4GB+64GB 梦幻蓝 全网通4G 双卡双待 小水滴全面屏拍照游戏智能手机','http://SXlkutIjYpDWWTEpNUiisnlsevOHVElrdngQLgyZ',1442.00,'2','2020-03-20 00:00:00'),

(8113,3174,5,'十月稻田 沁州黄小米 (黄小米 五谷杂粮 山西特产 真空装 大米伴侣 粥米搭档) 2.5kg','http://INNButKuTkslasORPBmHACnJuccfsxmRxNuMznPm',244.00,'3','2020-03-20 00:00:00'),

(8114,3174,13,'联想(Lenovo)Y9000X 2019新款 15.6英寸高性能标压轻薄本笔记本电脑(i5-9300H 16G 512GSSD FHD)深空灰','http://kAXllAQEzJWHwiExxVmyJIABfXyzbKwedeofMqwh',7299.00,'2','2020-03-20 00:00:00'),

(8115,3174,9,'荣耀10 GT游戏加速 AIS手持夜景 6GB+64GB 幻影蓝全网通 移动联通电信','http://hNuKrFXZgFIzzZxnYeCxEDdJlbAwHUCbBChdXAKZ',2452.00,'3','2020-03-20 00:00:00'),

(8116,3174,6,'北纯精制黄小米（小黄米 月子米 小米粥 粗粮杂粮 大米伴侣）2.18kg','http://lMddjKYNSaxpeAqbkWcxegrrHjayrosVDeLrABhg',145.00,'1','2020-03-20 00:00:00'),

(8117,3175,4,'小米Play 流光渐变AI双摄 4GB+64GB 梦幻蓝 全网通4G 双卡双待 小水滴全面屏拍照游戏智能手机','http://SXlkutIjYpDWWTEpNUiisnlsevOHVElrdngQLgyZ',1442.00,'2','2020-03-20 00:00:00'),

(8118,3176,9,'荣耀10 GT游戏加速 AIS手持夜景 6GB+64GB 幻影蓝全网通 移动联通电信','http://hNuKrFXZgFIzzZxnYeCxEDdJlbAwHUCbBChdXAKZ',2452.00,'1','2020-03-20 00:00:00'),

(8119,3176,4,'小米Play 流光渐变AI双摄 4GB+64GB 梦幻蓝 全网通4G 双卡双待 小水滴全面屏拍照游戏智能手机','http://SXlkutIjYpDWWTEpNUiisnlsevOHVElrdngQLgyZ',1442.00,'3','2020-03-20 00:00:00'),

(8120,3176,5,'十月稻田 沁州黄小米 (黄小米 五谷杂粮 山西特产 真空装 大米伴侣 粥米搭档) 2.5kg','http://INNButKuTkslasORPBmHACnJuccfsxmRxNuMznPm',244.00,'2','2020-03-20 00:00:00'),

(8121,3176,9,'荣耀10 GT游戏加速 AIS手持夜景 6GB+64GB 幻影蓝全网通 移动联通电信','http://hNuKrFXZgFIzzZxnYeCxEDdJlbAwHUCbBChdXAKZ',2452.00,'1','2020-03-20 00:00:00'),

(8122,3176,13,'联想(Lenovo)Y9000X 2019新款 15.6英寸高性能标压轻薄本笔记本电脑(i5-9300H 16G 512GSSD FHD)深空灰','http://kAXllAQEzJWHwiExxVmyJIABfXyzbKwedeofMqwh',7299.00,'2','2020-03-20 00:00:00'),

(8123,3176,11,'联想(Lenovo)拯救者Y7000 2019新款 15.6英寸游戏本笔记本电脑（i7-9750H 8GB 1TB+256GB GTX1650 4G独显 黑）','http://kAXllAQEzJWHwiExxVmyJIABfXyzbKwedeofMqwh',6399.00,'2','2020-03-20 00:00:00'),

(8124,3176,3,'小米（MI）电视 55英寸曲面4K智能WiFi网络液晶电视机4S L55M5-AQ 小米电视4S 55英寸 曲面','http://LzpblavcZQeYEbwbSjsnmsgAjtpudhDradqsRgdZ',3100.00,'3','2020-03-20 00:00:00'),

(8125,3176,6,'北纯精制黄小米（小黄米 月子米 小米粥 粗粮杂粮 大米伴侣）2.18kg','http://lMddjKYNSaxpeAqbkWcxegrrHjayrosVDeLrABhg',145.00,'3','2020-03-20 00:00:00'),

(8126,3176,7,'荣耀10青春版 幻彩渐变 2400万AI自拍 全网通版4GB+64GB 渐变蓝 移动联通电信4G全面屏手机 双卡双待','http://IJwhvJSuwaMHaevQQKZUzLkOsvYFiYsRhmLSjpZb',1553.00,'2','2020-03-20 00:00:00'),

(8127,3177,2,'TCL 55A950C 55英寸32核人工智能 HDR曲面超薄4K电视金属机身（枪色）','http://JfJSvAnPkErYPcUsbgCuokhjxKiLeqpDXakZqFeE',3321.00,'3','2020-03-20 00:00:00'),

(8128,3177,9,'荣耀10 GT游戏加速 AIS手持夜景 6GB+64GB 幻影蓝全网通 移动联通电信','http://hNuKrFXZgFIzzZxnYeCxEDdJlbAwHUCbBChdXAKZ',2452.00,'2','2020-03-20 00:00:00'),

(8129,3177,3,'小米（MI）电视 55英寸曲面4K智能WiFi网络液晶电视机4S L55M5-AQ 小米电视4S 55英寸 曲面','http://LzpblavcZQeYEbwbSjsnmsgAjtpudhDradqsRgdZ',3100.00,'3','2020-03-20 00:00:00'),

(8130,3177,10,'小米（MI） 小米路由器4 双千兆路由器 无线家用穿墙1200M高速双频wifi 千兆版 千兆端口光纤适用','http://kAXllAQEzJWHwiExxVmyJIABfXyzbKwedeofMqwh',222.00,'1','2020-03-20 00:00:00'),

(8131,3177,11,'联想(Lenovo)拯救者Y7000 2019新款 15.6英寸游戏本笔记本电脑（i7-9750H 8GB 1TB+256GB GTX1650 4G独显 黑）','http://kAXllAQEzJWHwiExxVmyJIABfXyzbKwedeofMqwh',6399.00,'3','2020-03-20 00:00:00'),

(8132,3177,10,'小米（MI） 小米路由器4 双千兆路由器 无线家用穿墙1200M高速双频wifi 千兆版 千兆端口光纤适用','http://kAXllAQEzJWHwiExxVmyJIABfXyzbKwedeofMqwh',222.00,'2','2020-03-20 00:00:00'),

(8133,3177,2,'TCL 55A950C 55英寸32核人工智能 HDR曲面超薄4K电视金属机身（枪色）','http://JfJSvAnPkErYPcUsbgCuokhjxKiLeqpDXakZqFeE',3321.00,'2','2020-03-20 00:00:00'),

(8134,3177,5,'十月稻田 沁州黄小米 (黄小米 五谷杂粮 山西特产 真空装 大米伴侣 粥米搭档) 2.5kg','http://INNButKuTkslasORPBmHACnJuccfsxmRxNuMznPm',244.00,'3','2020-03-20 00:00:00'),

(8135,3177,12,'联想(Lenovo)拯救者Y7000 英特尔酷睿i7 2019新款 15.6英寸发烧游戏本笔记本电脑（i7-9750H 8GB 512GB SSD GTX1650 4G 高色域','http://kAXllAQEzJWHwiExxVmyJIABfXyzbKwedeofMqwh',6699.00,'3','2020-03-20 00:00:00'),

(8136,3177,10,'小米（MI） 小米路由器4 双千兆路由器 无线家用穿墙1200M高速双频wifi 千兆版 千兆端口光纤适用','http://kAXllAQEzJWHwiExxVmyJIABfXyzbKwedeofMqwh',222.00,'2','2020-03-20 00:00:00'),

(8137,3178,13,'联想(Lenovo)Y9000X 2019新款 15.6英寸高性能标压轻薄本笔记本电脑(i5-9300H 16G 512GSSD FHD)深空灰','http://kAXllAQEzJWHwiExxVmyJIABfXyzbKwedeofMqwh',7299.00,'1','2020-03-20 00:00:00'),

(8138,3179,5,'十月稻田 沁州黄小米 (黄小米 五谷杂粮 山西特产 真空装 大米伴侣 粥米搭档) 2.5kg','http://INNButKuTkslasORPBmHACnJuccfsxmRxNuMznPm',244.00,'2','2020-03-20 00:00:00'),

(8139,3179,3,'小米（MI）电视 55英寸曲面4K智能WiFi网络液晶电视机4S L55M5-AQ 小米电视4S 55英寸 曲面','http://LzpblavcZQeYEbwbSjsnmsgAjtpudhDradqsRgdZ',3100.00,'1','2020-03-20 00:00:00'),

(8140,3179,11,'联想(Lenovo)拯救者Y7000 2019新款 15.6英寸游戏本笔记本电脑（i7-9750H 8GB 1TB+256GB GTX1650 4G独显 黑）','http://kAXllAQEzJWHwiExxVmyJIABfXyzbKwedeofMqwh',6399.00,'2','2020-03-20 00:00:00'),

(8141,3179,13,'联想(Lenovo)Y9000X 2019新款 15.6英寸高性能标压轻薄本笔记本电脑(i5-9300H 16G 512GSSD FHD)深空灰','http://kAXllAQEzJWHwiExxVmyJIABfXyzbKwedeofMqwh',7299.00,'1','2020-03-20 00:00:00'),

(8142,3179,4,'小米Play 流光渐变AI双摄 4GB+64GB 梦幻蓝 全网通4G 双卡双待 小水滴全面屏拍照游戏智能手机','http://SXlkutIjYpDWWTEpNUiisnlsevOHVElrdngQLgyZ',1442.00,'2','2020-03-20 00:00:00'),

(8143,3179,13,'联想(Lenovo)Y9000X 2019新款 15.6英寸高性能标压轻薄本笔记本电脑(i5-9300H 16G 512GSSD FHD)深空灰','http://kAXllAQEzJWHwiExxVmyJIABfXyzbKwedeofMqwh',7299.00,'1','2020-03-20 00:00:00'),

(8144,3179,3,'小米（MI）电视 55英寸曲面4K智能WiFi网络液晶电视机4S L55M5-AQ 小米电视4S 55英寸 曲面','http://LzpblavcZQeYEbwbSjsnmsgAjtpudhDradqsRgdZ',3100.00,'1','2020-03-20 00:00:00'),

(8145,3179,9,'荣耀10 GT游戏加速 AIS手持夜景 6GB+64GB 幻影蓝全网通 移动联通电信','http://hNuKrFXZgFIzzZxnYeCxEDdJlbAwHUCbBChdXAKZ',2452.00,'3','2020-03-20 00:00:00'),

(8146,3179,5,'十月稻田 沁州黄小米 (黄小米 五谷杂粮 山西特产 真空装 大米伴侣 粥米搭档) 2.5kg','http://INNButKuTkslasORPBmHACnJuccfsxmRxNuMznPm',244.00,'1','2020-03-20 00:00:00'),

(8147,3179,3,'小米（MI）电视 55英寸曲面4K智能WiFi网络液晶电视机4S L55M5-AQ 小米电视4S 55英寸 曲面','http://LzpblavcZQeYEbwbSjsnmsgAjtpudhDradqsRgdZ',3100.00,'2','2020-03-20 00:00:00'),

(8148,3179,1,'荣耀10青春版 幻彩渐变 2400万AI自拍 全网通版4GB+64GB 渐变蓝 移动联通电信4G全面屏手机 双卡双待','http://AOvKmfRQEBRJJllwCwCuptVAOtBBcIjWeJRsmhbJ',2220.00,'3','2020-03-20 00:00:00'),

(8149,3180,4,'小米Play 流光渐变AI双摄 4GB+64GB 梦幻蓝 全网通4G 双卡双待 小水滴全面屏拍照游戏智能手机','http://SXlkutIjYpDWWTEpNUiisnlsevOHVElrdngQLgyZ',1442.00,'2','2020-03-20 00:00:00'),

(8150,3180,1,'荣耀10青春版 幻彩渐变 2400万AI自拍 全网通版4GB+64GB 渐变蓝 移动联通电信4G全面屏手机 双卡双待','http://AOvKmfRQEBRJJllwCwCuptVAOtBBcIjWeJRsmhbJ',2220.00,'2','2020-03-20 00:00:00'),

(8151,3181,4,'小米Play 流光渐变AI双摄 4GB+64GB 梦幻蓝 全网通4G 双卡双待 小水滴全面屏拍照游戏智能手机','http://SXlkutIjYpDWWTEpNUiisnlsevOHVElrdngQLgyZ',1442.00,'1','2020-03-20 00:00:00'),

(8152,3181,2,'TCL 55A950C 55英寸32核人工智能 HDR曲面超薄4K电视金属机身（枪色）','http://JfJSvAnPkErYPcUsbgCuokhjxKiLeqpDXakZqFeE',3321.00,'2','2020-03-20 00:00:00'),

(8153,3181,9,'荣耀10 GT游戏加速 AIS手持夜景 6GB+64GB 幻影蓝全网通 移动联通电信','http://hNuKrFXZgFIzzZxnYeCxEDdJlbAwHUCbBChdXAKZ',2452.00,'1','2020-03-20 00:00:00'),

(8154,3181,3,'小米（MI）电视 55英寸曲面4K智能WiFi网络液晶电视机4S L55M5-AQ 小米电视4S 55英寸 曲面','http://LzpblavcZQeYEbwbSjsnmsgAjtpudhDradqsRgdZ',3100.00,'2','2020-03-20 00:00:00'),

(8155,3181,12,'联想(Lenovo)拯救者Y7000 英特尔酷睿i7 2019新款 15.6英寸发烧游戏本笔记本电脑（i7-9750H 8GB 512GB SSD GTX1650 4G 高色域','http://kAXllAQEzJWHwiExxVmyJIABfXyzbKwedeofMqwh',6699.00,'2','2020-03-20 00:00:00'),

(8156,3182,4,'小米Play 流光渐变AI双摄 4GB+64GB 梦幻蓝 全网通4G 双卡双待 小水滴全面屏拍照游戏智能手机','http://SXlkutIjYpDWWTEpNUiisnlsevOHVElrdngQLgyZ',1442.00,'3','2020-03-20 00:00:00'),

(8157,3183,7,'荣耀10青春版 幻彩渐变 2400万AI自拍 全网通版4GB+64GB 渐变蓝 移动联通电信4G全面屏手机 双卡双待','http://IJwhvJSuwaMHaevQQKZUzLkOsvYFiYsRhmLSjpZb',1553.00,'2','2020-03-20 00:00:00'),

(8158,3183,8,'Apple iPhoneXSMax (A2104) 256GB 深空灰色 移动联通电信4G手机 双卡双待','http://RFCTOnWWRtrJdygmPqiUXdBvyhqiTTOnXYagFJDP',8900.00,'1','2020-03-20 00:00:00'),

(8159,3184,1,'荣耀10青春版 幻彩渐变 2400万AI自拍 全网通版4GB+64GB 渐变蓝 移动联通电信4G全面屏手机 双卡双待','http://AOvKmfRQEBRJJllwCwCuptVAOtBBcIjWeJRsmhbJ',2220.00,'1','2020-03-20 00:00:00'),

(8160,3185,9,'荣耀10 GT游戏加速 AIS手持夜景 6GB+64GB 幻影蓝全网通 移动联通电信','http://hNuKrFXZgFIzzZxnYeCxEDdJlbAwHUCbBChdXAKZ',2452.00,'1','2020-03-20 00:00:00'),

(8161,3185,2,'TCL 55A950C 55英寸32核人工智能 HDR曲面超薄4K电视金属机身（枪色）','http://JfJSvAnPkErYPcUsbgCuokhjxKiLeqpDXakZqFeE',3321.00,'3','2020-03-20 00:00:00'),

(8162,3186,6,'北纯精制黄小米（小黄米 月子米 小米粥 粗粮杂粮 大米伴侣）2.18kg','http://lMddjKYNSaxpeAqbkWcxegrrHjayrosVDeLrABhg',145.00,'1','2020-03-20 00:00:00'),

(8163,3186,5,'十月稻田 沁州黄小米 (黄小米 五谷杂粮 山西特产 真空装 大米伴侣 粥米搭档) 2.5kg','http://INNButKuTkslasORPBmHACnJuccfsxmRxNuMznPm',244.00,'3','2020-03-20 00:00:00'),

(8164,3186,6,'北纯精制黄小米（小黄米 月子米 小米粥 粗粮杂粮 大米伴侣）2.18kg','http://lMddjKYNSaxpeAqbkWcxegrrHjayrosVDeLrABhg',145.00,'1','2020-03-20 00:00:00'),

(8165,3186,8,'Apple iPhoneXSMax (A2104) 256GB 深空灰色 移动联通电信4G手机 双卡双待','http://RFCTOnWWRtrJdygmPqiUXdBvyhqiTTOnXYagFJDP',8900.00,'1','2020-03-20 00:00:00'),

(8166,3187,4,'小米Play 流光渐变AI双摄 4GB+64GB 梦幻蓝 全网通4G 双卡双待 小水滴全面屏拍照游戏智能手机','http://SXlkutIjYpDWWTEpNUiisnlsevOHVElrdngQLgyZ',1442.00,'3','2020-03-20 00:00:00'),

(8167,3187,5,'十月稻田 沁州黄小米 (黄小米 五谷杂粮 山西特产 真空装 大米伴侣 粥米搭档) 2.5kg','http://INNButKuTkslasORPBmHACnJuccfsxmRxNuMznPm',244.00,'2','2020-03-20 00:00:00'),

(8168,3187,12,'联想(Lenovo)拯救者Y7000 英特尔酷睿i7 2019新款 15.6英寸发烧游戏本笔记本电脑（i7-9750H 8GB 512GB SSD GTX1650 4G 高色域','http://kAXllAQEzJWHwiExxVmyJIABfXyzbKwedeofMqwh',6699.00,'3','2020-03-20 00:00:00'),

(8169,3187,10,'小米（MI） 小米路由器4 双千兆路由器 无线家用穿墙1200M高速双频wifi 千兆版 千兆端口光纤适用','http://kAXllAQEzJWHwiExxVmyJIABfXyzbKwedeofMqwh',222.00,'2','2020-03-20 00:00:00'),

(8170,3187,5,'十月稻田 沁州黄小米 (黄小米 五谷杂粮 山西特产 真空装 大米伴侣 粥米搭档) 2.5kg','http://INNButKuTkslasORPBmHACnJuccfsxmRxNuMznPm',244.00,'3','2020-03-20 00:00:00'),

(8171,3187,10,'小米（MI） 小米路由器4 双千兆路由器 无线家用穿墙1200M高速双频wifi 千兆版 千兆端口光纤适用','http://kAXllAQEzJWHwiExxVmyJIABfXyzbKwedeofMqwh',222.00,'1','2020-03-20 00:00:00'),

(8172,3187,13,'联想(Lenovo)Y9000X 2019新款 15.6英寸高性能标压轻薄本笔记本电脑(i5-9300H 16G 512GSSD FHD)深空灰','http://kAXllAQEzJWHwiExxVmyJIABfXyzbKwedeofMqwh',7299.00,'1','2020-03-20 00:00:00'),

(8173,3188,7,'荣耀10青春版 幻彩渐变 2400万AI自拍 全网通版4GB+64GB 渐变蓝 移动联通电信4G全面屏手机 双卡双待','http://IJwhvJSuwaMHaevQQKZUzLkOsvYFiYsRhmLSjpZb',1553.00,'3','2020-03-20 00:00:00'),

(8174,3188,10,'小米（MI） 小米路由器4 双千兆路由器 无线家用穿墙1200M高速双频wifi 千兆版 千兆端口光纤适用','http://kAXllAQEzJWHwiExxVmyJIABfXyzbKwedeofMqwh',222.00,'3','2020-03-20 00:00:00'),

(8175,3188,7,'荣耀10青春版 幻彩渐变 2400万AI自拍 全网通版4GB+64GB 渐变蓝 移动联通电信4G全面屏手机 双卡双待','http://IJwhvJSuwaMHaevQQKZUzLkOsvYFiYsRhmLSjpZb',1553.00,'2','2020-03-20 00:00:00'),

(8176,3188,7,'荣耀10青春版 幻彩渐变 2400万AI自拍 全网通版4GB+64GB 渐变蓝 移动联通电信4G全面屏手机 双卡双待','http://IJwhvJSuwaMHaevQQKZUzLkOsvYFiYsRhmLSjpZb',1553.00,'3','2020-03-20 00:00:00'),

(8177,3188,3,'小米（MI）电视 55英寸曲面4K智能WiFi网络液晶电视机4S L55M5-AQ 小米电视4S 55英寸 曲面','http://LzpblavcZQeYEbwbSjsnmsgAjtpudhDradqsRgdZ',3100.00,'2','2020-03-20 00:00:00'),

(8178,3188,5,'十月稻田 沁州黄小米 (黄小米 五谷杂粮 山西特产 真空装 大米伴侣 粥米搭档) 2.5kg','http://INNButKuTkslasORPBmHACnJuccfsxmRxNuMznPm',244.00,'3','2020-03-20 00:00:00'),

(8179,3188,13,'联想(Lenovo)Y9000X 2019新款 15.6英寸高性能标压轻薄本笔记本电脑(i5-9300H 16G 512GSSD FHD)深空灰','http://kAXllAQEzJWHwiExxVmyJIABfXyzbKwedeofMqwh',7299.00,'1','2020-03-20 00:00:00'),

(8180,3189,11,'联想(Lenovo)拯救者Y7000 2019新款 15.6英寸游戏本笔记本电脑（i7-9750H 8GB 1TB+256GB GTX1650 4G独显 黑）','http://kAXllAQEzJWHwiExxVmyJIABfXyzbKwedeofMqwh',6399.00,'3','2020-03-20 00:00:00'),

(8181,3189,1,'荣耀10青春版 幻彩渐变 2400万AI自拍 全网通版4GB+64GB 渐变蓝 移动联通电信4G全面屏手机 双卡双待','http://AOvKmfRQEBRJJllwCwCuptVAOtBBcIjWeJRsmhbJ',2220.00,'3','2020-03-20 00:00:00'),

(8182,3189,8,'Apple iPhoneXSMax (A2104) 256GB 深空灰色 移动联通电信4G手机 双卡双待','http://RFCTOnWWRtrJdygmPqiUXdBvyhqiTTOnXYagFJDP',8900.00,'2','2020-03-20 00:00:00'),

(8183,3189,12,'联想(Lenovo)拯救者Y7000 英特尔酷睿i7 2019新款 15.6英寸发烧游戏本笔记本电脑（i7-9750H 8GB 512GB SSD GTX1650 4G 高色域','http://kAXllAQEzJWHwiExxVmyJIABfXyzbKwedeofMqwh',6699.00,'3','2020-03-20 00:00:00'),

(8184,3189,8,'Apple iPhoneXSMax (A2104) 256GB 深空灰色 移动联通电信4G手机 双卡双待','http://RFCTOnWWRtrJdygmPqiUXdBvyhqiTTOnXYagFJDP',8900.00,'3','2020-03-20 00:00:00'),

(8185,3189,4,'小米Play 流光渐变AI双摄 4GB+64GB 梦幻蓝 全网通4G 双卡双待 小水滴全面屏拍照游戏智能手机','http://SXlkutIjYpDWWTEpNUiisnlsevOHVElrdngQLgyZ',1442.00,'3','2020-03-20 00:00:00'),

(8186,3189,6,'北纯精制黄小米（小黄米 月子米 小米粥 粗粮杂粮 大米伴侣）2.18kg','http://lMddjKYNSaxpeAqbkWcxegrrHjayrosVDeLrABhg',145.00,'2','2020-03-20 00:00:00'),

(8187,3189,1,'荣耀10青春版 幻彩渐变 2400万AI自拍 全网通版4GB+64GB 渐变蓝 移动联通电信4G全面屏手机 双卡双待','http://AOvKmfRQEBRJJllwCwCuptVAOtBBcIjWeJRsmhbJ',2220.00,'1','2020-03-20 00:00:00'),

(8188,3189,7,'荣耀10青春版 幻彩渐变 2400万AI自拍 全网通版4GB+64GB 渐变蓝 移动联通电信4G全面屏手机 双卡双待','http://IJwhvJSuwaMHaevQQKZUzLkOsvYFiYsRhmLSjpZb',1553.00,'3','2020-03-20 00:00:00'),

(8189,3189,13,'联想(Lenovo)Y9000X 2019新款 15.6英寸高性能标压轻薄本笔记本电脑(i5-9300H 16G 512GSSD FHD)深空灰','http://kAXllAQEzJWHwiExxVmyJIABfXyzbKwedeofMqwh',7299.00,'3','2020-03-20 00:00:00'),

(8190,3190,5,'十月稻田 沁州黄小米 (黄小米 五谷杂粮 山西特产 真空装 大米伴侣 粥米搭档) 2.5kg','http://INNButKuTkslasORPBmHACnJuccfsxmRxNuMznPm',244.00,'3','2020-03-20 00:00:00'),

(8191,3190,12,'联想(Lenovo)拯救者Y7000 英特尔酷睿i7 2019新款 15.6英寸发烧游戏本笔记本电脑（i7-9750H 8GB 512GB SSD GTX1650 4G 高色域','http://kAXllAQEzJWHwiExxVmyJIABfXyzbKwedeofMqwh',6699.00,'2','2020-03-20 00:00:00'),

(8192,3190,9,'荣耀10 GT游戏加速 AIS手持夜景 6GB+64GB 幻影蓝全网通 移动联通电信','http://hNuKrFXZgFIzzZxnYeCxEDdJlbAwHUCbBChdXAKZ',2452.00,'1','2020-03-20 00:00:00'),

(8193,3190,7,'荣耀10青春版 幻彩渐变 2400万AI自拍 全网通版4GB+64GB 渐变蓝 移动联通电信4G全面屏手机 双卡双待','http://IJwhvJSuwaMHaevQQKZUzLkOsvYFiYsRhmLSjpZb',1553.00,'1','2020-03-20 00:00:00'),

(8194,3190,6,'北纯精制黄小米（小黄米 月子米 小米粥 粗粮杂粮 大米伴侣）2.18kg','http://lMddjKYNSaxpeAqbkWcxegrrHjayrosVDeLrABhg',145.00,'1','2020-03-20 00:00:00'),

(8195,3191,5,'十月稻田 沁州黄小米 (黄小米 五谷杂粮 山西特产 真空装 大米伴侣 粥米搭档) 2.5kg','http://INNButKuTkslasORPBmHACnJuccfsxmRxNuMznPm',244.00,'3','2020-03-20 00:00:00'),

(8196,3191,7,'荣耀10青春版 幻彩渐变 2400万AI自拍 全网通版4GB+64GB 渐变蓝 移动联通电信4G全面屏手机 双卡双待','http://IJwhvJSuwaMHaevQQKZUzLkOsvYFiYsRhmLSjpZb',1553.00,'3','2020-03-20 00:00:00'),

(8197,3191,6,'北纯精制黄小米（小黄米 月子米 小米粥 粗粮杂粮 大米伴侣）2.18kg','http://lMddjKYNSaxpeAqbkWcxegrrHjayrosVDeLrABhg',145.00,'1','2020-03-20 00:00:00'),

(8198,3192,4,'小米Play 流光渐变AI双摄 4GB+64GB 梦幻蓝 全网通4G 双卡双待 小水滴全面屏拍照游戏智能手机','http://SXlkutIjYpDWWTEpNUiisnlsevOHVElrdngQLgyZ',1442.00,'3','2020-03-20 00:00:00'),

(8199,3192,11,'联想(Lenovo)拯救者Y7000 2019新款 15.6英寸游戏本笔记本电脑（i7-9750H 8GB 1TB+256GB GTX1650 4G独显 黑）','http://kAXllAQEzJWHwiExxVmyJIABfXyzbKwedeofMqwh',6399.00,'3','2020-03-20 00:00:00'),

(8200,3192,11,'联想(Lenovo)拯救者Y7000 2019新款 15.6英寸游戏本笔记本电脑（i7-9750H 8GB 1TB+256GB GTX1650 4G独显 黑）','http://kAXllAQEzJWHwiExxVmyJIABfXyzbKwedeofMqwh',6399.00,'2','2020-03-20 00:00:00'),

(8201,3192,8,'Apple iPhoneXSMax (A2104) 256GB 深空灰色 移动联通电信4G手机 双卡双待','http://RFCTOnWWRtrJdygmPqiUXdBvyhqiTTOnXYagFJDP',8900.00,'1','2020-03-20 00:00:00'),

(8202,3193,4,'小米Play 流光渐变AI双摄 4GB+64GB 梦幻蓝 全网通4G 双卡双待 小水滴全面屏拍照游戏智能手机','http://SXlkutIjYpDWWTEpNUiisnlsevOHVElrdngQLgyZ',1442.00,'2','2020-03-20 00:00:00'),

(8203,3193,9,'荣耀10 GT游戏加速 AIS手持夜景 6GB+64GB 幻影蓝全网通 移动联通电信','http://hNuKrFXZgFIzzZxnYeCxEDdJlbAwHUCbBChdXAKZ',2452.00,'2','2020-03-20 00:00:00'),

(8204,3194,7,'荣耀10青春版 幻彩渐变 2400万AI自拍 全网通版4GB+64GB 渐变蓝 移动联通电信4G全面屏手机 双卡双待','http://IJwhvJSuwaMHaevQQKZUzLkOsvYFiYsRhmLSjpZb',1553.00,'3','2020-03-20 00:00:00'),

(8205,3194,11,'联想(Lenovo)拯救者Y7000 2019新款 15.6英寸游戏本笔记本电脑（i7-9750H 8GB 1TB+256GB GTX1650 4G独显 黑）','http://kAXllAQEzJWHwiExxVmyJIABfXyzbKwedeofMqwh',6399.00,'1','2020-03-20 00:00:00'),

(8206,3195,5,'十月稻田 沁州黄小米 (黄小米 五谷杂粮 山西特产 真空装 大米伴侣 粥米搭档) 2.5kg','http://INNButKuTkslasORPBmHACnJuccfsxmRxNuMznPm',244.00,'1','2020-03-20 00:00:00'),

(8207,3195,3,'小米（MI）电视 55英寸曲面4K智能WiFi网络液晶电视机4S L55M5-AQ 小米电视4S 55英寸 曲面','http://LzpblavcZQeYEbwbSjsnmsgAjtpudhDradqsRgdZ',3100.00,'3','2020-03-20 00:00:00'),

(8208,3195,2,'TCL 55A950C 55英寸32核人工智能 HDR曲面超薄4K电视金属机身（枪色）','http://JfJSvAnPkErYPcUsbgCuokhjxKiLeqpDXakZqFeE',3321.00,'2','2020-03-20 00:00:00'),

(8209,3195,6,'北纯精制黄小米（小黄米 月子米 小米粥 粗粮杂粮 大米伴侣）2.18kg','http://lMddjKYNSaxpeAqbkWcxegrrHjayrosVDeLrABhg',145.00,'3','2020-03-20 00:00:00'),

(8210,3196,8,'Apple iPhoneXSMax (A2104) 256GB 深空灰色 移动联通电信4G手机 双卡双待','http://RFCTOnWWRtrJdygmPqiUXdBvyhqiTTOnXYagFJDP',8900.00,'1','2020-03-20 00:00:00'),

(8211,3196,6,'北纯精制黄小米（小黄米 月子米 小米粥 粗粮杂粮 大米伴侣）2.18kg','http://lMddjKYNSaxpeAqbkWcxegrrHjayrosVDeLrABhg',145.00,'2','2020-03-20 00:00:00'),

(8212,3196,4,'小米Play 流光渐变AI双摄 4GB+64GB 梦幻蓝 全网通4G 双卡双待 小水滴全面屏拍照游戏智能手机','http://SXlkutIjYpDWWTEpNUiisnlsevOHVElrdngQLgyZ',1442.00,'3','2020-03-20 00:00:00'),

(8213,3196,4,'小米Play 流光渐变AI双摄 4GB+64GB 梦幻蓝 全网通4G 双卡双待 小水滴全面屏拍照游戏智能手机','http://SXlkutIjYpDWWTEpNUiisnlsevOHVElrdngQLgyZ',1442.00,'2','2020-03-20 00:00:00'),

(8214,3197,7,'荣耀10青春版 幻彩渐变 2400万AI自拍 全网通版4GB+64GB 渐变蓝 移动联通电信4G全面屏手机 双卡双待','http://IJwhvJSuwaMHaevQQKZUzLkOsvYFiYsRhmLSjpZb',1553.00,'3','2020-03-20 00:00:00'),

(8215,3198,6,'北纯精制黄小米（小黄米 月子米 小米粥 粗粮杂粮 大米伴侣）2.18kg','http://lMddjKYNSaxpeAqbkWcxegrrHjayrosVDeLrABhg',145.00,'2','2020-03-20 00:00:00'),

(8216,3198,1,'荣耀10青春版 幻彩渐变 2400万AI自拍 全网通版4GB+64GB 渐变蓝 移动联通电信4G全面屏手机 双卡双待','http://AOvKmfRQEBRJJllwCwCuptVAOtBBcIjWeJRsmhbJ',2220.00,'3','2020-03-20 00:00:00'),

(8217,3198,2,'TCL 55A950C 55英寸32核人工智能 HDR曲面超薄4K电视金属机身（枪色）','http://JfJSvAnPkErYPcUsbgCuokhjxKiLeqpDXakZqFeE',3321.00,'1','2020-03-20 00:00:00'),

(8218,3198,13,'联想(Lenovo)Y9000X 2019新款 15.6英寸高性能标压轻薄本笔记本电脑(i5-9300H 16G 512GSSD FHD)深空灰','http://kAXllAQEzJWHwiExxVmyJIABfXyzbKwedeofMqwh',7299.00,'2','2020-03-20 00:00:00'),

(8219,3198,4,'小米Play 流光渐变AI双摄 4GB+64GB 梦幻蓝 全网通4G 双卡双待 小水滴全面屏拍照游戏智能手机','http://SXlkutIjYpDWWTEpNUiisnlsevOHVElrdngQLgyZ',1442.00,'2','2020-03-20 00:00:00'),

(8220,3198,12,'联想(Lenovo)拯救者Y7000 英特尔酷睿i7 2019新款 15.6英寸发烧游戏本笔记本电脑（i7-9750H 8GB 512GB SSD GTX1650 4G 高色域','http://kAXllAQEzJWHwiExxVmyJIABfXyzbKwedeofMqwh',6699.00,'1','2020-03-20 00:00:00'),

(8221,3199,5,'十月稻田 沁州黄小米 (黄小米 五谷杂粮 山西特产 真空装 大米伴侣 粥米搭档) 2.5kg','http://INNButKuTkslasORPBmHACnJuccfsxmRxNuMznPm',244.00,'2','2020-03-20 00:00:00'),

(8222,3200,2,'TCL 55A950C 55英寸32核人工智能 HDR曲面超薄4K电视金属机身（枪色）','http://JfJSvAnPkErYPcUsbgCuokhjxKiLeqpDXakZqFeE',3321.00,'2','2020-03-20 00:00:00'),

(8223,3200,9,'荣耀10 GT游戏加速 AIS手持夜景 6GB+64GB 幻影蓝全网通 移动联通电信','http://hNuKrFXZgFIzzZxnYeCxEDdJlbAwHUCbBChdXAKZ',2452.00,'1','2020-03-20 00:00:00'),

(8224,3200,4,'小米Play 流光渐变AI双摄 4GB+64GB 梦幻蓝 全网通4G 双卡双待 小水滴全面屏拍照游戏智能手机','http://SXlkutIjYpDWWTEpNUiisnlsevOHVElrdngQLgyZ',1442.00,'2','2020-03-20 00:00:00'),

(8225,3200,3,'小米（MI）电视 55英寸曲面4K智能WiFi网络液晶电视机4S L55M5-AQ 小米电视4S 55英寸 曲面','http://LzpblavcZQeYEbwbSjsnmsgAjtpudhDradqsRgdZ',3100.00,'2','2020-03-20 00:00:00'),

(8226,3200,12,'联想(Lenovo)拯救者Y7000 英特尔酷睿i7 2019新款 15.6英寸发烧游戏本笔记本电脑（i7-9750H 8GB 512GB SSD GTX1650 4G 高色域','http://kAXllAQEzJWHwiExxVmyJIABfXyzbKwedeofMqwh',6699.00,'2','2020-03-20 00:00:00'),

(8227,3200,9,'荣耀10 GT游戏加速 AIS手持夜景 6GB+64GB 幻影蓝全网通 移动联通电信','http://hNuKrFXZgFIzzZxnYeCxEDdJlbAwHUCbBChdXAKZ',2452.00,'3','2020-03-20 00:00:00'),

(8228,3201,2,'TCL 55A950C 55英寸32核人工智能 HDR曲面超薄4K电视金属机身（枪色）','http://JfJSvAnPkErYPcUsbgCuokhjxKiLeqpDXakZqFeE',3321.00,'3','2020-03-20 00:00:00'),

(8229,3201,9,'荣耀10 GT游戏加速 AIS手持夜景 6GB+64GB 幻影蓝全网通 移动联通电信','http://hNuKrFXZgFIzzZxnYeCxEDdJlbAwHUCbBChdXAKZ',2452.00,'2','2020-03-20 00:00:00'),

(8230,3201,6,'北纯精制黄小米（小黄米 月子米 小米粥 粗粮杂粮 大米伴侣）2.18kg','http://lMddjKYNSaxpeAqbkWcxegrrHjayrosVDeLrABhg',145.00,'3','2020-03-20 00:00:00'),

(8231,3201,3,'小米（MI）电视 55英寸曲面4K智能WiFi网络液晶电视机4S L55M5-AQ 小米电视4S 55英寸 曲面','http://LzpblavcZQeYEbwbSjsnmsgAjtpudhDradqsRgdZ',3100.00,'2','2020-03-20 00:00:00'),

(8232,3201,10,'小米（MI） 小米路由器4 双千兆路由器 无线家用穿墙1200M高速双频wifi 千兆版 千兆端口光纤适用','http://kAXllAQEzJWHwiExxVmyJIABfXyzbKwedeofMqwh',222.00,'2','2020-03-20 00:00:00'),

(8233,3201,7,'荣耀10青春版 幻彩渐变 2400万AI自拍 全网通版4GB+64GB 渐变蓝 移动联通电信4G全面屏手机 双卡双待','http://IJwhvJSuwaMHaevQQKZUzLkOsvYFiYsRhmLSjpZb',1553.00,'1','2020-03-20 00:00:00'),

(8234,3201,5,'十月稻田 沁州黄小米 (黄小米 五谷杂粮 山西特产 真空装 大米伴侣 粥米搭档) 2.5kg','http://INNButKuTkslasORPBmHACnJuccfsxmRxNuMznPm',244.00,'3','2020-03-20 00:00:00'),

(8235,3201,12,'联想(Lenovo)拯救者Y7000 英特尔酷睿i7 2019新款 15.6英寸发烧游戏本笔记本电脑（i7-9750H 8GB 512GB SSD GTX1650 4G 高色域','http://kAXllAQEzJWHwiExxVmyJIABfXyzbKwedeofMqwh',6699.00,'3','2020-03-20 00:00:00'),

(8236,3202,4,'小米Play 流光渐变AI双摄 4GB+64GB 梦幻蓝 全网通4G 双卡双待 小水滴全面屏拍照游戏智能手机','http://SXlkutIjYpDWWTEpNUiisnlsevOHVElrdngQLgyZ',1442.00,'2','2020-03-20 00:00:00'),

(8237,3202,1,'荣耀10青春版 幻彩渐变 2400万AI自拍 全网通版4GB+64GB 渐变蓝 移动联通电信4G全面屏手机 双卡双待','http://AOvKmfRQEBRJJllwCwCuptVAOtBBcIjWeJRsmhbJ',2220.00,'2','2020-03-20 00:00:00'),

(8238,3202,4,'小米Play 流光渐变AI双摄 4GB+64GB 梦幻蓝 全网通4G 双卡双待 小水滴全面屏拍照游戏智能手机','http://SXlkutIjYpDWWTEpNUiisnlsevOHVElrdngQLgyZ',1442.00,'1','2020-03-20 00:00:00'),

(8239,3203,5,'十月稻田 沁州黄小米 (黄小米 五谷杂粮 山西特产 真空装 大米伴侣 粥米搭档) 2.5kg','http://INNButKuTkslasORPBmHACnJuccfsxmRxNuMznPm',244.00,'3','2020-03-20 00:00:00'),

(8240,3203,13,'联想(Lenovo)Y9000X 2019新款 15.6英寸高性能标压轻薄本笔记本电脑(i5-9300H 16G 512GSSD FHD)深空灰','http://kAXllAQEzJWHwiExxVmyJIABfXyzbKwedeofMqwh',7299.00,'2','2020-03-20 00:00:00'),

(8241,3203,7,'荣耀10青春版 幻彩渐变 2400万AI自拍 全网通版4GB+64GB 渐变蓝 移动联通电信4G全面屏手机 双卡双待','http://IJwhvJSuwaMHaevQQKZUzLkOsvYFiYsRhmLSjpZb',1553.00,'2','2020-03-20 00:00:00'),

(8242,3203,9,'荣耀10 GT游戏加速 AIS手持夜景 6GB+64GB 幻影蓝全网通 移动联通电信','http://hNuKrFXZgFIzzZxnYeCxEDdJlbAwHUCbBChdXAKZ',2452.00,'3','2020-03-20 00:00:00'),

(8243,3203,6,'北纯精制黄小米（小黄米 月子米 小米粥 粗粮杂粮 大米伴侣）2.18kg','http://lMddjKYNSaxpeAqbkWcxegrrHjayrosVDeLrABhg',145.00,'2','2020-03-20 00:00:00'),

(8244,3204,11,'联想(Lenovo)拯救者Y7000 2019新款 15.6英寸游戏本笔记本电脑（i7-9750H 8GB 1TB+256GB GTX1650 4G独显 黑）','http://kAXllAQEzJWHwiExxVmyJIABfXyzbKwedeofMqwh',6399.00,'3','2020-03-20 00:00:00'),

(8245,3205,2,'TCL 55A950C 55英寸32核人工智能 HDR曲面超薄4K电视金属机身（枪色）','http://JfJSvAnPkErYPcUsbgCuokhjxKiLeqpDXakZqFeE',3321.00,'3','2020-03-20 00:00:00'),

(8246,3206,1,'荣耀10青春版 幻彩渐变 2400万AI自拍 全网通版4GB+64GB 渐变蓝 移动联通电信4G全面屏手机 双卡双待','http://AOvKmfRQEBRJJllwCwCuptVAOtBBcIjWeJRsmhbJ',2220.00,'1','2020-03-20 00:00:00'),

(8247,3206,13,'联想(Lenovo)Y9000X 2019新款 15.6英寸高性能标压轻薄本笔记本电脑(i5-9300H 16G 512GSSD FHD)深空灰','http://kAXllAQEzJWHwiExxVmyJIABfXyzbKwedeofMqwh',7299.00,'1','2020-03-20 00:00:00'),

(8248,3206,3,'小米（MI）电视 55英寸曲面4K智能WiFi网络液晶电视机4S L55M5-AQ 小米电视4S 55英寸 曲面','http://LzpblavcZQeYEbwbSjsnmsgAjtpudhDradqsRgdZ',3100.00,'2','2020-03-20 00:00:00'),

(8249,3207,12,'联想(Lenovo)拯救者Y7000 英特尔酷睿i7 2019新款 15.6英寸发烧游戏本笔记本电脑（i7-9750H 8GB 512GB SSD GTX1650 4G 高色域','http://kAXllAQEzJWHwiExxVmyJIABfXyzbKwedeofMqwh',6699.00,'3','2020-03-20 00:00:00'),

(8250,3207,7,'荣耀10青春版 幻彩渐变 2400万AI自拍 全网通版4GB+64GB 渐变蓝 移动联通电信4G全面屏手机 双卡双待','http://IJwhvJSuwaMHaevQQKZUzLkOsvYFiYsRhmLSjpZb',1553.00,'2','2020-03-20 00:00:00'),

(8251,3207,2,'TCL 55A950C 55英寸32核人工智能 HDR曲面超薄4K电视金属机身（枪色）','http://JfJSvAnPkErYPcUsbgCuokhjxKiLeqpDXakZqFeE',3321.00,'1','2020-03-20 00:00:00'),

(8252,3207,2,'TCL 55A950C 55英寸32核人工智能 HDR曲面超薄4K电视金属机身（枪色）','http://JfJSvAnPkErYPcUsbgCuokhjxKiLeqpDXakZqFeE',3321.00,'2','2020-03-20 00:00:00'),

(8253,3207,12,'联想(Lenovo)拯救者Y7000 英特尔酷睿i7 2019新款 15.6英寸发烧游戏本笔记本电脑（i7-9750H 8GB 512GB SSD GTX1650 4G 高色域','http://kAXllAQEzJWHwiExxVmyJIABfXyzbKwedeofMqwh',6699.00,'3','2020-03-20 00:00:00'),

(8254,3207,3,'小米（MI）电视 55英寸曲面4K智能WiFi网络液晶电视机4S L55M5-AQ 小米电视4S 55英寸 曲面','http://LzpblavcZQeYEbwbSjsnmsgAjtpudhDradqsRgdZ',3100.00,'2','2020-03-20 00:00:00'),

(8255,3207,9,'荣耀10 GT游戏加速 AIS手持夜景 6GB+64GB 幻影蓝全网通 移动联通电信','http://hNuKrFXZgFIzzZxnYeCxEDdJlbAwHUCbBChdXAKZ',2452.00,'3','2020-03-20 00:00:00'),

(8256,3207,8,'Apple iPhoneXSMax (A2104) 256GB 深空灰色 移动联通电信4G手机 双卡双待','http://RFCTOnWWRtrJdygmPqiUXdBvyhqiTTOnXYagFJDP',8900.00,'3','2020-03-20 00:00:00'),

(8257,3207,12,'联想(Lenovo)拯救者Y7000 英特尔酷睿i7 2019新款 15.6英寸发烧游戏本笔记本电脑（i7-9750H 8GB 512GB SSD GTX1650 4G 高色域','http://kAXllAQEzJWHwiExxVmyJIABfXyzbKwedeofMqwh',6699.00,'1','2020-03-20 00:00:00'),

(8258,3208,5,'十月稻田 沁州黄小米 (黄小米 五谷杂粮 山西特产 真空装 大米伴侣 粥米搭档) 2.5kg','http://INNButKuTkslasORPBmHACnJuccfsxmRxNuMznPm',244.00,'3','2020-03-20 00:00:00'),

(8259,3208,9,'荣耀10 GT游戏加速 AIS手持夜景 6GB+64GB 幻影蓝全网通 移动联通电信','http://hNuKrFXZgFIzzZxnYeCxEDdJlbAwHUCbBChdXAKZ',2452.00,'1','2020-03-20 00:00:00'),

(8260,3208,2,'TCL 55A950C 55英寸32核人工智能 HDR曲面超薄4K电视金属机身（枪色）','http://JfJSvAnPkErYPcUsbgCuokhjxKiLeqpDXakZqFeE',3321.00,'3','2020-03-20 00:00:00'),

(8261,3208,2,'TCL 55A950C 55英寸32核人工智能 HDR曲面超薄4K电视金属机身（枪色）','http://JfJSvAnPkErYPcUsbgCuokhjxKiLeqpDXakZqFeE',3321.00,'1','2020-03-20 00:00:00'),

(8262,3209,4,'小米Play 流光渐变AI双摄 4GB+64GB 梦幻蓝 全网通4G 双卡双待 小水滴全面屏拍照游戏智能手机','http://SXlkutIjYpDWWTEpNUiisnlsevOHVElrdngQLgyZ',1442.00,'3','2020-03-20 00:00:00'),

(8263,3209,4,'小米Play 流光渐变AI双摄 4GB+64GB 梦幻蓝 全网通4G 双卡双待 小水滴全面屏拍照游戏智能手机','http://SXlkutIjYpDWWTEpNUiisnlsevOHVElrdngQLgyZ',1442.00,'1','2020-03-20 00:00:00');

/*Table structure for table `order_info` */

DROP TABLE IF EXISTS `order_info`;

CREATE TABLE `order_info` (
  `id` bigint(20) NOT NULL AUTO_INCREMENT COMMENT '编号',
  `consignee` varchar(100) DEFAULT NULL COMMENT '收货人',
  `consignee_tel` varchar(20) DEFAULT NULL COMMENT '收件人电话',
  `final_total_amount` decimal(16,2) DEFAULT NULL COMMENT '总金额',
  `order_status` varchar(20) DEFAULT NULL COMMENT '订单状态',
  `user_id` bigint(20) DEFAULT NULL COMMENT '用户id',
  `delivery_address` varchar(1000) DEFAULT NULL COMMENT '送货地址',
  `order_comment` varchar(200) DEFAULT NULL COMMENT '订单备注',
  `out_trade_no` varchar(50) DEFAULT NULL COMMENT '订单交易编号（第三方支付用)',
  `trade_body` varchar(200) DEFAULT NULL COMMENT '订单描述(第三方支付用)',
  `create_time` datetime DEFAULT NULL COMMENT '创建时间',
  `operate_time` datetime DEFAULT NULL COMMENT '操作时间',
  `expire_time` datetime DEFAULT NULL COMMENT '失效时间',
  `tracking_no` varchar(100) DEFAULT NULL COMMENT '物流单编号',
  `parent_order_id` bigint(20) DEFAULT NULL COMMENT '父订单编号',
  `img_url` varchar(200) DEFAULT NULL COMMENT '图片路径',
  `province_id` int(20) DEFAULT NULL COMMENT '地区',
  `benefit_reduce_amount` decimal(16,2) DEFAULT NULL COMMENT '优惠金额',
  `original_total_amount` decimal(16,2) DEFAULT NULL COMMENT '原价金额',
  `feight_fee` decimal(16,2) DEFAULT NULL COMMENT '运费',
  PRIMARY KEY (`id`)
) ENGINE=InnoDB AUTO_INCREMENT=3210 DEFAULT CHARSET=utf8 COMMENT='订单表 订单表';

/*Data for the table `order_info` */

insert  into `order_info`(`id`,`consignee`,`consignee_tel`,`final_total_amount`,`order_status`,`user_id`,`delivery_address`,`order_comment`,`out_trade_no`,`trade_body`,`create_time`,`operate_time`,`expire_time`,`tracking_no`,`parent_order_id`,`img_url`,`province_id`,`benefit_reduce_amount`,`original_total_amount`,`feight_fee`) values 

(3035,'卫江','13777291343',11531.00,'1005',9,'第20大街第25号楼7单元617门','描述399664','696158196626124','小米（MI） 小米路由器4 双千兆路由器 无线家用穿墙1200M高速双频wifi 千兆版 千兆端口光纤适用等6件商品','2020-03-15 00:00:00','2020-03-16 00:00:00','2020-03-15 00:15:00',NULL,NULL,'http://img.gmall.com/152471.jpg',15,0.00,11523.00,8.00),

(3036,'臧岩中','13051448038',14259.00,'1005',4,'第4大街第29号楼1单元463门','描述194346','388268633918818','小米（MI） 小米路由器4 双千兆路由器 无线家用穿墙1200M高速双频wifi 千兆版 千兆端口光纤适用等5件商品','2020-03-15 00:00:00','2020-03-16 00:00:00','2020-03-15 00:15:00',NULL,NULL,'http://img.gmall.com/264153.jpg',13,0.00,14248.00,11.00),

(3037,'尉迟才发','13489893548',1258.00,'1005',3,'第9大街第39号楼3单元626门','描述223426','647681326311985','小米（MI） 小米路由器4 双千兆路由器 无线家用穿墙1200M高速双频wifi 千兆版 千兆端口光纤适用等6件商品','2020-03-15 00:00:00','2020-03-16 00:00:00','2020-03-15 00:15:00',NULL,NULL,'http://img.gmall.com/682313.jpg',5,145.00,1398.00,5.00),

(3038,'陈时泰','13384731846',6912.00,'1005',6,'第13大街第20号楼1单元981门','描述115255','184416845552373','联想(Lenovo)Y9000X 2019新款 15.6英寸高性能标压轻薄本笔记本电脑(i5-9300H 16G 512GSSD FHD)深空灰等5件商品','2020-03-15 00:00:00','2020-03-16 00:00:00','2020-03-15 00:15:00',NULL,NULL,'http://img.gmall.com/665126.jpg',16,17700.00,24593.00,19.00),

(3039,'赵朋斌','13673502200',2939.00,'1005',10,'第1大街第26号楼8单元319门','描述462337','599493962666822','十月稻田 沁州黄小米 (黄小米 五谷杂粮 山西特产 真空装 大米伴侣 粥米搭档) 2.5kg等3件商品','2020-03-15 00:00:00','2020-03-15 00:00:00','2020-03-15 00:15:00',NULL,NULL,'http://img.gmall.com/396168.jpg',2,658.00,3588.00,9.00),

(3040,'祁静淑','13700595708',24397.00,'1004',8,'第3大街第14号楼2单元597门','描述279583','947414778219513','TCL 55A950C 55英寸32核人工智能 HDR曲面超薄4K电视金属机身（枪色）等9件商品','2020-03-15 00:00:00','2020-03-15 00:00:00','2020-03-15 00:15:00',NULL,NULL,'http://img.gmall.com/742734.jpg',4,0.00,24389.00,8.00),

(3041,'雷纯','13321874373',11556.00,'1005',5,'第1大街第24号楼5单元493门','描述336381','957938184426679','联想(Lenovo)拯救者Y7000 2019新款 15.6英寸游戏本笔记本电脑（i7-9750H 8GB 1TB+256GB GTX1650 4G独显 黑）等3件商品','2020-03-15 00:00:00','2020-03-15 00:00:00','2020-03-15 00:15:00',NULL,NULL,'http://img.gmall.com/285796.jpg',18,7659.00,19197.00,18.00),

(3042,'单于婵','13555590718',5793.00,'1005',7,'第18大街第24号楼9单元995门','描述224449','986926274564489','TCL 55A950C 55英寸32核人工智能 HDR曲面超薄4K电视金属机身（枪色）等2件商品','2020-03-15 00:00:00','2020-03-15 00:00:00','2020-03-15 00:15:00',NULL,NULL,'http://img.gmall.com/144852.jpg',26,0.00,5773.00,20.00),

(3043,'岑巧美','13296490361',12160.00,'1005',1,'第2大街第1号楼2单元723门','描述758521','336141555348397','十月稻田 沁州黄小米 (黄小米 五谷杂粮 山西特产 真空装 大米伴侣 粥米搭档) 2.5kg等5件商品','2020-03-15 00:00:00','2020-03-16 00:00:00','2020-03-15 00:15:00',NULL,NULL,'http://img.gmall.com/524554.jpg',30,10240.00,22385.00,15.00),

(3044,'尉迟行','13166059475',11145.00,'1005',9,'第7大街第15号楼2单元847门','描述764593','273524257116549','联想(Lenovo)拯救者Y7000 英特尔酷睿i7 2019新款 15.6英寸发烧游戏本笔记本电脑（i7-9750H 8GB 512GB SSD GTX1650 4G 高色域等8件商品','2020-03-16 00:00:00','2020-03-20 00:00:00','2020-03-16 00:15:00',NULL,NULL,'http://img.gmall.com/996991.jpg',29,8644.00,19775.00,14.00),

(3045,'西门斌','13831496678',4885.00,'1005',3,'第16大街第28号楼6单元915门','描述585295','148396829457353','荣耀10青春版 幻彩渐变 2400万AI自拍 全网通版4GB+64GB 渐变蓝 移动联通电信4G全面屏手机 双卡双待等10件商品','2020-03-16 00:00:00','2020-03-16 00:00:00','2020-03-16 00:15:00',NULL,NULL,'http://img.gmall.com/695956.jpg',29,3434.00,8302.00,17.00),

(3046,'乐涛','13594780282',29595.00,'1005',10,'第9大街第13号楼2单元387门','描述965367','967635416553698','TCL 55A950C 55英寸32核人工智能 HDR曲面超薄4K电视金属机身（枪色）等12件商品','2020-03-16 00:00:00','2020-03-16 00:00:00','2020-03-16 00:15:00',NULL,NULL,'http://img.gmall.com/597567.jpg',25,4790.00,34380.00,5.00),

(3047,'和莺媛','13734788623',18644.00,'1005',20,'第4大街第14号楼9单元343门','描述687281','528267395135943','联想(Lenovo)拯救者Y7000 2019新款 15.6英寸游戏本笔记本电脑（i7-9750H 8GB 1TB+256GB GTX1650 4G独显 黑）等3件商品','2020-03-16 00:00:00','2020-03-20 00:00:00','2020-03-16 00:15:00',NULL,NULL,'http://img.gmall.com/443662.jpg',29,563.00,19197.00,10.00),

(3048,'顾士以','13821902541',25194.00,'1005',8,'第15大街第3号楼5单元964门','描述846784','664241926648696','TCL 55A950C 55英寸32核人工智能 HDR曲面超薄4K电视金属机身（枪色）等12件商品','2020-03-16 00:00:00','2020-03-16 00:00:00','2020-03-16 00:15:00',NULL,NULL,'http://img.gmall.com/879257.jpg',4,9535.00,34721.00,8.00),

(3049,'康祥才','13561173250',32386.00,'1005',1,'第11大街第15号楼6单元828门','描述972555','588796265281362','十月稻田 沁州黄小米 (黄小米 五谷杂粮 山西特产 真空装 大米伴侣 粥米搭档) 2.5kg等10件商品','2020-03-16 00:00:00','2020-03-20 00:00:00','2020-03-16 00:15:00',NULL,NULL,'http://img.gmall.com/434874.jpg',13,12993.00,45366.00,13.00),

(3050,'时国','13363006433',18777.00,'1005',19,'第8大街第11号楼7单元635门','描述862348','851968378324288','联想(Lenovo)拯救者Y7000 2019新款 15.6英寸游戏本笔记本电脑（i7-9750H 8GB 1TB+256GB GTX1650 4G独显 黑）等3件商品','2020-03-16 00:00:00','2020-03-17 00:00:00','2020-03-16 00:15:00',NULL,NULL,'http://img.gmall.com/923835.jpg',11,438.00,19197.00,18.00),

(3051,'东郭勇毅','13942056953',17631.00,'1005',5,'第1大街第33号楼3单元645门','描述398663','748627323145938','联想(Lenovo)拯救者Y7000 2019新款 15.6英寸游戏本笔记本电脑（i7-9750H 8GB 1TB+256GB GTX1650 4G独显 黑）等3件商品','2020-03-16 00:00:00','2020-03-17 00:00:00','2020-03-16 00:15:00',NULL,NULL,'http://img.gmall.com/224594.jpg',10,1581.00,19197.00,15.00),

(3052,'卫欣','13099788661',4889.00,'1004',13,'第6大街第38号楼3单元935门','描述648164','951268421374451','TCL 55A950C 55英寸32核人工智能 HDR曲面超薄4K电视金属机身（枪色）等2件商品','2020-03-16 00:00:00','2020-03-16 00:00:00','2020-03-16 00:15:00',NULL,NULL,'http://img.gmall.com/752827.jpg',14,0.00,4874.00,15.00),

(3053,'岑俊峰','13601665595',16690.00,'1005',6,'第2大街第31号楼9单元956门','描述181613','287592296429331','联想(Lenovo)Y9000X 2019新款 15.6英寸高性能标压轻薄本笔记本电脑(i5-9300H 16G 512GSSD FHD)深空灰等6件商品','2020-03-16 00:00:00','2020-03-18 00:00:00','2020-03-16 00:15:00',NULL,NULL,'http://img.gmall.com/892576.jpg',21,8165.00,24837.00,18.00),

(3054,'戴欢霄','13713873964',9574.00,'1005',12,'第5大街第20号楼6单元733门','描述555935','611592276713132','小米（MI） 小米路由器4 双千兆路由器 无线家用穿墙1200M高速双频wifi 千兆版 千兆端口光纤适用等4件商品','2020-03-16 00:00:00','2020-03-16 00:00:00','2020-03-16 00:15:00',NULL,NULL,'http://img.gmall.com/984687.jpg',12,0.00,9566.00,8.00),

(3055,'朱梁','13373274623',5695.00,'1005',4,'第20大街第27号楼4单元337门','描述411782','811953625327149','Apple iPhoneXSMax (A2104) 256GB 深空灰色 移动联通电信4G手机 双卡双待等3件商品','2020-03-16 00:00:00','2020-03-18 00:00:00','2020-03-16 00:15:00',NULL,NULL,'http://img.gmall.com/657522.jpg',31,3511.00,9190.00,16.00),

(3056,'吴珠翠','13461695247',14435.00,'1005',2,'第8大街第20号楼9单元268门','描述448714','254782148933153','小米（MI） 小米路由器4 双千兆路由器 无线家用穿墙1200M高速双频wifi 千兆版 千兆端口光纤适用等11件商品','2020-03-16 00:00:00','2020-03-16 00:00:00','2020-03-16 00:15:00',NULL,NULL,'http://img.gmall.com/155232.jpg',13,0.00,14424.00,11.00),

(3057,'熊之轮','13891211024',59240.00,'1005',5,'第14大街第27号楼7单元196门','描述698186','169694251659132','联想(Lenovo)拯救者Y7000 2019新款 15.6英寸游戏本笔记本电脑（i7-9750H 8GB 1TB+256GB GTX1650 4G独显 黑）等10件商品','2020-03-16 00:00:00','2020-03-17 00:00:00','2020-03-16 00:15:00',NULL,NULL,'http://img.gmall.com/719414.jpg',33,978.00,60200.00,18.00),

(3058,'独孤厚','13186016957',39000.00,'1005',6,'第17大街第12号楼9单元892门','描述125581','233687733349224','联想(Lenovo)Y9000X 2019新款 15.6英寸高性能标压轻薄本笔记本电脑(i5-9300H 16G 512GSSD FHD)深空灰等13件商品','2020-03-16 00:00:00','2020-03-18 00:00:00','2020-03-16 00:15:00',NULL,NULL,'http://img.gmall.com/178543.jpg',3,10519.00,49504.00,15.00),

(3059,'金卿','13686537797',9790.00,'1005',7,'第5大街第34号楼6单元273门','描述753813','943979529294253','TCL 55A950C 55英寸32核人工智能 HDR曲面超薄4K电视金属机身（枪色）等4件商品','2020-03-16 00:00:00','2020-03-16 00:00:00','2020-03-16 00:15:00',NULL,NULL,'http://img.gmall.com/388853.jpg',1,0.00,9778.00,12.00),

(3060,'傅天','13353712482',12686.00,'1005',10,'第5大街第23号楼5单元941门','描述774582','852457536182123','TCL 55A950C 55英寸32核人工智能 HDR曲面超薄4K电视金属机身（枪色）等8件商品','2020-03-16 00:00:00','2020-03-16 00:00:00','2020-03-16 00:15:00',NULL,NULL,'http://img.gmall.com/913479.jpg',29,15469.00,28149.00,6.00),

(3061,'慕容贞莉','13673297361',673.00,'1004',12,'第5大街第35号楼2单元658门','描述147579','346637646627842','小米（MI） 小米路由器4 双千兆路由器 无线家用穿墙1200M高速双频wifi 千兆版 千兆端口光纤适用等3件商品','2020-03-16 00:00:00','2020-03-16 00:00:00','2020-03-16 00:15:00',NULL,NULL,'http://img.gmall.com/312572.jpg',28,0.00,666.00,7.00),

(3062,'顾枫芸','13882271621',25912.00,'1005',1,'第3大街第30号楼7单元286门','描述731377','522645949576777','联想(Lenovo)Y9000X 2019新款 15.6英寸高性能标压轻薄本笔记本电脑(i5-9300H 16G 512GSSD FHD)深空灰等8件商品','2020-03-16 00:00:00','2020-03-16 00:00:00','2020-03-16 00:15:00',NULL,NULL,'http://img.gmall.com/795357.jpg',28,18978.00,44878.00,12.00),

(3063,'尤昌','13306996570',14015.00,'1005',16,'第9大街第35号楼2单元995门','描述725161','245443729621738','TCL 55A950C 55英寸32核人工智能 HDR曲面超薄4K电视金属机身（枪色）等5件商品','2020-03-16 00:00:00','2020-03-17 00:00:00','2020-03-16 00:15:00',NULL,NULL,'http://img.gmall.com/344128.jpg',16,0.00,13998.00,17.00),

(3064,'汤军','13626028849',31879.00,'1004',8,'第2大街第21号楼2单元883门','描述217463','683777876773284','TCL 55A950C 55英寸32核人工智能 HDR曲面超薄4K电视金属机身（枪色）等16件商品','2020-03-16 00:00:00','2020-03-17 00:00:00','2020-03-16 00:15:00',NULL,NULL,'http://img.gmall.com/491558.jpg',17,18811.00,50672.00,18.00),

(3065,'姜元全','13947620372',3328.00,'1005',14,'第13大街第9号楼5单元545门','描述743226','736497272763196','TCL 55A950C 55英寸32核人工智能 HDR曲面超薄4K电视金属机身（枪色）等1件商品','2020-03-16 00:00:00','2020-03-16 00:00:00','2020-03-16 00:15:00',NULL,NULL,'http://img.gmall.com/351614.jpg',23,0.00,3321.00,7.00),

(3066,'鲁珊莎','13444734276',11363.00,'1005',17,'第18大街第1号楼8单元147门','描述955261','463534451515322','荣耀10 GT游戏加速 AIS手持夜景 6GB+64GB 幻影蓝全网通 移动联通电信等4件商品','2020-03-16 00:00:00','2020-03-16 00:00:00','2020-03-16 00:15:00',NULL,NULL,'http://img.gmall.com/358413.jpg',3,2411.00,13755.00,19.00),

(3067,'宋谦亨','13278766791',7342.00,'1005',13,'第7大街第1号楼1单元648门','描述522974','483591437778687','TCL 55A950C 55英寸32核人工智能 HDR曲面超薄4K电视金属机身（枪色）等3件商品','2020-03-16 00:00:00','2020-03-20 00:00:00','2020-03-16 00:15:00',NULL,NULL,'http://img.gmall.com/519456.jpg',6,0.00,7326.00,16.00),

(3068,'沈瑾','13286826375',7806.00,'1004',20,'第7大街第32号楼2单元735门','描述599273','979384654555344','荣耀10 GT游戏加速 AIS手持夜景 6GB+64GB 幻影蓝全网通 移动联通电信等4件商品','2020-03-16 00:00:00','2020-03-16 00:00:00','2020-03-16 00:15:00',NULL,NULL,'http://img.gmall.com/838179.jpg',14,0.00,7788.00,18.00),

(3069,'尹馨','13042664168',20957.00,'1005',9,'第3大街第33号楼3单元867门','描述542686','496795928168696','联想(Lenovo)拯救者Y7000 英特尔酷睿i7 2019新款 15.6英寸发烧游戏本笔记本电脑（i7-9750H 8GB 512GB SSD GTX1650 4G 高色域等10件商品','2020-03-16 00:00:00','2020-03-16 00:00:00','2020-03-16 00:15:00',NULL,NULL,'http://img.gmall.com/352345.jpg',12,5272.00,26213.00,16.00),

(3070,'祁枝思','13994597708',3518.00,'1005',18,'第16大街第26号楼9单元896门','描述217434','578627338488299','北纯精制黄小米（小黄米 月子米 小米粥 粗粮杂粮 大米伴侣）2.18kg等5件商品','2020-03-16 00:00:00','2020-03-20 00:00:00','2020-03-16 00:15:00',NULL,NULL,'http://img.gmall.com/362142.jpg',24,1118.00,4616.00,20.00),

(3071,'顾彪','13147193248',8449.00,'1005',2,'第12大街第8号楼6单元988门','描述354644','978171247132524','小米（MI） 小米路由器4 双千兆路由器 无线家用穿墙1200M高速双频wifi 千兆版 千兆端口光纤适用等8件商品','2020-03-16 00:00:00','2020-03-18 00:00:00','2020-03-16 00:15:00',NULL,NULL,'http://img.gmall.com/169396.jpg',24,0.00,8431.00,18.00),

(3072,'乐妹','13732171040',28777.00,'1005',19,'第4大街第29号楼9单元182门','描述434623','542473998414543','小米Play 流光渐变AI双摄 4GB+64GB 梦幻蓝 全网通4G 双卡双待 小水滴全面屏拍照游戏智能手机等8件商品','2020-03-16 00:00:00','2020-03-20 00:00:00','2020-03-16 00:15:00',NULL,NULL,'http://img.gmall.com/487594.jpg',32,7561.00,36321.00,17.00),

(3073,'魏枫芸','13475992349',81426.00,'1005',5,'第19大街第19号楼8单元329门','描述271637','866923839923871','联想(Lenovo)拯救者Y7000 2019新款 15.6英寸游戏本笔记本电脑（i7-9750H 8GB 1TB+256GB GTX1650 4G独显 黑）等16件商品','2020-03-16 00:00:00','2020-03-17 00:00:00','2020-03-16 00:15:00',NULL,NULL,'http://img.gmall.com/569332.jpg',13,12139.00,93560.00,5.00),

(3074,'茅琴蕊','13848542811',22883.00,'1005',10,'第15大街第25号楼6单元317门','描述957343','982974532743584','联想(Lenovo)拯救者Y7000 2019新款 15.6英寸游戏本笔记本电脑（i7-9750H 8GB 1TB+256GB GTX1650 4G独显 黑）等8件商品','2020-03-16 00:00:00','2020-03-16 00:00:00','2020-03-16 00:15:00',NULL,NULL,'http://img.gmall.com/646473.jpg',14,8356.00,31228.00,11.00),

(3075,'尹莉','13854207624',16116.00,'1005',1,'第9大街第22号楼3单元666门','描述895816','244416977171199','联想(Lenovo)Y9000X 2019新款 15.6英寸高性能标压轻薄本笔记本电脑(i5-9300H 16G 512GSSD FHD)深空灰等5件商品','2020-03-16 00:00:00','2020-03-20 00:00:00','2020-03-16 00:15:00',NULL,NULL,'http://img.gmall.com/363384.jpg',31,8675.00,24781.00,10.00),

(3076,'任青倩','13186963768',11495.00,'1005',8,'第4大街第13号楼9单元568门','描述285324','979866314948326','TCL 55A950C 55英寸32核人工智能 HDR曲面超薄4K电视金属机身（枪色）等14件商品','2020-03-16 00:00:00','2020-03-20 00:00:00','2020-03-16 00:15:00',NULL,NULL,'http://img.gmall.com/858856.jpg',21,33605.00,45095.00,5.00),

(3077,'穆明','13515739668',16268.00,'1005',14,'第14大街第34号楼1单元842门','描述572794','742293363733324','联想(Lenovo)拯救者Y7000 英特尔酷睿i7 2019新款 15.6英寸发烧游戏本笔记本电脑（i7-9750H 8GB 512GB SSD GTX1650 4G 高色域等7件商品','2020-03-16 00:00:00','2020-03-18 00:00:00','2020-03-16 00:15:00',NULL,NULL,'http://img.gmall.com/351162.jpg',14,13582.00,29845.00,5.00),

(3078,'齐哲江','13419391401',23880.00,'1005',20,'第7大街第12号楼8单元261门','描述686632','176751272212229','联想(Lenovo)拯救者Y7000 2019新款 15.6英寸游戏本笔记本电脑（i7-9750H 8GB 1TB+256GB GTX1650 4G独显 黑）等10件商品','2020-03-16 00:00:00','2020-03-20 00:00:00','2020-03-16 00:15:00',NULL,NULL,'http://img.gmall.com/626785.jpg',15,13696.00,37565.00,11.00),

(3079,'曹德','13857755065',6595.00,'1005',17,'第15大街第22号楼2单元912门','描述747876','144967673617365','联想(Lenovo)拯救者Y7000 2019新款 15.6英寸游戏本笔记本电脑（i7-9750H 8GB 1TB+256GB GTX1650 4G独显 黑）等3件商品','2020-03-16 00:00:00','2020-03-18 00:00:00','2020-03-16 00:15:00',NULL,NULL,'http://img.gmall.com/794563.jpg',5,2703.00,9283.00,15.00),

(3080,'鲁媛艳','13565128891',25295.00,'1004',7,'第9大街第28号楼9单元981门','描述731598','998381235313786','TCL 55A950C 55英寸32核人工智能 HDR曲面超薄4K电视金属机身（枪色）等9件商品','2020-03-16 00:00:00','2020-03-16 00:00:00','2020-03-16 00:15:00',NULL,NULL,'http://img.gmall.com/427296.jpg',13,0.00,25282.00,13.00),

(3081,'窦心','13740122897',17112.00,'1005',16,'第9大街第33号楼1单元713门','描述558153','249431156116957','TCL 55A950C 55英寸32核人工智能 HDR曲面超薄4K电视金属机身（枪色）等7件商品','2020-03-16 00:00:00','2020-03-18 00:00:00','2020-03-16 00:15:00',NULL,NULL,'http://img.gmall.com/847688.jpg',22,0.00,17104.00,8.00),

(3082,'史以建','13723242466',2255.00,'1005',27,'第5大街第36号楼6单元782门','描述381955','298798941411627','小米Play 流光渐变AI双摄 4GB+64GB 梦幻蓝 全网通4G 双卡双待 小水滴全面屏拍照游戏智能手机等5件商品','2020-03-16 00:00:00','2020-03-17 00:00:00','2020-03-16 00:15:00',NULL,NULL,'http://img.gmall.com/118199.jpg',31,1366.00,3616.00,5.00),

(3083,'百里平','13411646774',13029.00,'1005',4,'第11大街第31号楼9单元113门','描述522243','233148637447185','Apple iPhoneXSMax (A2104) 256GB 深空灰色 移动联通电信4G手机 双卡双待等6件商品','2020-03-16 00:00:00','2020-03-20 00:00:00','2020-03-16 00:15:00',NULL,NULL,'http://img.gmall.com/625843.jpg',2,1219.00,14239.00,9.00),

(3084,'纪东','13588635759',7375.00,'1004',18,'第9大街第8号楼3单元138门','描述412714','726859697772799','北纯精制黄小米（小黄米 月子米 小米粥 粗粮杂粮 大米伴侣）2.18kg等8件商品','2020-03-16 00:00:00','2020-03-16 00:00:00','2020-03-16 00:15:00',NULL,NULL,'http://img.gmall.com/971543.jpg',25,3908.00,11276.00,7.00),

(3085,'东方伊','13882508056',26573.00,'1005',6,'第17大街第26号楼1单元999门','描述598139','963158613249168','荣耀10 GT游戏加速 AIS手持夜景 6GB+64GB 幻影蓝全网通 移动联通电信等10件商品','2020-03-16 00:00:00','2020-03-20 00:00:00','2020-03-16 00:15:00',NULL,NULL,'http://img.gmall.com/835928.jpg',26,1009.00,27563.00,19.00),

(3086,'殷勤','13527247323',4313.00,'1005',13,'第20大街第11号楼3单元239门','描述251119','472624615321366','TCL 55A950C 55英寸32核人工智能 HDR曲面超薄4K电视金属机身（枪色）等4件商品','2020-03-16 00:00:00','2020-03-20 00:00:00','2020-03-16 00:15:00',NULL,NULL,'http://img.gmall.com/767937.jpg',13,1069.00,5362.00,20.00),

(3087,'闻人莉桂','13249015094',1453.00,'1005',25,'第9大街第30号楼9单元511门','描述527223','219798182987446','小米Play 流光渐变AI双摄 4GB+64GB 梦幻蓝 全网通4G 双卡双待 小水滴全面屏拍照游戏智能手机等1件商品','2020-03-16 00:00:00','2020-03-17 00:00:00','2020-03-16 00:15:00',NULL,NULL,'http://img.gmall.com/887668.jpg',29,0.00,1442.00,11.00),

(3088,'潘乐','13690461081',2471.00,'1005',23,'第20大街第25号楼8单元786门','描述572718','936369958893591','荣耀10 GT游戏加速 AIS手持夜景 6GB+64GB 幻影蓝全网通 移动联通电信等1件商品','2020-03-16 00:00:00','2020-03-17 00:00:00','2020-03-16 00:15:00',NULL,NULL,'http://img.gmall.com/187955.jpg',4,0.00,2452.00,19.00),

(3089,'岑辰士','13124611524',19760.00,'1004',2,'第4大街第38号楼1单元544门','描述471567','456195376969664','小米（MI） 小米路由器4 双千兆路由器 无线家用穿墙1200M高速双频wifi 千兆版 千兆端口光纤适用等17件商品','2020-03-17 00:00:00','2020-03-18 00:00:00','2020-03-17 00:15:00',NULL,NULL,'http://img.gmall.com/348474.jpg',29,0.00,19749.00,11.00),

(3090,'濮阳天','13171846279',22227.00,'1005',10,'第12大街第32号楼7单元858门','描述377118','978381462382559','十月稻田 沁州黄小米 (黄小米 五谷杂粮 山西特产 真空装 大米伴侣 粥米搭档) 2.5kg等12件商品','2020-03-17 00:00:00','2020-03-20 00:00:00','2020-03-17 00:15:00',NULL,NULL,'http://img.gmall.com/737155.jpg',5,4236.00,26455.00,8.00),

(3091,'平瑞','13951064966',7786.00,'1005',12,'第7大街第24号楼1单元754门','描述238335','248967969425399','小米（MI） 小米路由器4 双千兆路由器 无线家用穿墙1200M高速双频wifi 千兆版 千兆端口光纤适用等7件商品','2020-03-17 00:00:00','2020-03-17 00:00:00','2020-03-17 00:15:00',NULL,NULL,'http://img.gmall.com/316417.jpg',6,0.00,7777.00,9.00),

(3092,'唐仁','13261740045',27325.00,'1005',1,'第9大街第11号楼4单元339门','描述734765','487137341444989','联想(Lenovo)Y9000X 2019新款 15.6英寸高性能标压轻薄本笔记本电脑(i5-9300H 16G 512GSSD FHD)深空灰等6件商品','2020-03-17 00:00:00','2020-03-17 00:00:00','2020-03-17 00:15:00',NULL,NULL,'http://img.gmall.com/545493.jpg',32,14685.00,41994.00,16.00),

(3093,'鲁婉娴','13681127580',24592.00,'1004',20,'第13大街第40号楼8单元499门','描述398755','492679493128824','荣耀10 GT游戏加速 AIS手持夜景 6GB+64GB 幻影蓝全网通 移动联通电信等13件商品','2020-03-17 00:00:00','2020-03-17 00:00:00','2020-03-17 00:15:00',NULL,NULL,'http://img.gmall.com/143139.jpg',4,8195.00,32768.00,19.00),

(3094,'潘贞莉','13360857385',16940.00,'1005',17,'第13大街第28号楼9单元192门','描述891141','752798416399393','荣耀10 GT游戏加速 AIS手持夜景 6GB+64GB 幻影蓝全网通 移动联通电信等9件商品','2020-03-17 00:00:00','2020-03-17 00:00:00','2020-03-17 00:15:00',NULL,NULL,'http://img.gmall.com/258948.jpg',31,4034.00,20965.00,9.00),

(3095,'上官秋珊','13808582122',12953.00,'1005',3,'第6大街第19号楼5单元356门','描述646675','942294513228174','荣耀10青春版 幻彩渐变 2400万AI自拍 全网通版4GB+64GB 渐变蓝 移动联通电信4G全面屏手机 双卡双待等13件商品','2020-03-17 00:00:00','2020-03-17 00:00:00','2020-03-17 00:15:00',NULL,NULL,'http://img.gmall.com/963751.jpg',13,11480.00,24421.00,12.00),

(3096,'姚秀','13634719465',27972.00,'1004',7,'第5大街第27号楼4单元538门','描述667963','319463923423399','荣耀10青春版 幻彩渐变 2400万AI自拍 全网通版4GB+64GB 渐变蓝 移动联通电信4G全面屏手机 双卡双待等10件商品','2020-03-17 00:00:00','2020-03-17 00:00:00','2020-03-17 00:15:00',NULL,NULL,'http://img.gmall.com/368531.jpg',14,3774.00,31741.00,5.00),

(3097,'尹梦','13734934459',6785.00,'1005',13,'第14大街第21号楼5单元137门','描述155681','918552359827248','荣耀10 GT游戏加速 AIS手持夜景 6GB+64GB 幻影蓝全网通 移动联通电信等4件商品','2020-03-17 00:00:00','2020-03-17 00:00:00','2020-03-17 00:15:00',NULL,NULL,'http://img.gmall.com/748561.jpg',33,0.00,6778.00,7.00),

(3098,'潘东','13510425479',16312.00,'1005',6,'第20大街第38号楼3单元531门','描述419276','413913735471678','荣耀10 GT游戏加速 AIS手持夜景 6GB+64GB 幻影蓝全网通 移动联通电信等11件商品','2020-03-17 00:00:00','2020-03-18 00:00:00','2020-03-17 00:15:00',NULL,NULL,'http://img.gmall.com/461921.jpg',17,15510.00,31803.00,19.00),

(3099,'卞希宁','13492985301',38908.00,'1005',14,'第15大街第30号楼2单元526门','描述739293','332386467736312','联想(Lenovo)拯救者Y7000 英特尔酷睿i7 2019新款 15.6英寸发烧游戏本笔记本电脑（i7-9750H 8GB 512GB SSD GTX1650 4G 高色域等10件商品','2020-03-17 00:00:00','2020-03-17 00:00:00','2020-03-17 00:15:00',NULL,NULL,'http://img.gmall.com/639776.jpg',17,10611.00,49500.00,19.00),

(3100,'葛惠珠','13580677838',10551.00,'1005',23,'第20大街第36号楼6单元146门','描述711245','669293972683533','小米Play 流光渐变AI双摄 4GB+64GB 梦幻蓝 全网通4G 双卡双待 小水滴全面屏拍照游戏智能手机等4件商品','2020-03-17 00:00:00','2020-03-17 00:00:00','2020-03-17 00:15:00',NULL,NULL,'http://img.gmall.com/477962.jpg',1,0.00,10536.00,15.00),

(3101,'韦飞彬','13563888354',1182.00,'1004',4,'第3大街第33号楼7单元737门','描述589926','147368128211126','小米（MI） 小米路由器4 双千兆路由器 无线家用穿墙1200M高速双频wifi 千兆版 千兆端口光纤适用等8件商品','2020-03-17 00:00:00','2020-03-20 00:00:00','2020-03-17 00:15:00',NULL,NULL,'http://img.gmall.com/677867.jpg',28,375.00,1545.00,12.00),

(3102,'韦子杰','13864354277',43747.00,'1005',5,'第8大街第14号楼5单元371门','描述829578','377612592335753','联想(Lenovo)拯救者Y7000 2019新款 15.6英寸游戏本笔记本电脑（i7-9750H 8GB 1TB+256GB GTX1650 4G独显 黑）等11件商品','2020-03-17 00:00:00','2020-03-18 00:00:00','2020-03-17 00:15:00',NULL,NULL,'http://img.gmall.com/842561.jpg',31,20021.00,63754.00,14.00),

(3103,'伍锦','13879281535',2890.00,'1005',22,'第5大街第25号楼5单元711门','描述561328','434285324559483','小米Play 流光渐变AI双摄 4GB+64GB 梦幻蓝 全网通4G 双卡双待 小水滴全面屏拍照游戏智能手机等2件商品','2020-03-17 00:00:00','2020-03-17 00:00:00','2020-03-17 00:15:00',NULL,NULL,'http://img.gmall.com/482628.jpg',3,0.00,2884.00,6.00),

(3104,'尹琳','13726201641',4333.00,'1005',26,'第13大街第36号楼1单元279门','描述975918','563135239328548','小米Play 流光渐变AI双摄 4GB+64GB 梦幻蓝 全网通4G 双卡双待 小水滴全面屏拍照游戏智能手机等3件商品','2020-03-17 00:00:00','2020-03-17 00:00:00','2020-03-17 00:15:00',NULL,NULL,'http://img.gmall.com/536453.jpg',13,0.00,4326.00,7.00),

(3105,'孔露','13074768606',6206.00,'1005',25,'第18大街第13号楼3单元964门','描述943948','383937761199741','小米（MI）电视 55英寸曲面4K智能WiFi网络液晶电视机4S L55M5-AQ 小米电视4S 55英寸 曲面等2件商品','2020-03-17 00:00:00','2020-03-20 00:00:00','2020-03-17 00:15:00',NULL,NULL,'http://img.gmall.com/467385.jpg',10,0.00,6200.00,6.00),

(3106,'伏欢','13005667705',480.00,'1005',21,'第15大街第3号楼6单元423门','描述884555','682667191494448','十月稻田 沁州黄小米 (黄小米 五谷杂粮 山西特产 真空装 大米伴侣 粥米搭档) 2.5kg等3件商品','2020-03-17 00:00:00','2020-03-17 00:00:00','2020-03-17 00:15:00',NULL,NULL,'http://img.gmall.com/361691.jpg',21,270.00,732.00,18.00),

(3107,'俞翔','13156497387',14317.00,'1005',18,'第12大街第33号楼4单元637门','描述878113','181832913765134','小米Play 流光渐变AI双摄 4GB+64GB 梦幻蓝 全网通4G 双卡双待 小水滴全面屏拍照游戏智能手机等7件商品','2020-03-17 00:00:00','2020-03-20 00:00:00','2020-03-17 00:15:00',NULL,NULL,'http://img.gmall.com/972133.jpg',10,0.00,14307.00,10.00),

(3108,'呼延中茂','13050906623',26712.00,'1005',31,'第18大街第24号楼5单元253门','描述644131','166222942468288','Apple iPhoneXSMax (A2104) 256GB 深空灰色 移动联通电信4G手机 双卡双待等3件商品','2020-03-17 00:00:00','2020-03-18 00:00:00','2020-03-17 00:15:00',NULL,NULL,'http://img.gmall.com/233587.jpg',27,0.00,26700.00,12.00),

(3109,'诸葛新利','13040460985',10961.00,'1005',36,'第7大街第28号楼5单元142门','描述946735','257392823691335','荣耀10青春版 幻彩渐变 2400万AI自拍 全网通版4GB+64GB 渐变蓝 移动联通电信4G全面屏手机 双卡双待等3件商品','2020-03-17 00:00:00','2020-03-18 00:00:00','2020-03-17 00:15:00',NULL,NULL,'http://img.gmall.com/728384.jpg',2,7467.00,18419.00,9.00),

(3110,'南宫和','13420251063',8914.00,'1004',37,'第13大街第31号楼3单元395门','描述697656','378275437831962','Apple iPhoneXSMax (A2104) 256GB 深空灰色 移动联通电信4G手机 双卡双待等1件商品','2020-03-17 00:00:00','2020-03-18 00:00:00','2020-03-17 00:15:00',NULL,NULL,'http://img.gmall.com/895365.jpg',33,0.00,8900.00,14.00),

(3111,'尹厚庆','13759565696',113.00,'1004',32,'第20大街第12号楼9单元492门','描述374269','831643935941489','北纯精制黄小米（小黄米 月子米 小米粥 粗粮杂粮 大米伴侣）2.18kg等1件商品','2020-03-17 00:00:00','2020-03-18 00:00:00','2020-03-17 00:15:00',NULL,NULL,'http://img.gmall.com/124442.jpg',18,37.00,145.00,5.00),

(3112,'单于腾','13407523397',15358.00,'1005',1,'第2大街第12号楼6单元771门','描述589763','513673346163496','十月稻田 沁州黄小米 (黄小米 五谷杂粮 山西特产 真空装 大米伴侣 粥米搭档) 2.5kg等7件商品','2020-03-18 00:00:00','2020-03-20 00:00:00','2020-03-18 00:15:00',NULL,NULL,'http://img.gmall.com/925177.jpg',5,8131.00,23469.00,20.00),

(3113,'戚贵福','13621420316',33111.00,'1005',20,'第10大街第29号楼5单元292门','描述785784','491612766538263','联想(Lenovo)拯救者Y7000 2019新款 15.6英寸游戏本笔记本电脑（i7-9750H 8GB 1TB+256GB GTX1650 4G独显 黑）等12件商品','2020-03-18 00:00:00','2020-03-20 00:00:00','2020-03-18 00:15:00',NULL,NULL,'http://img.gmall.com/637677.jpg',16,16641.00,49746.00,6.00),

(3114,'范亚宜','13659592349',13097.00,'1005',17,'第6大街第11号楼3单元331门','描述586175','198451634276372','荣耀10 GT游戏加速 AIS手持夜景 6GB+64GB 幻影蓝全网通 移动联通电信等13件商品','2020-03-18 00:00:00','2020-03-18 00:00:00','2020-03-18 00:15:00',NULL,NULL,'http://img.gmall.com/185147.jpg',4,6604.00,19694.00,7.00),

(3115,'东方泰盛','13907125909',4048.00,'1005',11,'第11大街第29号楼3单元378门','描述277927','184258926875329','联想(Lenovo)Y9000X 2019新款 15.6英寸高性能标压轻薄本笔记本电脑(i5-9300H 16G 512GSSD FHD)深空灰等3件商品','2020-03-18 00:00:00','2020-03-18 00:00:00','2020-03-18 00:15:00',NULL,NULL,'http://img.gmall.com/198232.jpg',7,3558.00,7589.00,17.00),

(3116,'潘榕风','13997656505',9760.00,'1005',7,'第2大街第27号楼9单元274门','描述985479','734746675969759','TCL 55A950C 55英寸32核人工智能 HDR曲面超薄4K电视金属机身（枪色）等12件商品','2020-03-18 00:00:00','2020-03-20 00:00:00','2020-03-18 00:15:00',NULL,NULL,'http://img.gmall.com/583531.jpg',10,45609.00,55361.00,8.00),

(3117,'卫凡','13117096703',72856.00,'1005',5,'第9大街第27号楼8单元161门','描述532553','424193573114159','联想(Lenovo)拯救者Y7000 2019新款 15.6英寸游戏本笔记本电脑（i7-9750H 8GB 1TB+256GB GTX1650 4G独显 黑）等17件商品','2020-03-18 00:00:00','2020-03-18 00:00:00','2020-03-18 00:15:00',NULL,NULL,'http://img.gmall.com/283838.jpg',3,7163.00,80009.00,10.00),

(3118,'金纯','13360099348',46771.00,'1005',8,'第1大街第35号楼8单元999门','描述273116','326947784284846','小米（MI）电视 55英寸曲面4K智能WiFi网络液晶电视机4S L55M5-AQ 小米电视4S 55英寸 曲面等23件商品','2020-03-18 00:00:00','2020-03-20 00:00:00','2020-03-18 00:15:00',NULL,NULL,'http://img.gmall.com/687737.jpg',31,18061.00,64822.00,10.00),

(3119,'潘凝','13634616559',9152.00,'1005',40,'第16大街第3号楼7单元273门','描述826771','628547528679766','十月稻田 沁州黄小米 (黄小米 五谷杂粮 山西特产 真空装 大米伴侣 粥米搭档) 2.5kg等5件商品','2020-03-18 00:00:00','2020-03-20 00:00:00','2020-03-18 00:15:00',NULL,NULL,'http://img.gmall.com/342443.jpg',28,4989.00,14130.00,11.00),

(3120,'濮阳羽','13359875653',37099.00,'1005',14,'第13大街第27号楼3单元185门','描述395546','637442983958431','荣耀10青春版 幻彩渐变 2400万AI自拍 全网通版4GB+64GB 渐变蓝 移动联通电信4G全面屏手机 双卡双待等14件商品','2020-03-18 00:00:00','2020-03-20 00:00:00','2020-03-18 00:15:00',NULL,NULL,'http://img.gmall.com/415869.jpg',33,35674.00,72765.00,8.00),

(3121,'曹豪心','13733419164',3935.00,'1005',4,'第9大街第32号楼7单元116门','描述893521','189874245942258','小米（MI） 小米路由器4 双千兆路由器 无线家用穿墙1200M高速双频wifi 千兆版 千兆端口光纤适用等9件商品','2020-03-18 00:00:00','2020-03-20 00:00:00','2020-03-18 00:15:00',NULL,NULL,'http://img.gmall.com/517218.jpg',17,4016.00,7944.00,7.00),

(3122,'沈琴蕊','13085920009',680.00,'1004',39,'第5大街第16号楼3单元888门','描述477146','898544762622759','十月稻田 沁州黄小米 (黄小米 五谷杂粮 山西特产 真空装 大米伴侣 粥米搭档) 2.5kg等3件商品','2020-03-18 00:00:00','2020-03-20 00:00:00','2020-03-18 00:15:00',NULL,NULL,'http://img.gmall.com/973254.jpg',15,58.00,732.00,6.00),

(3123,'苗琬','13573755331',528.00,'1005',38,'第17大街第38号楼2单元483门','描述524324','949158576547363','北纯精制黄小米（小黄米 月子米 小米粥 粗粮杂粮 大米伴侣）2.18kg等4件商品','2020-03-18 00:00:00','2020-03-20 00:00:00','2020-03-18 00:15:00',NULL,NULL,'http://img.gmall.com/496862.jpg',6,159.00,679.00,8.00),

(3124,'钟离磊民','13034304891',24470.00,'1005',16,'第5大街第35号楼7单元647门','描述257856','762438852167759','TCL 55A950C 55英寸32核人工智能 HDR曲面超薄4K电视金属机身（枪色）等10件商品','2020-03-18 00:00:00','2020-03-18 00:00:00','2020-03-18 00:15:00',NULL,NULL,'http://img.gmall.com/931838.jpg',18,0.00,24460.00,10.00),

(3125,'施辰士','13034930742',18938.00,'1005',13,'第18大街第39号楼7单元516门','描述231352','261472433999311','荣耀10青春版 幻彩渐变 2400万AI自拍 全网通版4GB+64GB 渐变蓝 移动联通电信4G全面屏手机 双卡双待等5件商品','2020-03-18 00:00:00','2020-03-20 00:00:00','2020-03-18 00:15:00',NULL,NULL,'http://img.gmall.com/727974.jpg',2,2135.00,21055.00,18.00),

(3126,'乐磊','13943376974',8990.00,'1004',31,'第18大街第25号楼2单元879门','描述943485','411429371555526','小米Play 流光渐变AI双摄 4GB+64GB 梦幻蓝 全网通4G 双卡双待 小水滴全面屏拍照游戏智能手机等6件商品','2020-03-18 00:00:00','2020-03-20 00:00:00','2020-03-18 00:15:00',NULL,NULL,'http://img.gmall.com/695823.jpg',6,0.00,8985.00,5.00),

(3127,'凤凡','13418842742',16889.00,'1004',3,'第20大街第30号楼5单元999门','描述311381','867311819789882','小米（MI） 小米路由器4 双千兆路由器 无线家用穿墙1200M高速双频wifi 千兆版 千兆端口光纤适用等10件商品','2020-03-18 00:00:00','2020-03-20 00:00:00','2020-03-18 00:15:00',NULL,NULL,'http://img.gmall.com/131549.jpg',26,790.00,17662.00,17.00),

(3128,'岑力','13599445305',5723.00,'1004',18,'第5大街第19号楼4单元878门','描述284182','749718728372224','北纯精制黄小米（小黄米 月子米 小米粥 粗粮杂粮 大米伴侣）2.18kg等7件商品','2020-03-18 00:00:00','2020-03-18 00:00:00','2020-03-18 00:15:00',NULL,NULL,'http://img.gmall.com/246538.jpg',3,15844.00,21548.00,19.00),

(3129,'范荔','13127129051',35256.00,'1005',6,'第18大街第8号楼7单元616门','描述264198','563331694212446','联想(Lenovo)Y9000X 2019新款 15.6英寸高性能标压轻薄本笔记本电脑(i5-9300H 16G 512GSSD FHD)深空灰等16件商品','2020-03-18 00:00:00','2020-03-20 00:00:00','2020-03-18 00:15:00',NULL,NULL,'http://img.gmall.com/513238.jpg',24,14945.00,50192.00,9.00),

(3130,'百里进','13939993338',99.00,'1004',37,'第19大街第25号楼3单元847门','描述273941','832797886382368','北纯精制黄小米（小黄米 月子米 小米粥 粗粮杂粮 大米伴侣）2.18kg等1件商品','2020-03-18 00:00:00','2020-03-18 00:00:00','2020-03-18 00:15:00',NULL,NULL,'http://img.gmall.com/661231.jpg',18,56.00,145.00,10.00),

(3131,'殷雁蓓','13355169394',15531.00,'1005',10,'第16大街第5号楼1单元728门','描述723573','888936158935915','TCL 55A950C 55英寸32核人工智能 HDR曲面超薄4K电视金属机身（枪色）等12件商品','2020-03-18 00:00:00','2020-03-20 00:00:00','2020-03-18 00:15:00',NULL,NULL,'http://img.gmall.com/149935.jpg',11,10936.00,26456.00,11.00),

(3132,'方奇固','13652053463',29341.00,'1004',36,'第12大街第27号楼2单元729门','描述993958','734781632849186','Apple iPhoneXSMax (A2104) 256GB 深空灰色 移动联通电信4G手机 双卡双待等5件商品','2020-03-18 00:00:00','2020-03-18 00:00:00','2020-03-18 00:15:00',NULL,NULL,'http://img.gmall.com/642581.jpg',32,6067.00,35396.00,12.00),

(3133,'曹泰','13882018525',14303.00,'1004',27,'第8大街第39号楼1单元411门','描述851675','771835766132886','小米Play 流光渐变AI双摄 4GB+64GB 梦幻蓝 全网通4G 双卡双待 小水滴全面屏拍照游戏智能手机等9件商品','2020-03-18 00:00:00','2020-03-20 00:00:00','2020-03-18 00:15:00',NULL,NULL,'http://img.gmall.com/619138.jpg',8,13660.00,27944.00,19.00),

(3134,'唐成','13130510194',9541.00,'1004',23,'第1大街第1号楼7单元182门','描述444248','251486925113344','TCL 55A950C 55英寸32核人工智能 HDR曲面超薄4K电视金属机身（枪色）等4件商品','2020-03-18 00:00:00','2020-03-18 00:00:00','2020-03-18 00:15:00',NULL,NULL,'http://img.gmall.com/943938.jpg',25,0.00,9526.00,15.00),

(3135,'郑芝玉','13892854903',448.00,'1005',29,'第10大街第27号楼4单元794门','描述873475','769948411861143','十月稻田 沁州黄小米 (黄小米 五谷杂粮 山西特产 真空装 大米伴侣 粥米搭档) 2.5kg等2件商品','2020-03-18 00:00:00','2020-03-18 00:00:00','2020-03-18 00:15:00',NULL,NULL,'http://img.gmall.com/394458.jpg',26,48.00,488.00,8.00),

(3136,'茅菊兰','13803233588',34320.00,'1005',1,'第17大街第23号楼3单元621门','描述835322','527263439517948','联想(Lenovo)Y9000X 2019新款 15.6英寸高性能标压轻薄本笔记本电脑(i5-9300H 16G 512GSSD FHD)深空灰等10件商品','2020-03-20 00:00:00','2020-03-20 00:00:00','2020-03-20 00:15:00',NULL,NULL,'http://img.gmall.com/344767.jpg',33,15476.00,49782.00,14.00),

(3137,'穆璐','13218432392',22418.00,'1005',20,'第7大街第23号楼4单元293门','描述972324','716941957879165','联想(Lenovo)拯救者Y7000 2019新款 15.6英寸游戏本笔记本电脑（i7-9750H 8GB 1TB+256GB GTX1650 4G独显 黑）等14件商品','2020-03-20 00:00:00','2020-03-20 00:00:00','2020-03-20 00:15:00',NULL,NULL,'http://img.gmall.com/651755.jpg',22,16769.00,39167.00,20.00),

(3138,'百里霞','13164685748',44475.00,'1005',14,'第18大街第16号楼6单元571门','描述255755','337822146456827','荣耀10青春版 幻彩渐变 2400万AI自拍 全网通版4GB+64GB 渐变蓝 移动联通电信4G全面屏手机 双卡双待等15件商品','2020-03-20 00:00:00','2020-03-20 00:00:00','2020-03-20 00:15:00',NULL,NULL,'http://img.gmall.com/286827.jpg',16,29010.00,73479.00,6.00),

(3139,'西门武','13332990352',8743.00,'1004',32,'第17大街第6号楼6单元618门','描述149118','691244328592266','北纯精制黄小米（小黄米 月子米 小米粥 粗粮杂粮 大米伴侣）2.18kg等4件商品','2020-03-20 00:00:00','2020-03-20 00:00:00','2020-03-20 00:15:00',NULL,NULL,'http://img.gmall.com/779223.jpg',18,3194.00,11929.00,8.00),

(3140,'司马咏','13418273093',31993.00,'1005',31,'第13大街第18号楼2单元754门','描述341862','221936264711192','Apple iPhoneXSMax (A2104) 256GB 深空灰色 移动联通电信4G手机 双卡双待等10件商品','2020-03-20 00:00:00','2020-03-20 00:00:00','2020-03-20 00:15:00',NULL,NULL,'http://img.gmall.com/529577.jpg',26,10110.00,42084.00,19.00),

(3141,'诸葛可','13230045032',7054.00,'1004',16,'第12大街第13号楼5单元938门','描述866997','369244181789421','荣耀10 GT游戏加速 AIS手持夜景 6GB+64GB 幻影蓝全网通 移动联通电信等6件商品','2020-03-20 00:00:00','2020-03-20 00:00:00','2020-03-20 00:15:00',NULL,NULL,'http://img.gmall.com/865134.jpg',13,1053.00,8088.00,19.00),

(3142,'卫世广','13568835735',13347.00,'1005',4,'第15大街第39号楼1单元114门','描述175371','713199233725863','小米（MI） 小米路由器4 双千兆路由器 无线家用穿墙1200M高速双频wifi 千兆版 千兆端口光纤适用等14件商品','2020-03-20 00:00:00','2020-03-20 00:00:00','2020-03-20 00:15:00',NULL,NULL,'http://img.gmall.com/949447.jpg',20,34704.00,48042.00,9.00),

(3143,'卫仁波','13323418001',55868.00,'1005',5,'第6大街第34号楼7单元362门','描述714411','588249814579987','联想(Lenovo)拯救者Y7000 2019新款 15.6英寸游戏本笔记本电脑（i7-9750H 8GB 1TB+256GB GTX1650 4G独显 黑）等22件商品','2020-03-20 00:00:00','2020-03-20 00:00:00','2020-03-20 00:15:00',NULL,NULL,'http://img.gmall.com/684173.jpg',2,44540.00,100396.00,12.00),

(3144,'上官胜','13924290756',3565.00,'1001',15,'第4大街第27号楼4单元337门','描述797192','763938929572783','小米（MI） 小米路由器4 双千兆路由器 无线家用穿墙1200M高速双频wifi 千兆版 千兆端口光纤适用等5件商品','2020-03-20 00:00:00','2020-03-20 00:00:00','2020-03-20 00:15:00',NULL,NULL,'http://img.gmall.com/265653.jpg',21,0.00,3550.00,15.00),

(3145,'狄秀','13543133025',14251.00,'1005',17,'第1大街第37号楼9单元657门','描述534168','572516735547651','荣耀10 GT游戏加速 AIS手持夜景 6GB+64GB 幻影蓝全网通 移动联通电信等14件商品','2020-03-20 00:00:00','2020-03-20 00:00:00','2020-03-20 00:15:00',NULL,NULL,'http://img.gmall.com/333357.jpg',21,15857.00,30096.00,12.00),

(3146,'华鹏泽','13436003634',2890.00,'1004',33,'第8大街第1号楼5单元626门','描述429469','993171622665265','小米Play 流光渐变AI双摄 4GB+64GB 梦幻蓝 全网通4G 双卡双待 小水滴全面屏拍照游戏智能手机等2件商品','2020-03-20 00:00:00','2020-03-20 00:00:00','2020-03-20 00:15:00',NULL,NULL,'http://img.gmall.com/476635.jpg',25,0.00,2884.00,6.00),

(3147,'俞娴','13533183832',34109.00,'1004',6,'第6大街第26号楼1单元756门','描述319879','698216763272229','联想(Lenovo)Y9000X 2019新款 15.6英寸高性能标压轻薄本笔记本电脑(i5-9300H 16G 512GSSD FHD)深空灰等15件商品','2020-03-20 00:00:00','2020-03-20 00:00:00','2020-03-20 00:15:00',NULL,NULL,'http://img.gmall.com/449565.jpg',16,15852.00,49948.00,13.00),

(3148,'雷成','13929639997',4084.00,'1004',3,'第16大街第5号楼9单元533门','描述372237','558578475225994','十月稻田 沁州黄小米 (黄小米 五谷杂粮 山西特产 真空装 大米伴侣 粥米搭档) 2.5kg等5件商品','2020-03-20 00:00:00','2020-03-20 00:00:00','2020-03-20 00:15:00',NULL,NULL,'http://img.gmall.com/729552.jpg',31,1430.00,5495.00,19.00),

(3149,'司空亚宜','13701922770',3552.00,'1004',7,'第1大街第11号楼5单元495门','描述571718','178697852612214','TCL 55A950C 55英寸32核人工智能 HDR曲面超薄4K电视金属机身（枪色）等15件商品','2020-03-20 00:00:00','2020-03-20 00:00:00','2020-03-20 00:15:00',NULL,NULL,'http://img.gmall.com/889885.jpg',6,40817.00,44358.00,11.00),

(3150,'毛轮翰','13549413749',18186.00,'1005',23,'第12大街第2号楼1单元381门','描述416568','298661948248794','TCL 55A950C 55英寸32核人工智能 HDR曲面超薄4K电视金属机身（枪色）等7件商品','2020-03-20 00:00:00','2020-03-20 00:00:00','2020-03-20 00:15:00',NULL,NULL,'http://img.gmall.com/427548.jpg',11,0.00,18178.00,8.00),

(3151,'陈晶','13453038432',8434.00,'1004',9,'第1大街第4号楼9单元699门','描述689217','774167477924763','小米（MI） 小米路由器4 双千兆路由器 无线家用穿墙1200M高速双频wifi 千兆版 千兆端口光纤适用等4件商品','2020-03-20 00:00:00','2020-03-20 00:00:00','2020-03-20 00:15:00',NULL,NULL,'http://img.gmall.com/784284.jpg',34,0.00,8417.00,17.00),

(3152,'常世','13370195423',21849.00,'1004',10,'第2大街第30号楼6单元841门','描述727992','948245394575631','TCL 55A950C 55英寸32核人工智能 HDR曲面超薄4K电视金属机身（枪色）等21件商品','2020-03-20 00:00:00','2020-03-20 00:00:00','2020-03-20 00:15:00',NULL,NULL,'http://img.gmall.com/214117.jpg',21,31009.00,52838.00,20.00),

(3153,'茅爽','13766098834',25417.00,'1005',13,'第4大街第35号楼3单元896门','描述121914','582515324243368','荣耀10青春版 幻彩渐变 2400万AI自拍 全网通版4GB+64GB 渐变蓝 移动联通电信4G全面屏手机 双卡双待等10件商品','2020-03-20 00:00:00','2020-03-20 00:00:00','2020-03-20 00:15:00',NULL,NULL,'http://img.gmall.com/581292.jpg',33,5026.00,30429.00,14.00),

(3154,'熊树','13879357409',6181.00,'1004',11,'第16大街第29号楼6单元765门','描述198257','286389777239132','联想(Lenovo)Y9000X 2019新款 15.6英寸高性能标压轻薄本笔记本电脑(i5-9300H 16G 512GSSD FHD)深空灰等6件商品','2020-03-20 00:00:00','2020-03-20 00:00:00','2020-03-20 00:15:00',NULL,NULL,'http://img.gmall.com/255562.jpg',31,6082.00,12248.00,15.00),

(3155,'郑飘育','13370859404',5577.00,'1005',30,'第1大街第32号楼8单元685门','描述812892','613365836699827','荣耀10 GT游戏加速 AIS手持夜景 6GB+64GB 幻影蓝全网通 移动联通电信等3件商品','2020-03-20 00:00:00','2020-03-20 00:00:00','2020-03-20 00:15:00',NULL,NULL,'http://img.gmall.com/422631.jpg',23,0.00,5558.00,19.00),

(3156,'曹锦黛','13730680946',4987.00,'1005',40,'第15大街第14号楼2单元538门','描述179487','738115626984769','十月稻田 沁州黄小米 (黄小米 五谷杂粮 山西特产 真空装 大米伴侣 粥米搭档) 2.5kg等5件商品','2020-03-20 00:00:00','2020-03-20 00:00:00','2020-03-20 00:15:00',NULL,NULL,'http://img.gmall.com/886797.jpg',15,9155.00,14130.00,12.00),

(3157,'滕利清','13000786243',16695.00,'1001',12,'第16大街第11号楼1单元816门','描述279647','537533895742529','小米（MI） 小米路由器4 双千兆路由器 无线家用穿墙1200M高速双频wifi 千兆版 千兆端口光纤适用等8件商品','2020-03-20 00:00:00','2020-03-20 00:00:00','2020-03-20 00:15:00',NULL,NULL,'http://img.gmall.com/749276.jpg',19,0.00,16677.00,18.00),

(3158,'贺瑶','13464689321',6985.00,'1004',37,'第10大街第39号楼6单元444门','描述899284','669747317861812','Apple iPhoneXSMax (A2104) 256GB 深空灰色 移动联通电信4G手机 双卡双待等4件商品','2020-03-20 00:00:00','2020-03-20 00:00:00','2020-03-20 00:15:00',NULL,NULL,'http://img.gmall.com/557544.jpg',2,2361.00,9335.00,11.00),

(3159,'时澜','13201552504',3166.00,'1005',39,'第18大街第3号楼2单元828门','描述472446','797327577777716','十月稻田 沁州黄小米 (黄小米 五谷杂粮 山西特产 真空装 大米伴侣 粥米搭档) 2.5kg等4件商品','2020-03-20 00:00:00','2020-03-20 00:00:00','2020-03-20 00:15:00',NULL,NULL,'http://img.gmall.com/737112.jpg',11,28.00,3184.00,10.00),

(3160,'王亚','13629195983',58830.00,'1004',20,'第4大街第21号楼8单元754门','描述582633','115915922292654','联想(Lenovo)拯救者Y7000 2019新款 15.6英寸游戏本笔记本电脑（i7-9750H 8GB 1TB+256GB GTX1650 4G独显 黑）等15件商品','2020-03-20 00:00:00','2020-03-20 00:00:00','2020-03-20 00:15:00',NULL,NULL,'http://img.gmall.com/378877.jpg',10,3332.00,62154.00,8.00),

(3161,'舒民','13793781384',8099.00,'1004',32,'第5大街第2号楼7单元766门','描述447534','551314352565932','北纯精制黄小米（小黄米 月子米 小米粥 粗粮杂粮 大米伴侣）2.18kg等7件商品','2020-03-20 00:00:00','2020-03-20 00:00:00','2020-03-20 00:15:00',NULL,NULL,'http://img.gmall.com/258316.jpg',5,4578.00,12661.00,16.00),

(3162,'张安','13419373583',11770.00,'1004',16,'第7大街第15号楼3单元648门','描述142273','488964856365773','荣耀10 GT游戏加速 AIS手持夜景 6GB+64GB 幻影蓝全网通 移动联通电信等11件商品','2020-03-20 00:00:00','2020-03-20 00:00:00','2020-03-20 00:15:00',NULL,NULL,'http://img.gmall.com/755195.jpg',26,6790.00,18550.00,10.00),

(3163,'长孙霄枫','13518525411',25524.00,'1005',6,'第13大街第39号楼4单元578门','描述142833','442521652635486','联想(Lenovo)Y9000X 2019新款 15.6英寸高性能标压轻薄本笔记本电脑(i5-9300H 16G 512GSSD FHD)深空灰等17件商品','2020-03-20 00:00:00','2020-03-20 00:00:00','2020-03-20 00:15:00',NULL,NULL,'http://img.gmall.com/891271.jpg',31,22646.00,48162.00,8.00),

(3164,'司徒锦','13565827684',27977.00,'1004',4,'第3大街第34号楼2单元993门','描述226819','938527438975952','Apple iPhoneXSMax (A2104) 256GB 深空灰色 移动联通电信4G手机 双卡双待等12件商品','2020-03-20 00:00:00','2020-03-20 00:00:00','2020-03-20 00:15:00',NULL,NULL,'http://img.gmall.com/216426.jpg',22,19430.00,47395.00,12.00),

(3165,'孟晓','13267090960',13933.00,'1004',9,'第7大街第35号楼5单元583门','描述667972','867395971417574','联想(Lenovo)拯救者Y7000 英特尔酷睿i7 2019新款 15.6英寸发烧游戏本笔记本电脑（i7-9750H 8GB 512GB SSD GTX1650 4G 高色域等13件商品','2020-03-20 00:00:00','2020-03-20 00:00:00','2020-03-20 00:15:00',NULL,NULL,'http://img.gmall.com/862528.jpg',28,12951.00,26879.00,5.00),

(3166,'和涵予','13135589427',15746.00,'1005',2,'第17大街第26号楼9单元213门','描述733622','932682449494296','荣耀10青春版 幻彩渐变 2400万AI自拍 全网通版4GB+64GB 渐变蓝 移动联通电信4G全面屏手机 双卡双待等14件商品','2020-03-20 00:00:00','2020-03-20 00:00:00','2020-03-20 00:15:00',NULL,NULL,'http://img.gmall.com/953724.jpg',5,4963.00,20696.00,13.00),

(3167,'狄兰','13019327847',37571.00,'1004',5,'第6大街第24号楼1单元624门','描述594979','539953632855815','联想(Lenovo)拯救者Y7000 2019新款 15.6英寸游戏本笔记本电脑（i7-9750H 8GB 1TB+256GB GTX1650 4G独显 黑）等14件商品','2020-03-20 00:00:00','2020-03-20 00:00:00','2020-03-20 00:15:00',NULL,NULL,'http://img.gmall.com/642686.jpg',2,29241.00,66807.00,5.00),

(3168,'许达安','13023608210',582.00,'1004',40,'第7大街第3号楼1单元314门','描述441326','814811545992963','十月稻田 沁州黄小米 (黄小米 五谷杂粮 山西特产 真空装 大米伴侣 粥米搭档) 2.5kg等3件商品','2020-03-20 00:00:00','2020-03-20 00:00:00','2020-03-20 00:15:00',NULL,NULL,'http://img.gmall.com/144678.jpg',12,170.00,732.00,20.00),

(3169,'汪妍茜','13796373571',22760.00,'1001',12,'第13大街第29号楼2单元238门','描述261536','125427856322753','小米（MI） 小米路由器4 双千兆路由器 无线家用穿墙1200M高速双频wifi 千兆版 千兆端口光纤适用等8件商品','2020-03-20 00:00:00','2020-03-20 00:00:00','2020-03-20 00:15:00',NULL,NULL,'http://img.gmall.com/483997.jpg',31,8463.00,31215.00,8.00),

(3170,'单于龙元','13040983670',29732.00,'1004',1,'第16大街第7号楼7单元582门','描述349715','523421421252429','十月稻田 沁州黄小米 (黄小米 五谷杂粮 山西特产 真空装 大米伴侣 粥米搭档) 2.5kg等17件商品','2020-03-20 00:00:00','2020-03-20 00:00:00','2020-03-20 00:15:00',NULL,NULL,'http://img.gmall.com/287211.jpg',34,18571.00,48295.00,8.00),

(3171,'孟炎','13357421828',15064.00,'1004',3,'第11大街第34号楼6单元341门','描述964222','569642394338637','荣耀10青春版 幻彩渐变 2400万AI自拍 全网通版4GB+64GB 渐变蓝 移动联通电信4G全面屏手机 双卡双待等20件商品','2020-03-20 00:00:00','2020-03-20 00:00:00','2020-03-20 00:15:00',NULL,NULL,'http://img.gmall.com/494931.jpg',24,25094.00,40146.00,12.00),

(3172,'令狐梁','13690615671',5888.00,'1005',38,'第18大街第30号楼5单元775门','描述949789','574185365585468','十月稻田 沁州黄小米 (黄小米 五谷杂粮 山西特产 真空装 大米伴侣 粥米搭档) 2.5kg等4件商品','2020-03-20 00:00:00','2020-03-20 00:00:00','2020-03-20 00:15:00',NULL,NULL,'http://img.gmall.com/873186.jpg',4,3669.00,9544.00,13.00),

(3173,'毛翔旭','13059114788',30692.00,'1004',19,'第3大街第7号楼9单元666门','描述648369','687627743687552','小米Play 流光渐变AI双摄 4GB+64GB 梦幻蓝 全网通4G 双卡双待 小水滴全面屏拍照游戏智能手机等8件商品','2020-03-20 00:00:00','2020-03-20 00:00:00','2020-03-20 00:15:00',NULL,NULL,'http://img.gmall.com/944816.jpg',14,5647.00,36321.00,18.00),

(3174,'施丽韶','13815011525',4596.00,'1005',27,'第19大街第7号楼1单元368门','描述475423','495613549525786','小米Play 流光渐变AI双摄 4GB+64GB 梦幻蓝 全网通4G 双卡双待 小水滴全面屏拍照游戏智能手机等11件商品','2020-03-20 00:00:00','2020-03-20 00:00:00','2020-03-20 00:15:00',NULL,NULL,'http://img.gmall.com/929214.jpg',3,21135.00,25715.00,16.00),

(3175,'卜军','13495101964',2889.00,'1004',15,'第13大街第31号楼3单元874门','描述191263','477996234573122','小米Play 流光渐变AI双摄 4GB+64GB 梦幻蓝 全网通4G 双卡双待 小水滴全面屏拍照游戏智能手机等2件商品','2020-03-20 00:00:00','2020-03-20 00:00:00','2020-03-20 00:15:00',NULL,NULL,'http://img.gmall.com/296624.jpg',20,0.00,2884.00,5.00),

(3176,'蒋环','13405294775',28227.00,'1004',13,'第16大街第37号楼8单元764门','描述957737','884455313175395','荣耀10 GT游戏加速 AIS手持夜景 6GB+64GB 幻影蓝全网通 移动联通电信等19件商品','2020-03-20 00:00:00','2020-03-20 00:00:00','2020-03-20 00:15:00',NULL,NULL,'http://img.gmall.com/895148.jpg',10,21736.00,49955.00,8.00),

(3177,'马利','13166062118',2721.00,'1005',8,'第4大街第37号楼5单元875门','描述556177','893588872169787','TCL 55A950C 55英寸32核人工智能 HDR曲面超薄4K电视金属机身（枪色）等24件商品','2020-03-20 00:00:00','2020-03-20 00:00:00','2020-03-20 00:15:00',NULL,NULL,'http://img.gmall.com/285119.jpg',10,69234.00,71945.00,10.00),

(3178,'夏侯贵福','13006631885',3736.00,'1001',11,'第5大街第36号楼4单元499门','描述218268','269635466317769','联想(Lenovo)Y9000X 2019新款 15.6英寸高性能标压轻薄本笔记本电脑(i5-9300H 16G 512GSSD FHD)深空灰等1件商品','2020-03-20 00:00:00','2020-03-20 00:00:00','2020-03-20 00:15:00',NULL,NULL,'http://img.gmall.com/664631.jpg',19,3574.00,7299.00,11.00),

(3179,'柳婵雁','13502747910',42134.00,'1001',10,'第5大街第16号楼3单元935门','描述681938','245894412591925','十月稻田 沁州黄小米 (黄小米 五谷杂粮 山西特产 真空装 大米伴侣 粥米搭档) 2.5kg等19件商品','2020-03-20 00:00:00','2020-03-20 00:00:00','2020-03-20 00:15:00',NULL,NULL,'http://img.gmall.com/535312.jpg',24,15313.00,57428.00,19.00),

(3180,'殷若','13155793656',7342.00,'1005',22,'第13大街第24号楼9单元868门','描述176349','233914837662771','小米Play 流光渐变AI双摄 4GB+64GB 梦幻蓝 全网通4G 双卡双待 小水滴全面屏拍照游戏智能手机等4件商品','2020-03-20 00:00:00','2020-03-20 00:00:00','2020-03-20 00:15:00',NULL,NULL,'http://img.gmall.com/321568.jpg',6,0.00,7324.00,18.00),

(3181,'苏毓悦','13471778048',17652.00,'1004',23,'第1大街第27号楼5单元763门','描述496874','672982785237842','小米Play 流光渐变AI双摄 4GB+64GB 梦幻蓝 全网通4G 双卡双待 小水滴全面屏拍照游戏智能手机等8件商品','2020-03-20 00:00:00','2020-03-20 00:00:00','2020-03-20 00:15:00',NULL,NULL,'http://img.gmall.com/115895.jpg',22,12495.00,30134.00,13.00),

(3182,'欧阳庆','13330024839',4343.00,'1005',37,'第16大街第16号楼6单元268门','描述644878','931949278282413','小米Play 流光渐变AI双摄 4GB+64GB 梦幻蓝 全网通4G 双卡双待 小水滴全面屏拍照游戏智能手机等3件商品','2020-03-20 00:00:00','2020-03-20 00:00:00','2020-03-20 00:15:00',NULL,NULL,'http://img.gmall.com/859129.jpg',31,0.00,4326.00,17.00),

(3183,'单于英华','13460586747',12012.00,'1005',30,'第16大街第26号楼3单元614门','描述585289','219185446459266','荣耀10青春版 幻彩渐变 2400万AI自拍 全网通版4GB+64GB 渐变蓝 移动联通电信4G全面屏手机 双卡双待等3件商品','2020-03-20 00:00:00','2020-03-20 00:00:00','2020-03-20 00:15:00',NULL,NULL,'http://img.gmall.com/485391.jpg',4,0.00,12006.00,6.00),

(3184,'王梅','13256679611',2226.00,'1005',35,'第12大街第37号楼7单元989门','描述455491','785962692722986','荣耀10青春版 幻彩渐变 2400万AI自拍 全网通版4GB+64GB 渐变蓝 移动联通电信4G全面屏手机 双卡双待等1件商品','2020-03-20 00:00:00','2020-03-20 00:00:00','2020-03-20 00:15:00',NULL,NULL,'http://img.gmall.com/872217.jpg',13,0.00,2220.00,6.00),

(3185,'汪林','13455355357',12434.00,'1005',39,'第14大街第39号楼8单元352门','描述159483','743267353891977','荣耀10 GT游戏加速 AIS手持夜景 6GB+64GB 幻影蓝全网通 移动联通电信等4件商品','2020-03-20 00:00:00','2020-03-20 00:00:00','2020-03-20 00:15:00',NULL,NULL,'http://img.gmall.com/477554.jpg',18,0.00,12415.00,19.00),

(3186,'毕霞','13995266950',7035.00,'1004',32,'第17大街第28号楼6单元577门','描述482987','538276653181337','北纯精制黄小米（小黄米 月子米 小米粥 粗粮杂粮 大米伴侣）2.18kg等6件商品','2020-03-20 00:00:00','2020-03-20 00:00:00','2020-03-20 00:15:00',NULL,NULL,'http://img.gmall.com/167165.jpg',12,2902.00,9922.00,15.00),

(3187,'汪莎','13219376313',23384.00,'1004',6,'第13大街第22号楼7单元129门','描述791674','934433791755821','小米Play 流光渐变AI双摄 4GB+64GB 梦幻蓝 全网通4G 双卡双待 小水滴全面屏拍照游戏智能手机等15件商品','2020-03-20 00:00:00','2020-03-20 00:00:00','2020-03-20 00:15:00',NULL,NULL,'http://img.gmall.com/479979.jpg',27,10241.00,33608.00,17.00),

(3188,'西门珍','13784322943',20926.00,'1005',2,'第9大街第18号楼9单元524门','描述864655','733211998224787','荣耀10青春版 幻彩渐变 2400万AI自拍 全网通版4GB+64GB 渐变蓝 移动联通电信4G全面屏手机 双卡双待等17件商品','2020-03-20 00:00:00','2020-03-20 00:00:00','2020-03-20 00:15:00',NULL,NULL,'http://img.gmall.com/432717.jpg',19,6415.00,27321.00,20.00),

(3189,'岑颖露','13983833248',40347.00,'1004',5,'第5大街第13号楼1单元695门','描述941965','877948471822149','联想(Lenovo)拯救者Y7000 2019新款 15.6英寸游戏本笔记本电脑（i7-9750H 8GB 1TB+256GB GTX1650 4G独显 黑）等26件商品','2020-03-20 00:00:00','2020-03-20 00:00:00','2020-03-20 00:15:00',NULL,NULL,'http://img.gmall.com/157819.jpg',29,83517.00,123846.00,18.00),

(3190,'朱武新','13070459909',9199.00,'1004',40,'第16大街第11号楼7单元131门','描述421619','333756849885817','十月稻田 沁州黄小米 (黄小米 五谷杂粮 山西特产 真空装 大米伴侣 粥米搭档) 2.5kg等8件商品','2020-03-20 00:00:00','2020-03-20 00:00:00','2020-03-20 00:15:00',NULL,NULL,'http://img.gmall.com/859329.jpg',21,9092.00,18280.00,11.00),

(3191,'宇文叶','13524813844',3009.00,'1001',21,'第6大街第10号楼4单元645门','描述345115','784967718397423','十月稻田 沁州黄小米 (黄小米 五谷杂粮 山西特产 真空装 大米伴侣 粥米搭档) 2.5kg等7件商品','2020-03-20 00:00:00','2020-03-20 00:00:00','2020-03-20 00:15:00',NULL,NULL,'http://img.gmall.com/765586.jpg',27,2541.00,5536.00,14.00),

(3192,'南宫凝晓','13039968944',38869.00,'1001',19,'第3大街第2号楼9单元319门','描述716177','718816159974422','小米Play 流光渐变AI双摄 4GB+64GB 梦幻蓝 全网通4G 双卡双待 小水滴全面屏拍照游戏智能手机等9件商品','2020-03-20 00:00:00','2020-03-20 00:00:00','2020-03-20 00:15:00',NULL,NULL,'http://img.gmall.com/391517.jpg',5,6367.00,45221.00,15.00),

(3193,'傅薇菁','13102892432',7793.00,'1004',15,'第2大街第17号楼3单元319门','描述585137','993588739514189','小米Play 流光渐变AI双摄 4GB+64GB 梦幻蓝 全网通4G 双卡双待 小水滴全面屏拍照游戏智能手机等4件商品','2020-03-20 00:00:00','2020-03-20 00:00:00','2020-03-20 00:15:00',NULL,NULL,'http://img.gmall.com/477263.jpg',20,0.00,7788.00,5.00),

(3194,'窦玉萍','13520753575',6113.00,'1004',11,'第7大街第20号楼7单元412门','描述295257','149875277481444','荣耀10青春版 幻彩渐变 2400万AI自拍 全网通版4GB+64GB 渐变蓝 移动联通电信4G全面屏手机 双卡双待等4件商品','2020-03-20 00:00:00','2020-03-20 00:00:00','2020-03-20 00:15:00',NULL,NULL,'http://img.gmall.com/233612.jpg',20,4950.00,11058.00,5.00),

(3195,'单于天达','13323327847',9153.00,'1005',38,'第6大街第14号楼2单元334门','描述888283','223356982241757','十月稻田 沁州黄小米 (黄小米 五谷杂粮 山西特产 真空装 大米伴侣 粥米搭档) 2.5kg等9件商品','2020-03-20 00:00:00','2020-03-20 00:00:00','2020-03-20 00:15:00',NULL,NULL,'http://img.gmall.com/163716.jpg',27,7478.00,16621.00,10.00),

(3196,'袁雪','13761189410',12934.00,'1004',37,'第11大街第17号楼1单元982门','描述351984','531637913644422','Apple iPhoneXSMax (A2104) 256GB 深空灰色 移动联通电信4G手机 双卡双待等8件商品','2020-03-20 00:00:00','2020-03-20 00:00:00','2020-03-20 00:15:00',NULL,NULL,'http://img.gmall.com/237458.jpg',9,3486.00,16400.00,20.00),

(3197,'贺秀','13281673731',4677.00,'1004',34,'第20大街第10号楼7单元511门','描述453953','692458782721795','荣耀10青春版 幻彩渐变 2400万AI自拍 全网通版4GB+64GB 渐变蓝 移动联通电信4G全面屏手机 双卡双待等3件商品','2020-03-20 00:00:00','2020-03-20 00:00:00','2020-03-20 00:15:00',NULL,NULL,'http://img.gmall.com/141593.jpg',10,0.00,4659.00,18.00),

(3198,'濮阳成','13314872814',18097.00,'1004',18,'第4大街第3号楼7单元571门','描述528413','163749253422982','北纯精制黄小米（小黄米 月子米 小米粥 粗粮杂粮 大米伴侣）2.18kg等11件商品','2020-03-20 00:00:00','2020-03-20 00:00:00','2020-03-20 00:15:00',NULL,NULL,'http://img.gmall.com/712122.jpg',1,16360.00,34452.00,5.00),

(3199,'百里淑惠','13094466046',305.00,'1004',24,'第3大街第27号楼6单元186门','描述521594','161129862699718','十月稻田 沁州黄小米 (黄小米 五谷杂粮 山西特产 真空装 大米伴侣 粥米搭档) 2.5kg等2件商品','2020-03-20 00:00:00','2020-03-20 00:00:00','2020-03-20 00:15:00',NULL,NULL,'http://img.gmall.com/892985.jpg',21,199.00,488.00,16.00),

(3200,'费枫','13580212880',30518.00,'1004',23,'第9大街第40号楼5单元239门','描述676537','832657748467917','TCL 55A950C 55英寸32核人工智能 HDR曲面超薄4K电视金属机身（枪色）等12件商品','2020-03-20 00:00:00','2020-03-20 00:00:00','2020-03-20 00:15:00',NULL,NULL,'http://img.gmall.com/598129.jpg',33,8433.00,38932.00,19.00),

(3201,'南宫发武','13049738944',28032.00,'1004',8,'第7大街第16号楼2单元325门','描述715823','478639828358165','TCL 55A950C 55英寸32核人工智能 HDR曲面超薄4K电视金属机身（枪色）等19件商品','2020-03-20 00:00:00','2020-03-20 00:00:00','2020-03-20 00:15:00',NULL,NULL,'http://img.gmall.com/172452.jpg',22,16312.00,44328.00,16.00),

(3202,'罗文','13714824292',8775.00,'1005',22,'第5大街第25号楼9单元972门','描述686958','227225832235882','小米Play 流光渐变AI双摄 4GB+64GB 梦幻蓝 全网通4G 双卡双待 小水滴全面屏拍照游戏智能手机等5件商品','2020-03-20 00:00:00','2020-03-20 00:00:00','2020-03-20 00:15:00',NULL,NULL,'http://img.gmall.com/579232.jpg',2,0.00,8766.00,9.00),

(3203,'杨朋斌','13436970489',21322.00,'1001',27,'第16大街第14号楼3单元541门','描述241931','187541637294438','十月稻田 沁州黄小米 (黄小米 五谷杂粮 山西特产 真空装 大米伴侣 粥米搭档) 2.5kg等12件商品','2020-03-20 00:00:00','2020-03-20 00:00:00','2020-03-20 00:15:00',NULL,NULL,'http://img.gmall.com/813362.jpg',22,4778.00,26082.00,18.00),

(3204,'华厚庆','13320172381',17494.00,'1005',29,'第6大街第23号楼1单元991门','描述771915','416527139932172','联想(Lenovo)拯救者Y7000 2019新款 15.6英寸游戏本笔记本电脑（i7-9750H 8GB 1TB+256GB GTX1650 4G独显 黑）等3件商品','2020-03-20 00:00:00','2020-03-20 00:00:00','2020-03-20 00:15:00',NULL,NULL,'http://img.gmall.com/331833.jpg',19,1723.00,19197.00,20.00),

(3205,'公孙飞彬','13330088798',9972.00,'1004',28,'第17大街第20号楼8单元168门','描述263552','634118274281211','TCL 55A950C 55英寸32核人工智能 HDR曲面超薄4K电视金属机身（枪色）等3件商品','2020-03-20 00:00:00','2020-03-20 00:00:00','2020-03-20 00:15:00',NULL,NULL,'http://img.gmall.com/611446.jpg',10,0.00,9963.00,9.00),

(3206,'齐行','13380591764',14682.00,'1005',36,'第19大街第37号楼8单元225门','描述612535','458357994839882','荣耀10青春版 幻彩渐变 2400万AI自拍 全网通版4GB+64GB 渐变蓝 移动联通电信4G全面屏手机 双卡双待等4件商品','2020-03-20 00:00:00','2020-03-20 00:00:00','2020-03-20 00:15:00',NULL,NULL,'http://img.gmall.com/773358.jpg',17,1056.00,15719.00,19.00),

(3207,'呼延凝晓','13616888673',65170.00,'1001',14,'第7大街第15号楼3单元424门','描述356976','645862175999723','联想(Lenovo)拯救者Y7000 英特尔酷睿i7 2019新款 15.6英寸发烧游戏本笔记本电脑（i7-9750H 8GB 512GB SSD GTX1650 4G 高色域等20件商品','2020-03-20 00:00:00','2020-03-20 00:00:00','2020-03-20 00:15:00',NULL,NULL,'http://img.gmall.com/595337.jpg',18,35064.00,100218.00,16.00),

(3208,'平家致','13352550347',10445.00,'1004',39,'第17大街第39号楼7单元882门','描述568349','994959428495371','十月稻田 沁州黄小米 (黄小米 五谷杂粮 山西特产 真空装 大米伴侣 粥米搭档) 2.5kg等8件商品','2020-03-20 00:00:00','2020-03-20 00:00:00','2020-03-20 00:15:00',NULL,NULL,'http://img.gmall.com/942568.jpg',32,6041.00,16468.00,18.00),

(3209,'余乐','13112048522',5783.00,'1004',26,'第7大街第12号楼6单元194门','描述835387','641864914411535','小米Play 流光渐变AI双摄 4GB+64GB 梦幻蓝 全网通4G 双卡双待 小水滴全面屏拍照游戏智能手机等4件商品','2020-03-20 00:00:00','2020-03-20 00:00:00','2020-03-20 00:15:00',NULL,NULL,'http://img.gmall.com/144556.jpg',29,0.00,5768.00,15.00);

/*Table structure for table `order_refund_info` */

DROP TABLE IF EXISTS `order_refund_info`;

CREATE TABLE `order_refund_info` (
  `id` bigint(20) NOT NULL AUTO_INCREMENT COMMENT '编号',
  `user_id` bigint(20) DEFAULT NULL COMMENT '用户id',
  `order_id` bigint(20) DEFAULT NULL COMMENT '订单编号',
  `sku_id` bigint(20) DEFAULT NULL COMMENT 'skuid',
  `refund_type` varchar(20) DEFAULT NULL COMMENT '退款类型',
  `refund_num` bigint(20) DEFAULT NULL COMMENT '退货件数',
  `refund_amount` decimal(16,2) DEFAULT NULL COMMENT '退款金额',
  `refund_reason_type` varchar(200) DEFAULT NULL COMMENT '原因类型',
  `refund_reason_txt` varchar(20) DEFAULT NULL COMMENT '原因内容',
  `create_time` datetime DEFAULT NULL COMMENT '创建时间',
  PRIMARY KEY (`id`)
) ENGINE=InnoDB AUTO_INCREMENT=345 DEFAULT CHARSET=utf8 COMMENT='退单表';

/*Data for the table `order_refund_info` */

insert  into `order_refund_info`(`id`,`user_id`,`order_id`,`sku_id`,`refund_type`,`refund_num`,`refund_amount`,`refund_reason_type`,`refund_reason_txt`,`create_time`) values 

(238,10,3039,5,'1502',2,488.00,'1302','退款原因具体：0075864159','2020-03-15 00:00:00'),

(239,5,3041,11,'1502',3,19197.00,'1306','退款原因具体：3583217487','2020-03-15 00:00:00'),

(240,7,3042,2,'1502',1,3321.00,'1301','退款原因具体：3269578389','2020-03-15 00:00:00'),

(241,6,3038,13,'1502',3,21897.00,'1301','退款原因具体：7636215362','2020-03-16 00:00:00'),

(242,10,3046,2,'1501',3,9963.00,'1302','退款原因具体：3315415887','2020-03-16 00:00:00'),

(243,9,3035,10,'1502',1,222.00,'1307','退款原因具体：1017994172','2020-03-16 00:00:00'),

(244,4,3036,10,'1502',2,444.00,'1302','退款原因具体：9311906142','2020-03-16 00:00:00'),

(245,3,3037,10,'1501',3,666.00,'1307','退款原因具体：2030257401','2020-03-16 00:00:00'),

(246,1,3043,5,'1502',2,488.00,'1301','退款原因具体：4761167732','2020-03-16 00:00:00'),

(247,2,3056,10,'1501',3,666.00,'1303','退款原因具体：0469030134','2020-03-16 00:00:00'),

(248,1,3062,13,'1501',3,21897.00,'1301','退款原因具体：7406779305','2020-03-16 00:00:00'),

(249,17,3066,9,'1502',3,7356.00,'1302','退款原因具体：5490319518','2020-03-16 00:00:00'),

(250,3,3045,1,'1501',3,6660.00,'1301','退款原因具体：8955046786','2020-03-16 00:00:00'),

(251,8,3048,2,'1501',3,9963.00,'1306','退款原因具体：4427745263','2020-03-16 00:00:00'),

(252,12,3054,10,'1502',3,666.00,'1304','退款原因具体：7879618409','2020-03-16 00:00:00'),

(253,7,3059,2,'1502',1,3321.00,'1307','退款原因具体：6320322446','2020-03-16 00:00:00'),

(254,10,3060,2,'1502',3,9963.00,'1301','退款原因具体：8439799874','2020-03-16 00:00:00'),

(255,14,3065,2,'1502',1,3321.00,'1301','退款原因具体：1116437503','2020-03-16 00:00:00'),

(256,9,3069,12,'1501',1,6699.00,'1307','退款原因具体：9999529223','2020-03-16 00:00:00'),

(257,10,3074,11,'1502',2,12798.00,'1301','退款原因具体：2695849233','2020-03-16 00:00:00'),

(258,19,3050,11,'1502',3,19197.00,'1302','退款原因具体：5280043332','2020-03-17 00:00:00'),

(259,5,3051,11,'1502',3,19197.00,'1301','退款原因具体：5295199988','2020-03-17 00:00:00'),

(260,5,3057,11,'1502',3,19197.00,'1301','退款原因具体：3071673000','2020-03-17 00:00:00'),

(261,16,3063,2,'1502',2,6642.00,'1303','退款原因具体：6621518927','2020-03-17 00:00:00'),

(262,5,3073,11,'1502',3,19197.00,'1301','退款原因具体：4683061477','2020-03-17 00:00:00'),

(263,27,3082,4,'1502',2,2884.00,'1306','退款原因具体：3212969655','2020-03-17 00:00:00'),

(264,25,3087,4,'1502',1,1442.00,'1303','退款原因具体：4856552409','2020-03-17 00:00:00'),

(265,23,3088,9,'1501',1,2452.00,'1302','退款原因具体：0904772737','2020-03-17 00:00:00'),

(266,12,3091,10,'1501',3,666.00,'1306','退款原因具体：2713383053','2020-03-17 00:00:00'),

(267,1,3092,13,'1502',3,21897.00,'1302','退款原因具体：4628941216','2020-03-17 00:00:00'),

(268,17,3094,9,'1502',3,7356.00,'1301','退款原因具体：9498733723','2020-03-17 00:00:00'),

(269,3,3095,1,'1502',3,6660.00,'1302','退款原因具体：2909302770','2020-03-17 00:00:00'),

(270,13,3097,9,'1501',1,2452.00,'1302','退款原因具体：6472568157','2020-03-17 00:00:00'),

(271,14,3099,12,'1502',3,20097.00,'1301','退款原因具体：2395976963','2020-03-17 00:00:00'),

(272,23,3100,4,'1502',1,1442.00,'1304','退款原因具体：9141095251','2020-03-17 00:00:00'),

(273,22,3103,4,'1501',2,2884.00,'1304','退款原因具体：9202189734','2020-03-17 00:00:00'),

(274,26,3104,4,'1501',3,4326.00,'1303','退款原因具体：5129305785','2020-03-17 00:00:00'),

(275,21,3106,5,'1501',3,732.00,'1303','退款原因具体：0250354604','2020-03-17 00:00:00'),

(276,6,3053,13,'1501',3,21897.00,'1303','退款原因具体：9829932201','2020-03-18 00:00:00'),

(277,4,3055,8,'1501',1,8900.00,'1301','退款原因具体：4279353740','2020-03-18 00:00:00'),

(278,6,3058,13,'1501',3,21897.00,'1301','退款原因具体：9329302252','2020-03-18 00:00:00'),

(279,2,3071,10,'1502',3,666.00,'1301','退款原因具体：7389622700','2020-03-18 00:00:00'),

(280,14,3077,12,'1501',3,20097.00,'1303','退款原因具体：6232942283','2020-03-18 00:00:00'),

(281,17,3079,11,'1502',1,6399.00,'1303','退款原因具体：7722898407','2020-03-18 00:00:00'),

(282,16,3081,2,'1502',2,6642.00,'1301','退款原因具体：2340649373','2020-03-18 00:00:00'),

(283,6,3098,9,'1502',1,2452.00,'1301','退款原因具体：2568436620','2020-03-18 00:00:00'),

(284,5,3102,11,'1502',3,19197.00,'1303','退款原因具体：1762673430','2020-03-18 00:00:00'),

(285,31,3108,8,'1502',3,26700.00,'1301','退款原因具体：2204165152','2020-03-18 00:00:00'),

(286,36,3109,1,'1502',1,2220.00,'1301','退款原因具体：9765945946','2020-03-18 00:00:00'),

(287,17,3114,9,'1502',3,7356.00,'1301','退款原因具体：3572887558','2020-03-18 00:00:00'),

(288,11,3115,13,'1502',1,7299.00,'1302','退款原因具体：8513857854','2020-03-18 00:00:00'),

(289,5,3117,11,'1502',3,19197.00,'1302','退款原因具体：1792525326','2020-03-18 00:00:00'),

(290,16,3124,2,'1502',2,6642.00,'1302','退款原因具体：7144015444','2020-03-18 00:00:00'),

(291,29,3135,5,'1501',2,488.00,'1302','退款原因具体：5596522039','2020-03-18 00:00:00'),

(292,9,3044,12,'1502',1,6699.00,'1307','退款原因具体：5419558586','2020-03-20 00:00:00'),

(293,1,3049,5,'1502',2,488.00,'1301','退款原因具体：8465385808','2020-03-20 00:00:00'),

(294,18,3070,6,'1502',2,290.00,'1303','退款原因具体：4571963188','2020-03-20 00:00:00'),

(295,1,3075,13,'1502',3,21897.00,'1306','退款原因具体：8824805453','2020-03-20 00:00:00'),

(296,20,3078,11,'1501',3,19197.00,'1301','退款原因具体：6571803822','2020-03-20 00:00:00'),

(297,25,3105,3,'1502',2,6200.00,'1302','退款原因具体：5735643553','2020-03-20 00:00:00'),

(298,1,3112,5,'1501',2,488.00,'1304','退款原因具体：5501710511','2020-03-20 00:00:00'),

(299,7,3116,2,'1502',1,3321.00,'1306','退款原因具体：6114745606','2020-03-20 00:00:00'),

(300,10,3131,2,'1501',3,9963.00,'1301','退款原因具体：0581629512','2020-03-20 00:00:00'),

(301,14,3138,7,'1502',2,3106.00,'1303','退款原因具体：7938976727','2020-03-20 00:00:00'),

(302,31,3140,8,'1502',3,26700.00,'1302','退款原因具体：2187257176','2020-03-20 00:00:00'),

(303,17,3145,9,'1501',3,7356.00,'1301','退款原因具体：6540330648','2020-03-20 00:00:00'),

(304,13,3153,7,'1502',1,1553.00,'1307','退款原因具体：4291895426','2020-03-20 00:00:00'),

(305,13,3067,2,'1501',1,3321.00,'1301','退款原因具体：5153286130','2020-03-20 00:00:00'),

(306,8,3076,2,'1502',3,9963.00,'1303','退款原因具体：1253602714','2020-03-20 00:00:00'),

(307,6,3085,9,'1502',1,2452.00,'1301','退款原因具体：8172611964','2020-03-20 00:00:00'),

(308,10,3090,5,'1502',2,488.00,'1301','退款原因具体：8410610001','2020-03-20 00:00:00'),

(309,18,3107,4,'1502',3,4326.00,'1303','退款原因具体：5862361074','2020-03-20 00:00:00'),

(310,8,3118,3,'1502',3,9300.00,'1301','退款原因具体：5965813707','2020-03-20 00:00:00'),

(311,40,3119,5,'1502',3,732.00,'1301','退款原因具体：4604331553','2020-03-20 00:00:00'),

(312,14,3120,7,'1502',2,3106.00,'1304','退款原因具体：4291674002','2020-03-20 00:00:00'),

(313,4,3121,10,'1502',2,444.00,'1301','退款原因具体：6274997484','2020-03-20 00:00:00'),

(314,13,3125,7,'1502',1,1553.00,'1306','退款原因具体：7927844742','2020-03-20 00:00:00'),

(315,6,3129,13,'1501',3,21897.00,'1301','退款原因具体：7198431012','2020-03-20 00:00:00'),

(316,1,3136,13,'1502',3,21897.00,'1303','退款原因具体：1901831678','2020-03-20 00:00:00'),

(317,20,3137,11,'1502',3,19197.00,'1301','退款原因具体：7414203728','2020-03-20 00:00:00'),

(318,5,3143,11,'1502',3,19197.00,'1304','退款原因具体：2810131419','2020-03-20 00:00:00'),

(319,23,3150,2,'1502',2,6642.00,'1301','退款原因具体：3827621901','2020-03-20 00:00:00'),

(320,40,3156,5,'1501',3,732.00,'1301','退款原因具体：9846282016','2020-03-20 00:00:00'),

(321,39,3159,5,'1501',3,732.00,'1303','退款原因具体：8494117895','2020-03-20 00:00:00'),

(322,6,3163,13,'1501',3,21897.00,'1301','退款原因具体：8707715165','2020-03-20 00:00:00'),

(323,2,3166,1,'1501',2,4440.00,'1302','退款原因具体：1363779409','2020-03-20 00:00:00'),

(324,8,3177,2,'1502',3,9963.00,'1302','退款原因具体：1408369258','2020-03-20 00:00:00'),

(325,30,3183,7,'1502',2,3106.00,'1304','退款原因具体：3149520866','2020-03-20 00:00:00'),

(326,20,3047,11,'1502',3,19197.00,'1303','退款原因具体：5853670319','2020-03-20 00:00:00'),

(327,19,3072,4,'1502',3,4326.00,'1307','退款原因具体：4644709262','2020-03-20 00:00:00'),

(328,4,3083,8,'1502',1,8900.00,'1303','退款原因具体：7142609129','2020-03-20 00:00:00'),

(329,13,3086,2,'1501',1,3321.00,'1303','退款原因具体：0701233071','2020-03-20 00:00:00'),

(330,20,3113,11,'1502',3,19197.00,'1301','退款原因具体：2858103694','2020-03-20 00:00:00'),

(331,38,3123,6,'1501',3,435.00,'1304','退款原因具体：8309894699','2020-03-20 00:00:00'),

(332,4,3142,10,'1501',2,444.00,'1303','退款原因具体：4920442450','2020-03-20 00:00:00'),

(333,30,3155,9,'1502',1,2452.00,'1303','退款原因具体：9248310683','2020-03-20 00:00:00'),

(334,38,3172,5,'1502',1,244.00,'1301','退款原因具体：3797224428','2020-03-20 00:00:00'),

(335,27,3174,4,'1502',2,2884.00,'1301','退款原因具体：2247373953','2020-03-20 00:00:00'),

(336,22,3180,4,'1502',2,2884.00,'1302','退款原因具体：8524634208','2020-03-20 00:00:00'),

(337,37,3182,4,'1502',3,4326.00,'1301','退款原因具体：9233226838','2020-03-20 00:00:00'),

(338,35,3184,1,'1501',1,2220.00,'1304','退款原因具体：1484683765','2020-03-20 00:00:00'),

(339,39,3185,9,'1502',1,2452.00,'1301','退款原因具体：8581870098','2020-03-20 00:00:00'),

(340,2,3188,7,'1502',3,4659.00,'1302','退款原因具体：2280073481','2020-03-20 00:00:00'),

(341,38,3195,5,'1501',1,244.00,'1301','退款原因具体：2648991985','2020-03-20 00:00:00'),

(342,22,3202,4,'1502',2,2884.00,'1303','退款原因具体：2852878464','2020-03-20 00:00:00'),

(343,29,3204,11,'1501',3,19197.00,'1301','退款原因具体：3671071897','2020-03-20 00:00:00'),

(344,36,3206,1,'1502',1,2220.00,'1302','退款原因具体：0530417569','2020-03-20 00:00:00');

/*Table structure for table `order_status_log` */

DROP TABLE IF EXISTS `order_status_log`;

CREATE TABLE `order_status_log` (
  `id` bigint(11) NOT NULL AUTO_INCREMENT,
  `order_id` bigint(11) DEFAULT NULL,
  `order_status` varchar(11) DEFAULT NULL,
  `operate_time` datetime DEFAULT NULL,
  PRIMARY KEY (`id`)
) ENGINE=InnoDB AUTO_INCREMENT=77121 DEFAULT CHARSET=utf8;

/*Data for the table `order_status_log` */

insert  into `order_status_log`(`id`,`order_id`,`order_status`,`operate_time`) values 

(76482,3035,'1001','2020-03-15 00:00:00'),

(76483,3036,'1001','2020-03-15 00:00:00'),

(76484,3037,'1001','2020-03-15 00:00:00'),

(76485,3038,'1001','2020-03-15 00:00:00'),

(76486,3039,'1001','2020-03-15 00:00:00'),

(76487,3040,'1001','2020-03-15 00:00:00'),

(76488,3041,'1001','2020-03-15 00:00:00'),

(76489,3042,'1001','2020-03-15 00:00:00'),

(76490,3043,'1001','2020-03-15 00:00:00'),

(76491,3035,'1002','2020-03-15 00:00:00'),

(76492,3036,'1002','2020-03-15 00:00:00'),

(76493,3037,'1002','2020-03-15 00:00:00'),

(76494,3038,'1002','2020-03-15 00:00:00'),

(76495,3039,'1002','2020-03-15 00:00:00'),

(76496,3040,'1002','2020-03-15 00:00:00'),

(76497,3041,'1002','2020-03-15 00:00:00'),

(76498,3042,'1002','2020-03-15 00:00:00'),

(76499,3043,'1002','2020-03-15 00:00:00'),

(76500,3035,'1004','2020-03-15 00:00:00'),

(76501,3036,'1004','2020-03-15 00:00:00'),

(76502,3037,'1004','2020-03-15 00:00:00'),

(76503,3038,'1004','2020-03-15 00:00:00'),

(76504,3039,'1005','2020-03-15 00:00:00'),

(76505,3040,'1004','2020-03-15 00:00:00'),

(76506,3041,'1005','2020-03-15 00:00:00'),

(76507,3042,'1005','2020-03-15 00:00:00'),

(76508,3043,'1004','2020-03-15 00:00:00'),

(76509,3044,'1001','2020-03-16 00:00:00'),

(76510,3045,'1001','2020-03-16 00:00:00'),

(76511,3046,'1001','2020-03-16 00:00:00'),

(76512,3047,'1001','2020-03-16 00:00:00'),

(76513,3048,'1001','2020-03-16 00:00:00'),

(76514,3049,'1001','2020-03-16 00:00:00'),

(76515,3050,'1001','2020-03-16 00:00:00'),

(76516,3051,'1001','2020-03-16 00:00:00'),

(76517,3052,'1001','2020-03-16 00:00:00'),

(76518,3053,'1001','2020-03-16 00:00:00'),

(76519,3054,'1001','2020-03-16 00:00:00'),

(76520,3055,'1001','2020-03-16 00:00:00'),

(76521,3044,'1002','2020-03-16 00:00:00'),

(76522,3045,'1002','2020-03-16 00:00:00'),

(76523,3046,'1002','2020-03-16 00:00:00'),

(76524,3047,'1002','2020-03-16 00:00:00'),

(76525,3048,'1001','2020-03-16 00:00:00'),

(76526,3049,'1001','2020-03-16 00:00:00'),

(76527,3050,'1001','2020-03-16 00:00:00'),

(76528,3051,'1002','2020-03-16 00:00:00'),

(76529,3052,'1002','2020-03-16 00:00:00'),

(76530,3053,'1002','2020-03-16 00:00:00'),

(76531,3054,'1002','2020-03-16 00:00:00'),

(76532,3055,'1002','2020-03-16 00:00:00'),

(76533,3038,'1005','2020-03-16 00:00:00'),

(76534,3044,'1004','2020-03-16 00:00:00'),

(76535,3045,'1004','2020-03-16 00:00:00'),

(76536,3046,'1005','2020-03-16 00:00:00'),

(76537,3047,'1004','2020-03-16 00:00:00'),

(76538,3051,'1004','2020-03-16 00:00:00'),

(76539,3052,'1004','2020-03-16 00:00:00'),

(76540,3053,'1004','2020-03-16 00:00:00'),

(76541,3054,'1004','2020-03-16 00:00:00'),

(76542,3055,'1004','2020-03-16 00:00:00'),

(76543,3056,'1001','2020-03-16 00:00:00'),

(76544,3057,'1001','2020-03-16 00:00:00'),

(76545,3058,'1001','2020-03-16 00:00:00'),

(76546,3059,'1001','2020-03-16 00:00:00'),

(76547,3060,'1001','2020-03-16 00:00:00'),

(76548,3061,'1001','2020-03-16 00:00:00'),

(76549,3062,'1001','2020-03-16 00:00:00'),

(76550,3063,'1001','2020-03-16 00:00:00'),

(76551,3064,'1001','2020-03-16 00:00:00'),

(76552,3065,'1001','2020-03-16 00:00:00'),

(76553,3066,'1001','2020-03-16 00:00:00'),

(76554,3067,'1001','2020-03-16 00:00:00'),

(76555,3068,'1001','2020-03-16 00:00:00'),

(76556,3069,'1001','2020-03-16 00:00:00'),

(76557,3070,'1001','2020-03-16 00:00:00'),

(76558,3048,'1002','2020-03-16 00:00:00'),

(76559,3049,'1001','2020-03-16 00:00:00'),

(76560,3050,'1001','2020-03-16 00:00:00'),

(76561,3056,'1002','2020-03-16 00:00:00'),

(76562,3057,'1001','2020-03-16 00:00:00'),

(76563,3058,'1002','2020-03-16 00:00:00'),

(76564,3059,'1002','2020-03-16 00:00:00'),

(76565,3060,'1001','2020-03-16 00:00:00'),

(76566,3061,'1002','2020-03-16 00:00:00'),

(76567,3062,'1002','2020-03-16 00:00:00'),

(76568,3063,'1001','2020-03-16 00:00:00'),

(76569,3064,'1001','2020-03-16 00:00:00'),

(76570,3065,'1001','2020-03-16 00:00:00'),

(76571,3066,'1002','2020-03-16 00:00:00'),

(76572,3067,'1001','2020-03-16 00:00:00'),

(76573,3068,'1001','2020-03-16 00:00:00'),

(76574,3069,'1002','2020-03-16 00:00:00'),

(76575,3070,'1002','2020-03-16 00:00:00'),

(76576,3035,'1005','2020-03-16 00:00:00'),

(76577,3036,'1005','2020-03-16 00:00:00'),

(76578,3037,'1005','2020-03-16 00:00:00'),

(76579,3043,'1005','2020-03-16 00:00:00'),

(76580,3048,'1004','2020-03-16 00:00:00'),

(76581,3056,'1005','2020-03-16 00:00:00'),

(76582,3058,'1004','2020-03-16 00:00:00'),

(76583,3059,'1004','2020-03-16 00:00:00'),

(76584,3061,'1004','2020-03-16 00:00:00'),

(76585,3062,'1005','2020-03-16 00:00:00'),

(76586,3066,'1005','2020-03-16 00:00:00'),

(76587,3069,'1004','2020-03-16 00:00:00'),

(76588,3070,'1004','2020-03-16 00:00:00'),

(76589,3071,'1001','2020-03-16 00:00:00'),

(76590,3072,'1001','2020-03-16 00:00:00'),

(76591,3073,'1001','2020-03-16 00:00:00'),

(76592,3074,'1001','2020-03-16 00:00:00'),

(76593,3075,'1001','2020-03-16 00:00:00'),

(76594,3076,'1001','2020-03-16 00:00:00'),

(76595,3077,'1001','2020-03-16 00:00:00'),

(76596,3078,'1001','2020-03-16 00:00:00'),

(76597,3079,'1001','2020-03-16 00:00:00'),

(76598,3080,'1001','2020-03-16 00:00:00'),

(76599,3081,'1001','2020-03-16 00:00:00'),

(76600,3082,'1001','2020-03-16 00:00:00'),

(76601,3083,'1001','2020-03-16 00:00:00'),

(76602,3084,'1001','2020-03-16 00:00:00'),

(76603,3085,'1001','2020-03-16 00:00:00'),

(76604,3086,'1001','2020-03-16 00:00:00'),

(76605,3087,'1001','2020-03-16 00:00:00'),

(76606,3088,'1001','2020-03-16 00:00:00'),

(76607,3049,'1001','2020-03-16 00:00:00'),

(76608,3050,'1001','2020-03-16 00:00:00'),

(76609,3057,'1001','2020-03-16 00:00:00'),

(76610,3060,'1002','2020-03-16 00:00:00'),

(76611,3063,'1002','2020-03-16 00:00:00'),

(76612,3064,'1001','2020-03-16 00:00:00'),

(76613,3065,'1002','2020-03-16 00:00:00'),

(76614,3067,'1002','2020-03-16 00:00:00'),

(76615,3068,'1002','2020-03-16 00:00:00'),

(76616,3071,'1001','2020-03-16 00:00:00'),

(76617,3072,'1002','2020-03-16 00:00:00'),

(76618,3073,'1001','2020-03-16 00:00:00'),

(76619,3074,'1002','2020-03-16 00:00:00'),

(76620,3075,'1001','2020-03-16 00:00:00'),

(76621,3076,'1002','2020-03-16 00:00:00'),

(76622,3077,'1001','2020-03-16 00:00:00'),

(76623,3078,'1002','2020-03-16 00:00:00'),

(76624,3079,'1002','2020-03-16 00:00:00'),

(76625,3080,'1002','2020-03-16 00:00:00'),

(76626,3081,'1001','2020-03-16 00:00:00'),

(76627,3082,'1001','2020-03-16 00:00:00'),

(76628,3083,'1002','2020-03-16 00:00:00'),

(76629,3084,'1002','2020-03-16 00:00:00'),

(76630,3085,'1002','2020-03-16 00:00:00'),

(76631,3086,'1002','2020-03-16 00:00:00'),

(76632,3087,'1001','2020-03-16 00:00:00'),

(76633,3088,'1001','2020-03-16 00:00:00'),

(76634,3045,'1005','2020-03-16 00:00:00'),

(76635,3048,'1005','2020-03-16 00:00:00'),

(76636,3054,'1005','2020-03-16 00:00:00'),

(76637,3059,'1005','2020-03-16 00:00:00'),

(76638,3060,'1005','2020-03-16 00:00:00'),

(76639,3063,'1004','2020-03-16 00:00:00'),

(76640,3065,'1005','2020-03-16 00:00:00'),

(76641,3067,'1004','2020-03-16 00:00:00'),

(76642,3068,'1004','2020-03-16 00:00:00'),

(76643,3069,'1005','2020-03-16 00:00:00'),

(76644,3072,'1004','2020-03-16 00:00:00'),

(76645,3074,'1005','2020-03-16 00:00:00'),

(76646,3076,'1004','2020-03-16 00:00:00'),

(76647,3078,'1004','2020-03-16 00:00:00'),

(76648,3079,'1004','2020-03-16 00:00:00'),

(76649,3080,'1004','2020-03-16 00:00:00'),

(76650,3083,'1004','2020-03-16 00:00:00'),

(76651,3084,'1004','2020-03-16 00:00:00'),

(76652,3085,'1004','2020-03-16 00:00:00'),

(76653,3086,'1004','2020-03-16 00:00:00'),

(76654,3089,'1001','2020-03-17 00:00:00'),

(76655,3090,'1001','2020-03-17 00:00:00'),

(76656,3091,'1001','2020-03-17 00:00:00'),

(76657,3092,'1001','2020-03-17 00:00:00'),

(76658,3093,'1001','2020-03-17 00:00:00'),

(76659,3094,'1001','2020-03-17 00:00:00'),

(76660,3095,'1001','2020-03-17 00:00:00'),

(76661,3096,'1001','2020-03-17 00:00:00'),

(76662,3097,'1001','2020-03-17 00:00:00'),

(76663,3098,'1001','2020-03-17 00:00:00'),

(76664,3099,'1001','2020-03-17 00:00:00'),

(76665,3100,'1001','2020-03-17 00:00:00'),

(76666,3101,'1001','2020-03-17 00:00:00'),

(76667,3102,'1001','2020-03-17 00:00:00'),

(76668,3103,'1001','2020-03-17 00:00:00'),

(76669,3104,'1001','2020-03-17 00:00:00'),

(76670,3105,'1001','2020-03-17 00:00:00'),

(76671,3106,'1001','2020-03-17 00:00:00'),

(76672,3107,'1001','2020-03-17 00:00:00'),

(76673,3108,'1001','2020-03-17 00:00:00'),

(76674,3109,'1001','2020-03-17 00:00:00'),

(76675,3110,'1001','2020-03-17 00:00:00'),

(76676,3111,'1001','2020-03-17 00:00:00'),

(76677,3049,'1002','2020-03-17 00:00:00'),

(76678,3050,'1002','2020-03-17 00:00:00'),

(76679,3057,'1002','2020-03-17 00:00:00'),

(76680,3064,'1002','2020-03-17 00:00:00'),

(76681,3071,'1002','2020-03-17 00:00:00'),

(76682,3073,'1002','2020-03-17 00:00:00'),

(76683,3075,'1002','2020-03-17 00:00:00'),

(76684,3077,'1002','2020-03-17 00:00:00'),

(76685,3081,'1001','2020-03-17 00:00:00'),

(76686,3082,'1002','2020-03-17 00:00:00'),

(76687,3087,'1002','2020-03-17 00:00:00'),

(76688,3088,'1002','2020-03-17 00:00:00'),

(76689,3089,'1001','2020-03-17 00:00:00'),

(76690,3090,'1001','2020-03-17 00:00:00'),

(76691,3091,'1002','2020-03-17 00:00:00'),

(76692,3092,'1002','2020-03-17 00:00:00'),

(76693,3093,'1002','2020-03-17 00:00:00'),

(76694,3094,'1002','2020-03-17 00:00:00'),

(76695,3095,'1002','2020-03-17 00:00:00'),

(76696,3096,'1002','2020-03-17 00:00:00'),

(76697,3097,'1002','2020-03-17 00:00:00'),

(76698,3098,'1002','2020-03-17 00:00:00'),

(76699,3099,'1002','2020-03-17 00:00:00'),

(76700,3100,'1002','2020-03-17 00:00:00'),

(76701,3101,'1001','2020-03-17 00:00:00'),

(76702,3102,'1001','2020-03-17 00:00:00'),

(76703,3103,'1002','2020-03-17 00:00:00'),

(76704,3104,'1002','2020-03-17 00:00:00'),

(76705,3105,'1001','2020-03-17 00:00:00'),

(76706,3106,'1002','2020-03-17 00:00:00'),

(76707,3107,'1001','2020-03-17 00:00:00'),

(76708,3108,'1002','2020-03-17 00:00:00'),

(76709,3109,'1002','2020-03-17 00:00:00'),

(76710,3110,'1001','2020-03-17 00:00:00'),

(76711,3111,'1001','2020-03-17 00:00:00'),

(76712,3049,'1004','2020-03-17 00:00:00'),

(76713,3050,'1005','2020-03-17 00:00:00'),

(76714,3051,'1005','2020-03-17 00:00:00'),

(76715,3057,'1005','2020-03-17 00:00:00'),

(76716,3063,'1005','2020-03-17 00:00:00'),

(76717,3064,'1004','2020-03-17 00:00:00'),

(76718,3071,'1004','2020-03-17 00:00:00'),

(76719,3073,'1005','2020-03-17 00:00:00'),

(76720,3075,'1004','2020-03-17 00:00:00'),

(76721,3077,'1004','2020-03-17 00:00:00'),

(76722,3082,'1005','2020-03-17 00:00:00'),

(76723,3087,'1005','2020-03-17 00:00:00'),

(76724,3088,'1005','2020-03-17 00:00:00'),

(76725,3091,'1005','2020-03-17 00:00:00'),

(76726,3092,'1005','2020-03-17 00:00:00'),

(76727,3093,'1004','2020-03-17 00:00:00'),

(76728,3094,'1005','2020-03-17 00:00:00'),

(76729,3095,'1005','2020-03-17 00:00:00'),

(76730,3096,'1004','2020-03-17 00:00:00'),

(76731,3097,'1005','2020-03-17 00:00:00'),

(76732,3098,'1004','2020-03-17 00:00:00'),

(76733,3099,'1005','2020-03-17 00:00:00'),

(76734,3100,'1005','2020-03-17 00:00:00'),

(76735,3103,'1005','2020-03-17 00:00:00'),

(76736,3104,'1005','2020-03-17 00:00:00'),

(76737,3106,'1005','2020-03-17 00:00:00'),

(76738,3108,'1004','2020-03-17 00:00:00'),

(76739,3109,'1004','2020-03-17 00:00:00'),

(76740,3112,'1001','2020-03-18 00:00:00'),

(76741,3113,'1001','2020-03-18 00:00:00'),

(76742,3114,'1001','2020-03-18 00:00:00'),

(76743,3115,'1001','2020-03-18 00:00:00'),

(76744,3116,'1001','2020-03-18 00:00:00'),

(76745,3117,'1001','2020-03-18 00:00:00'),

(76746,3118,'1001','2020-03-18 00:00:00'),

(76747,3119,'1001','2020-03-18 00:00:00'),

(76748,3120,'1001','2020-03-18 00:00:00'),

(76749,3121,'1001','2020-03-18 00:00:00'),

(76750,3122,'1001','2020-03-18 00:00:00'),

(76751,3123,'1001','2020-03-18 00:00:00'),

(76752,3124,'1001','2020-03-18 00:00:00'),

(76753,3125,'1001','2020-03-18 00:00:00'),

(76754,3126,'1001','2020-03-18 00:00:00'),

(76755,3127,'1001','2020-03-18 00:00:00'),

(76756,3128,'1001','2020-03-18 00:00:00'),

(76757,3129,'1001','2020-03-18 00:00:00'),

(76758,3130,'1001','2020-03-18 00:00:00'),

(76759,3131,'1001','2020-03-18 00:00:00'),

(76760,3132,'1001','2020-03-18 00:00:00'),

(76761,3133,'1001','2020-03-18 00:00:00'),

(76762,3134,'1001','2020-03-18 00:00:00'),

(76763,3135,'1001','2020-03-18 00:00:00'),

(76764,3081,'1002','2020-03-18 00:00:00'),

(76765,3089,'1002','2020-03-18 00:00:00'),

(76766,3090,'1002','2020-03-18 00:00:00'),

(76767,3101,'1001','2020-03-18 00:00:00'),

(76768,3102,'1002','2020-03-18 00:00:00'),

(76769,3105,'1002','2020-03-18 00:00:00'),

(76770,3107,'1002','2020-03-18 00:00:00'),

(76771,3110,'1002','2020-03-18 00:00:00'),

(76772,3111,'1002','2020-03-18 00:00:00'),

(76773,3112,'1002','2020-03-18 00:00:00'),

(76774,3113,'1002','2020-03-18 00:00:00'),

(76775,3114,'1002','2020-03-18 00:00:00'),

(76776,3115,'1002','2020-03-18 00:00:00'),

(76777,3116,'1002','2020-03-18 00:00:00'),

(76778,3117,'1002','2020-03-18 00:00:00'),

(76779,3118,'1002','2020-03-18 00:00:00'),

(76780,3119,'1002','2020-03-18 00:00:00'),

(76781,3120,'1002','2020-03-18 00:00:00'),

(76782,3121,'1001','2020-03-18 00:00:00'),

(76783,3122,'1001','2020-03-18 00:00:00'),

(76784,3123,'1001','2020-03-18 00:00:00'),

(76785,3124,'1002','2020-03-18 00:00:00'),

(76786,3125,'1002','2020-03-18 00:00:00'),

(76787,3126,'1001','2020-03-18 00:00:00'),

(76788,3127,'1001','2020-03-18 00:00:00'),

(76789,3128,'1002','2020-03-18 00:00:00'),

(76790,3129,'1002','2020-03-18 00:00:00'),

(76791,3130,'1002','2020-03-18 00:00:00'),

(76792,3131,'1002','2020-03-18 00:00:00'),

(76793,3132,'1002','2020-03-18 00:00:00'),

(76794,3133,'1001','2020-03-18 00:00:00'),

(76795,3134,'1002','2020-03-18 00:00:00'),

(76796,3135,'1002','2020-03-18 00:00:00'),

(76797,3053,'1005','2020-03-18 00:00:00'),

(76798,3055,'1005','2020-03-18 00:00:00'),

(76799,3058,'1005','2020-03-18 00:00:00'),

(76800,3071,'1005','2020-03-18 00:00:00'),

(76801,3077,'1005','2020-03-18 00:00:00'),

(76802,3079,'1005','2020-03-18 00:00:00'),

(76803,3081,'1005','2020-03-18 00:00:00'),

(76804,3089,'1004','2020-03-18 00:00:00'),

(76805,3090,'1004','2020-03-18 00:00:00'),

(76806,3098,'1005','2020-03-18 00:00:00'),

(76807,3102,'1005','2020-03-18 00:00:00'),

(76808,3105,'1004','2020-03-18 00:00:00'),

(76809,3107,'1004','2020-03-18 00:00:00'),

(76810,3108,'1005','2020-03-18 00:00:00'),

(76811,3109,'1005','2020-03-18 00:00:00'),

(76812,3110,'1004','2020-03-18 00:00:00'),

(76813,3111,'1004','2020-03-18 00:00:00'),

(76814,3112,'1004','2020-03-18 00:00:00'),

(76815,3113,'1004','2020-03-18 00:00:00'),

(76816,3114,'1005','2020-03-18 00:00:00'),

(76817,3115,'1005','2020-03-18 00:00:00'),

(76818,3116,'1004','2020-03-18 00:00:00'),

(76819,3117,'1005','2020-03-18 00:00:00'),

(76820,3118,'1004','2020-03-18 00:00:00'),

(76821,3119,'1004','2020-03-18 00:00:00'),

(76822,3120,'1004','2020-03-18 00:00:00'),

(76823,3124,'1005','2020-03-18 00:00:00'),

(76824,3125,'1004','2020-03-18 00:00:00'),

(76825,3128,'1004','2020-03-18 00:00:00'),

(76826,3129,'1004','2020-03-18 00:00:00'),

(76827,3130,'1004','2020-03-18 00:00:00'),

(76828,3131,'1004','2020-03-18 00:00:00'),

(76829,3132,'1004','2020-03-18 00:00:00'),

(76830,3134,'1004','2020-03-18 00:00:00'),

(76831,3135,'1005','2020-03-18 00:00:00'),

(76832,3136,'1001','2020-03-20 00:00:00'),

(76833,3137,'1001','2020-03-20 00:00:00'),

(76834,3138,'1001','2020-03-20 00:00:00'),

(76835,3139,'1001','2020-03-20 00:00:00'),

(76836,3140,'1001','2020-03-20 00:00:00'),

(76837,3141,'1001','2020-03-20 00:00:00'),

(76838,3142,'1001','2020-03-20 00:00:00'),

(76839,3143,'1001','2020-03-20 00:00:00'),

(76840,3144,'1001','2020-03-20 00:00:00'),

(76841,3145,'1001','2020-03-20 00:00:00'),

(76842,3146,'1001','2020-03-20 00:00:00'),

(76843,3147,'1001','2020-03-20 00:00:00'),

(76844,3148,'1001','2020-03-20 00:00:00'),

(76845,3149,'1001','2020-03-20 00:00:00'),

(76846,3150,'1001','2020-03-20 00:00:00'),

(76847,3151,'1001','2020-03-20 00:00:00'),

(76848,3152,'1001','2020-03-20 00:00:00'),

(76849,3153,'1001','2020-03-20 00:00:00'),

(76850,3154,'1001','2020-03-20 00:00:00'),

(76851,3155,'1001','2020-03-20 00:00:00'),

(76852,3156,'1001','2020-03-20 00:00:00'),

(76853,3157,'1001','2020-03-20 00:00:00'),

(76854,3158,'1001','2020-03-20 00:00:00'),

(76855,3159,'1001','2020-03-20 00:00:00'),

(76856,3101,'1001','2020-03-20 00:00:00'),

(76857,3121,'1002','2020-03-20 00:00:00'),

(76858,3122,'1001','2020-03-20 00:00:00'),

(76859,3123,'1001','2020-03-20 00:00:00'),

(76860,3126,'1001','2020-03-20 00:00:00'),

(76861,3127,'1002','2020-03-20 00:00:00'),

(76862,3133,'1002','2020-03-20 00:00:00'),

(76863,3136,'1002','2020-03-20 00:00:00'),

(76864,3137,'1002','2020-03-20 00:00:00'),

(76865,3138,'1002','2020-03-20 00:00:00'),

(76866,3139,'1002','2020-03-20 00:00:00'),

(76867,3140,'1002','2020-03-20 00:00:00'),

(76868,3141,'1002','2020-03-20 00:00:00'),

(76869,3142,'1001','2020-03-20 00:00:00'),

(76870,3143,'1002','2020-03-20 00:00:00'),

(76871,3144,'1001','2020-03-20 00:00:00'),

(76872,3145,'1002','2020-03-20 00:00:00'),

(76873,3146,'1001','2020-03-20 00:00:00'),

(76874,3147,'1002','2020-03-20 00:00:00'),

(76875,3148,'1002','2020-03-20 00:00:00'),

(76876,3149,'1001','2020-03-20 00:00:00'),

(76877,3150,'1001','2020-03-20 00:00:00'),

(76878,3151,'1002','2020-03-20 00:00:00'),

(76879,3152,'1001','2020-03-20 00:00:00'),

(76880,3153,'1002','2020-03-20 00:00:00'),

(76881,3154,'1001','2020-03-20 00:00:00'),

(76882,3155,'1001','2020-03-20 00:00:00'),

(76883,3156,'1002','2020-03-20 00:00:00'),

(76884,3157,'1001','2020-03-20 00:00:00'),

(76885,3158,'1002','2020-03-20 00:00:00'),

(76886,3159,'1002','2020-03-20 00:00:00'),

(76887,3044,'1005','2020-03-20 00:00:00'),

(76888,3049,'1005','2020-03-20 00:00:00'),

(76889,3070,'1005','2020-03-20 00:00:00'),

(76890,3075,'1005','2020-03-20 00:00:00'),

(76891,3078,'1005','2020-03-20 00:00:00'),

(76892,3105,'1005','2020-03-20 00:00:00'),

(76893,3112,'1005','2020-03-20 00:00:00'),

(76894,3116,'1005','2020-03-20 00:00:00'),

(76895,3121,'1004','2020-03-20 00:00:00'),

(76896,3127,'1004','2020-03-20 00:00:00'),

(76897,3131,'1005','2020-03-20 00:00:00'),

(76898,3133,'1004','2020-03-20 00:00:00'),

(76899,3136,'1004','2020-03-20 00:00:00'),

(76900,3137,'1004','2020-03-20 00:00:00'),

(76901,3138,'1005','2020-03-20 00:00:00'),

(76902,3139,'1004','2020-03-20 00:00:00'),

(76903,3140,'1005','2020-03-20 00:00:00'),

(76904,3141,'1004','2020-03-20 00:00:00'),

(76905,3143,'1004','2020-03-20 00:00:00'),

(76906,3145,'1005','2020-03-20 00:00:00'),

(76907,3147,'1004','2020-03-20 00:00:00'),

(76908,3148,'1004','2020-03-20 00:00:00'),

(76909,3151,'1004','2020-03-20 00:00:00'),

(76910,3153,'1005','2020-03-20 00:00:00'),

(76911,3156,'1004','2020-03-20 00:00:00'),

(76912,3158,'1004','2020-03-20 00:00:00'),

(76913,3159,'1004','2020-03-20 00:00:00'),

(76914,3160,'1001','2020-03-20 00:00:00'),

(76915,3161,'1001','2020-03-20 00:00:00'),

(76916,3162,'1001','2020-03-20 00:00:00'),

(76917,3163,'1001','2020-03-20 00:00:00'),

(76918,3164,'1001','2020-03-20 00:00:00'),

(76919,3165,'1001','2020-03-20 00:00:00'),

(76920,3166,'1001','2020-03-20 00:00:00'),

(76921,3167,'1001','2020-03-20 00:00:00'),

(76922,3168,'1001','2020-03-20 00:00:00'),

(76923,3169,'1001','2020-03-20 00:00:00'),

(76924,3170,'1001','2020-03-20 00:00:00'),

(76925,3171,'1001','2020-03-20 00:00:00'),

(76926,3172,'1001','2020-03-20 00:00:00'),

(76927,3173,'1001','2020-03-20 00:00:00'),

(76928,3174,'1001','2020-03-20 00:00:00'),

(76929,3175,'1001','2020-03-20 00:00:00'),

(76930,3176,'1001','2020-03-20 00:00:00'),

(76931,3177,'1001','2020-03-20 00:00:00'),

(76932,3178,'1001','2020-03-20 00:00:00'),

(76933,3179,'1001','2020-03-20 00:00:00'),

(76934,3180,'1001','2020-03-20 00:00:00'),

(76935,3181,'1001','2020-03-20 00:00:00'),

(76936,3182,'1001','2020-03-20 00:00:00'),

(76937,3183,'1001','2020-03-20 00:00:00'),

(76938,3184,'1001','2020-03-20 00:00:00'),

(76939,3185,'1001','2020-03-20 00:00:00'),

(76940,3101,'1001','2020-03-20 00:00:00'),

(76941,3122,'1002','2020-03-20 00:00:00'),

(76942,3123,'1001','2020-03-20 00:00:00'),

(76943,3126,'1002','2020-03-20 00:00:00'),

(76944,3142,'1001','2020-03-20 00:00:00'),

(76945,3144,'1001','2020-03-20 00:00:00'),

(76946,3146,'1002','2020-03-20 00:00:00'),

(76947,3149,'1001','2020-03-20 00:00:00'),

(76948,3150,'1002','2020-03-20 00:00:00'),

(76949,3152,'1002','2020-03-20 00:00:00'),

(76950,3154,'1001','2020-03-20 00:00:00'),

(76951,3155,'1001','2020-03-20 00:00:00'),

(76952,3157,'1001','2020-03-20 00:00:00'),

(76953,3160,'1002','2020-03-20 00:00:00'),

(76954,3161,'1002','2020-03-20 00:00:00'),

(76955,3162,'1002','2020-03-20 00:00:00'),

(76956,3163,'1002','2020-03-20 00:00:00'),

(76957,3164,'1002','2020-03-20 00:00:00'),

(76958,3165,'1002','2020-03-20 00:00:00'),

(76959,3166,'1002','2020-03-20 00:00:00'),

(76960,3167,'1002','2020-03-20 00:00:00'),

(76961,3168,'1002','2020-03-20 00:00:00'),

(76962,3169,'1001','2020-03-20 00:00:00'),

(76963,3170,'1002','2020-03-20 00:00:00'),

(76964,3171,'1002','2020-03-20 00:00:00'),

(76965,3172,'1001','2020-03-20 00:00:00'),

(76966,3173,'1002','2020-03-20 00:00:00'),

(76967,3174,'1002','2020-03-20 00:00:00'),

(76968,3175,'1001','2020-03-20 00:00:00'),

(76969,3176,'1002','2020-03-20 00:00:00'),

(76970,3177,'1002','2020-03-20 00:00:00'),

(76971,3178,'1001','2020-03-20 00:00:00'),

(76972,3179,'1001','2020-03-20 00:00:00'),

(76973,3180,'1002','2020-03-20 00:00:00'),

(76974,3181,'1001','2020-03-20 00:00:00'),

(76975,3182,'1002','2020-03-20 00:00:00'),

(76976,3183,'1002','2020-03-20 00:00:00'),

(76977,3184,'1002','2020-03-20 00:00:00'),

(76978,3185,'1002','2020-03-20 00:00:00'),

(76979,3067,'1005','2020-03-20 00:00:00'),

(76980,3076,'1005','2020-03-20 00:00:00'),

(76981,3085,'1005','2020-03-20 00:00:00'),

(76982,3090,'1005','2020-03-20 00:00:00'),

(76983,3107,'1005','2020-03-20 00:00:00'),

(76984,3118,'1005','2020-03-20 00:00:00'),

(76985,3119,'1005','2020-03-20 00:00:00'),

(76986,3120,'1005','2020-03-20 00:00:00'),

(76987,3121,'1005','2020-03-20 00:00:00'),

(76988,3122,'1004','2020-03-20 00:00:00'),

(76989,3125,'1005','2020-03-20 00:00:00'),

(76990,3126,'1004','2020-03-20 00:00:00'),

(76991,3129,'1005','2020-03-20 00:00:00'),

(76992,3136,'1005','2020-03-20 00:00:00'),

(76993,3137,'1005','2020-03-20 00:00:00'),

(76994,3143,'1005','2020-03-20 00:00:00'),

(76995,3146,'1004','2020-03-20 00:00:00'),

(76996,3150,'1005','2020-03-20 00:00:00'),

(76997,3152,'1004','2020-03-20 00:00:00'),

(76998,3156,'1005','2020-03-20 00:00:00'),

(76999,3159,'1005','2020-03-20 00:00:00'),

(77000,3160,'1004','2020-03-20 00:00:00'),

(77001,3161,'1004','2020-03-20 00:00:00'),

(77002,3162,'1004','2020-03-20 00:00:00'),

(77003,3163,'1005','2020-03-20 00:00:00'),

(77004,3164,'1004','2020-03-20 00:00:00'),

(77005,3165,'1004','2020-03-20 00:00:00'),

(77006,3166,'1005','2020-03-20 00:00:00'),

(77007,3167,'1004','2020-03-20 00:00:00'),

(77008,3168,'1004','2020-03-20 00:00:00'),

(77009,3170,'1004','2020-03-20 00:00:00'),

(77010,3171,'1004','2020-03-20 00:00:00'),

(77011,3173,'1004','2020-03-20 00:00:00'),

(77012,3174,'1004','2020-03-20 00:00:00'),

(77013,3176,'1004','2020-03-20 00:00:00'),

(77014,3177,'1005','2020-03-20 00:00:00'),

(77015,3180,'1004','2020-03-20 00:00:00'),

(77016,3182,'1004','2020-03-20 00:00:00'),

(77017,3183,'1005','2020-03-20 00:00:00'),

(77018,3184,'1004','2020-03-20 00:00:00'),

(77019,3185,'1004','2020-03-20 00:00:00'),

(77020,3186,'1001','2020-03-20 00:00:00'),

(77021,3187,'1001','2020-03-20 00:00:00'),

(77022,3188,'1001','2020-03-20 00:00:00'),

(77023,3189,'1001','2020-03-20 00:00:00'),

(77024,3190,'1001','2020-03-20 00:00:00'),

(77025,3191,'1001','2020-03-20 00:00:00'),

(77026,3192,'1001','2020-03-20 00:00:00'),

(77027,3193,'1001','2020-03-20 00:00:00'),

(77028,3194,'1001','2020-03-20 00:00:00'),

(77029,3195,'1001','2020-03-20 00:00:00'),

(77030,3196,'1001','2020-03-20 00:00:00'),

(77031,3197,'1001','2020-03-20 00:00:00'),

(77032,3198,'1001','2020-03-20 00:00:00'),

(77033,3199,'1001','2020-03-20 00:00:00'),

(77034,3200,'1001','2020-03-20 00:00:00'),

(77035,3201,'1001','2020-03-20 00:00:00'),

(77036,3202,'1001','2020-03-20 00:00:00'),

(77037,3203,'1001','2020-03-20 00:00:00'),

(77038,3204,'1001','2020-03-20 00:00:00'),

(77039,3205,'1001','2020-03-20 00:00:00'),

(77040,3206,'1001','2020-03-20 00:00:00'),

(77041,3207,'1001','2020-03-20 00:00:00'),

(77042,3208,'1001','2020-03-20 00:00:00'),

(77043,3209,'1001','2020-03-20 00:00:00'),

(77044,3101,'1002','2020-03-20 00:00:00'),

(77045,3123,'1002','2020-03-20 00:00:00'),

(77046,3142,'1002','2020-03-20 00:00:00'),

(77047,3144,'1001','2020-03-20 00:00:00'),

(77048,3149,'1002','2020-03-20 00:00:00'),

(77049,3154,'1002','2020-03-20 00:00:00'),

(77050,3155,'1002','2020-03-20 00:00:00'),

(77051,3157,'1001','2020-03-20 00:00:00'),

(77052,3169,'1001','2020-03-20 00:00:00'),

(77053,3172,'1002','2020-03-20 00:00:00'),

(77054,3175,'1002','2020-03-20 00:00:00'),

(77055,3178,'1001','2020-03-20 00:00:00'),

(77056,3179,'1001','2020-03-20 00:00:00'),

(77057,3181,'1002','2020-03-20 00:00:00'),

(77058,3186,'1002','2020-03-20 00:00:00'),

(77059,3187,'1002','2020-03-20 00:00:00'),

(77060,3188,'1002','2020-03-20 00:00:00'),

(77061,3189,'1002','2020-03-20 00:00:00'),

(77062,3190,'1002','2020-03-20 00:00:00'),

(77063,3191,'1001','2020-03-20 00:00:00'),

(77064,3192,'1001','2020-03-20 00:00:00'),

(77065,3193,'1002','2020-03-20 00:00:00'),

(77066,3194,'1002','2020-03-20 00:00:00'),

(77067,3195,'1002','2020-03-20 00:00:00'),

(77068,3196,'1002','2020-03-20 00:00:00'),

(77069,3197,'1002','2020-03-20 00:00:00'),

(77070,3198,'1002','2020-03-20 00:00:00'),

(77071,3199,'1002','2020-03-20 00:00:00'),

(77072,3200,'1002','2020-03-20 00:00:00'),

(77073,3201,'1002','2020-03-20 00:00:00'),

(77074,3202,'1002','2020-03-20 00:00:00'),

(77075,3203,'1001','2020-03-20 00:00:00'),

(77076,3204,'1002','2020-03-20 00:00:00'),

(77077,3205,'1002','2020-03-20 00:00:00'),

(77078,3206,'1002','2020-03-20 00:00:00'),

(77079,3207,'1001','2020-03-20 00:00:00'),

(77080,3208,'1002','2020-03-20 00:00:00'),

(77081,3209,'1002','2020-03-20 00:00:00'),

(77082,3047,'1005','2020-03-20 00:00:00'),

(77083,3072,'1005','2020-03-20 00:00:00'),

(77084,3083,'1005','2020-03-20 00:00:00'),

(77085,3086,'1005','2020-03-20 00:00:00'),

(77086,3101,'1004','2020-03-20 00:00:00'),

(77087,3113,'1005','2020-03-20 00:00:00'),

(77088,3123,'1005','2020-03-20 00:00:00'),

(77089,3142,'1005','2020-03-20 00:00:00'),

(77090,3149,'1004','2020-03-20 00:00:00'),

(77091,3154,'1004','2020-03-20 00:00:00'),

(77092,3155,'1005','2020-03-20 00:00:00'),

(77093,3172,'1005','2020-03-20 00:00:00'),

(77094,3174,'1005','2020-03-20 00:00:00'),

(77095,3175,'1004','2020-03-20 00:00:00'),

(77096,3180,'1005','2020-03-20 00:00:00'),

(77097,3181,'1004','2020-03-20 00:00:00'),

(77098,3182,'1005','2020-03-20 00:00:00'),

(77099,3184,'1005','2020-03-20 00:00:00'),

(77100,3185,'1005','2020-03-20 00:00:00'),

(77101,3186,'1004','2020-03-20 00:00:00'),

(77102,3187,'1004','2020-03-20 00:00:00'),

(77103,3188,'1005','2020-03-20 00:00:00'),

(77104,3189,'1004','2020-03-20 00:00:00'),

(77105,3190,'1004','2020-03-20 00:00:00'),

(77106,3193,'1004','2020-03-20 00:00:00'),

(77107,3194,'1004','2020-03-20 00:00:00'),

(77108,3195,'1005','2020-03-20 00:00:00'),

(77109,3196,'1004','2020-03-20 00:00:00'),

(77110,3197,'1004','2020-03-20 00:00:00'),

(77111,3198,'1004','2020-03-20 00:00:00'),

(77112,3199,'1004','2020-03-20 00:00:00'),

(77113,3200,'1004','2020-03-20 00:00:00'),

(77114,3201,'1004','2020-03-20 00:00:00'),

(77115,3202,'1005','2020-03-20 00:00:00'),

(77116,3204,'1005','2020-03-20 00:00:00'),

(77117,3205,'1004','2020-03-20 00:00:00'),

(77118,3206,'1005','2020-03-20 00:00:00'),

(77119,3208,'1004','2020-03-20 00:00:00'),

(77120,3209,'1004','2020-03-20 00:00:00');

/*Table structure for table `payment_info` */

DROP TABLE IF EXISTS `payment_info`;

CREATE TABLE `payment_info` (
  `id` bigint(20) NOT NULL AUTO_INCREMENT COMMENT '编号',
  `out_trade_no` varchar(20) DEFAULT NULL COMMENT '对外业务编号',
  `order_id` bigint(20) DEFAULT NULL COMMENT '订单编号',
  `user_id` bigint(20) DEFAULT NULL COMMENT '用户编号',
  `alipay_trade_no` varchar(100) DEFAULT NULL COMMENT '支付宝交易流水编号',
  `total_amount` decimal(16,2) DEFAULT NULL COMMENT '支付金额',
  `subject` varchar(200) DEFAULT NULL COMMENT '交易内容',
  `payment_type` varchar(20) DEFAULT NULL COMMENT '支付方式',
  `payment_time` datetime DEFAULT NULL COMMENT '支付时间',
  PRIMARY KEY (`id`)
) ENGINE=InnoDB AUTO_INCREMENT=4903 DEFAULT CHARSET=utf8 COMMENT='支付流水表';

/*Data for the table `payment_info` */

insert  into `payment_info`(`id`,`out_trade_no`,`order_id`,`user_id`,`alipay_trade_no`,`total_amount`,`subject`,`payment_type`,`payment_time`) values 

(4737,'696158196626124',3035,9,'3662713588766352197214331947771388',11531.00,'小米（MI） 小米路由器4 双千兆路由器 无线家用穿墙1200M高速双频wifi 千兆版 千兆端口光纤适用等6件商品','1101','2020-03-15 00:00:00'),

(4738,'388268633918818',3036,4,'4746816764795764799628976678254425',14259.00,'小米（MI） 小米路由器4 双千兆路由器 无线家用穿墙1200M高速双频wifi 千兆版 千兆端口光纤适用等5件商品','1102','2020-03-15 00:00:00'),

(4739,'647681326311985',3037,3,'8338236845915245323785896144819163',1258.00,'小米（MI） 小米路由器4 双千兆路由器 无线家用穿墙1200M高速双频wifi 千兆版 千兆端口光纤适用等6件商品','1101','2020-03-15 00:00:00'),

(4740,'184416845552373',3038,6,'6832967578791576937146732885734236',6912.00,'联想(Lenovo)Y9000X 2019新款 15.6英寸高性能标压轻薄本笔记本电脑(i5-9300H 16G 512GSSD FHD)深空灰等5件商品','1102','2020-03-15 00:00:00'),

(4741,'599493962666822',3039,10,'5468757166518887792863786834866832',2939.00,'十月稻田 沁州黄小米 (黄小米 五谷杂粮 山西特产 真空装 大米伴侣 粥米搭档) 2.5kg等3件商品','1102','2020-03-15 00:00:00'),

(4742,'947414778219513',3040,8,'1527398562672111353978391739786198',24397.00,'TCL 55A950C 55英寸32核人工智能 HDR曲面超薄4K电视金属机身（枪色）等9件商品','1101','2020-03-15 00:00:00'),

(4743,'957938184426679',3041,5,'7344963251149569387687625413384519',11556.00,'联想(Lenovo)拯救者Y7000 2019新款 15.6英寸游戏本笔记本电脑（i7-9750H 8GB 1TB+256GB GTX1650 4G独显 黑）等3件商品','1101','2020-03-15 00:00:00'),

(4744,'986926274564489',3042,7,'6566487576919169491524722396387675',5793.00,'TCL 55A950C 55英寸32核人工智能 HDR曲面超薄4K电视金属机身（枪色）等2件商品','1102','2020-03-15 00:00:00'),

(4745,'336141555348397',3043,1,'7464761834148568929441748974962477',12160.00,'十月稻田 沁州黄小米 (黄小米 五谷杂粮 山西特产 真空装 大米伴侣 粥米搭档) 2.5kg等5件商品','1102','2020-03-15 00:00:00'),

(4746,'273524257116549',3044,9,'2665212113921629716479546636183492',11145.00,'联想(Lenovo)拯救者Y7000 英特尔酷睿i7 2019新款 15.6英寸发烧游戏本笔记本电脑（i7-9750H 8GB 512GB SSD GTX1650 4G 高色域等8件商品','1103','2020-03-16 00:00:00'),

(4747,'148396829457353',3045,3,'4666652791464242922924565696572223',4885.00,'荣耀10青春版 幻彩渐变 2400万AI自拍 全网通版4GB+64GB 渐变蓝 移动联通电信4G全面屏手机 双卡双待等10件商品','1103','2020-03-16 00:00:00'),

(4748,'967635416553698',3046,10,'1545424325998344664793644559564647',29595.00,'TCL 55A950C 55英寸32核人工智能 HDR曲面超薄4K电视金属机身（枪色）等12件商品','1101','2020-03-16 00:00:00'),

(4749,'528267395135943',3047,20,'9168732815531757868724895799167648',18644.00,'联想(Lenovo)拯救者Y7000 2019新款 15.6英寸游戏本笔记本电脑（i7-9750H 8GB 1TB+256GB GTX1650 4G独显 黑）等3件商品','1102','2020-03-16 00:00:00'),

(4750,'748627323145938',3051,5,'3423942789511795654682121293929578',17631.00,'联想(Lenovo)拯救者Y7000 2019新款 15.6英寸游戏本笔记本电脑（i7-9750H 8GB 1TB+256GB GTX1650 4G独显 黑）等3件商品','1101','2020-03-16 00:00:00'),

(4751,'951268421374451',3052,13,'4379415492542915158181175168187337',4889.00,'TCL 55A950C 55英寸32核人工智能 HDR曲面超薄4K电视金属机身（枪色）等2件商品','1102','2020-03-16 00:00:00'),

(4752,'287592296429331',3053,6,'4453161715173135552459992335838661',16690.00,'联想(Lenovo)Y9000X 2019新款 15.6英寸高性能标压轻薄本笔记本电脑(i5-9300H 16G 512GSSD FHD)深空灰等6件商品','1101','2020-03-16 00:00:00'),

(4753,'611592276713132',3054,12,'1265463569529477479262538856377822',9574.00,'小米（MI） 小米路由器4 双千兆路由器 无线家用穿墙1200M高速双频wifi 千兆版 千兆端口光纤适用等4件商品','1101','2020-03-16 00:00:00'),

(4754,'811953625327149',3055,4,'6496455211699938831414589761229236',5695.00,'Apple iPhoneXSMax (A2104) 256GB 深空灰色 移动联通电信4G手机 双卡双待等3件商品','1102','2020-03-16 00:00:00'),

(4755,'664241926648696',3048,8,'4326755575992289436981455249858346',25194.00,'TCL 55A950C 55英寸32核人工智能 HDR曲面超薄4K电视金属机身（枪色）等12件商品','1103','2020-03-16 00:00:00'),

(4756,'254782148933153',3056,2,'7778343629519226163184862229292193',14435.00,'小米（MI） 小米路由器4 双千兆路由器 无线家用穿墙1200M高速双频wifi 千兆版 千兆端口光纤适用等11件商品','1102','2020-03-16 00:00:00'),

(4757,'233687733349224',3058,6,'1997994859459737295796273824785447',39000.00,'联想(Lenovo)Y9000X 2019新款 15.6英寸高性能标压轻薄本笔记本电脑(i5-9300H 16G 512GSSD FHD)深空灰等13件商品','1102','2020-03-16 00:00:00'),

(4758,'943979529294253',3059,7,'3599722226268298329591529744563689',9790.00,'TCL 55A950C 55英寸32核人工智能 HDR曲面超薄4K电视金属机身（枪色）等4件商品','1101','2020-03-16 00:00:00'),

(4759,'346637646627842',3061,12,'9867465174219982852678339228265853',673.00,'小米（MI） 小米路由器4 双千兆路由器 无线家用穿墙1200M高速双频wifi 千兆版 千兆端口光纤适用等3件商品','1102','2020-03-16 00:00:00'),

(4760,'522645949576777',3062,1,'9173963972123169961545945764224194',25912.00,'联想(Lenovo)Y9000X 2019新款 15.6英寸高性能标压轻薄本笔记本电脑(i5-9300H 16G 512GSSD FHD)深空灰等8件商品','1101','2020-03-16 00:00:00'),

(4761,'463534451515322',3066,17,'4778576572836317961384752912791536',11363.00,'荣耀10 GT游戏加速 AIS手持夜景 6GB+64GB 幻影蓝全网通 移动联通电信等4件商品','1102','2020-03-16 00:00:00'),

(4762,'496795928168696',3069,9,'1561139242285166344155946469137224',20957.00,'联想(Lenovo)拯救者Y7000 英特尔酷睿i7 2019新款 15.6英寸发烧游戏本笔记本电脑（i7-9750H 8GB 512GB SSD GTX1650 4G 高色域等10件商品','1102','2020-03-16 00:00:00'),

(4763,'578627338488299',3070,18,'3119824479992438578893188512432422',3518.00,'北纯精制黄小米（小黄米 月子米 小米粥 粗粮杂粮 大米伴侣）2.18kg等5件商品','1102','2020-03-16 00:00:00'),

(4764,'852457536182123',3060,10,'2513493556452158769847564323781143',12686.00,'TCL 55A950C 55英寸32核人工智能 HDR曲面超薄4K电视金属机身（枪色）等8件商品','1102','2020-03-16 00:00:00'),

(4765,'245443729621738',3063,16,'2934244459427594557757868365227675',14015.00,'TCL 55A950C 55英寸32核人工智能 HDR曲面超薄4K电视金属机身（枪色）等5件商品','1101','2020-03-16 00:00:00'),

(4766,'736497272763196',3065,14,'4831516475875569735992858965377438',3328.00,'TCL 55A950C 55英寸32核人工智能 HDR曲面超薄4K电视金属机身（枪色）等1件商品','1101','2020-03-16 00:00:00'),

(4767,'483591437778687',3067,13,'5845313514393516374497476917394651',7342.00,'TCL 55A950C 55英寸32核人工智能 HDR曲面超薄4K电视金属机身（枪色）等3件商品','1101','2020-03-16 00:00:00'),

(4768,'979384654555344',3068,20,'2563732848563714959564964389333578',7806.00,'荣耀10 GT游戏加速 AIS手持夜景 6GB+64GB 幻影蓝全网通 移动联通电信等4件商品','1102','2020-03-16 00:00:00'),

(4769,'542473998414543',3072,19,'4251932534947976537362424598843959',28777.00,'小米Play 流光渐变AI双摄 4GB+64GB 梦幻蓝 全网通4G 双卡双待 小水滴全面屏拍照游戏智能手机等8件商品','1102','2020-03-16 00:00:00'),

(4770,'982974532743584',3074,10,'4123844232848486833918414751286327',22883.00,'联想(Lenovo)拯救者Y7000 2019新款 15.6英寸游戏本笔记本电脑（i7-9750H 8GB 1TB+256GB GTX1650 4G独显 黑）等8件商品','1103','2020-03-16 00:00:00'),

(4771,'979866314948326',3076,8,'3823231647679334235363339171327372',11495.00,'TCL 55A950C 55英寸32核人工智能 HDR曲面超薄4K电视金属机身（枪色）等14件商品','1101','2020-03-16 00:00:00'),

(4772,'176751272212229',3078,20,'9114414477268285494697583134488325',23880.00,'联想(Lenovo)拯救者Y7000 2019新款 15.6英寸游戏本笔记本电脑（i7-9750H 8GB 1TB+256GB GTX1650 4G独显 黑）等10件商品','1102','2020-03-16 00:00:00'),

(4773,'144967673617365',3079,17,'5855883932855482324857149554243597',6595.00,'联想(Lenovo)拯救者Y7000 2019新款 15.6英寸游戏本笔记本电脑（i7-9750H 8GB 1TB+256GB GTX1650 4G独显 黑）等3件商品','1102','2020-03-16 00:00:00'),

(4774,'998381235313786',3080,7,'3192497124819972197748118566697893',25295.00,'TCL 55A950C 55英寸32核人工智能 HDR曲面超薄4K电视金属机身（枪色）等9件商品','1101','2020-03-16 00:00:00'),

(4775,'233148637447185',3083,4,'7838977995179863432135465686964949',13029.00,'Apple iPhoneXSMax (A2104) 256GB 深空灰色 移动联通电信4G手机 双卡双待等6件商品','1102','2020-03-16 00:00:00'),

(4776,'726859697772799',3084,18,'1699761619117621722839151461644467',7375.00,'北纯精制黄小米（小黄米 月子米 小米粥 粗粮杂粮 大米伴侣）2.18kg等8件商品','1102','2020-03-16 00:00:00'),

(4777,'963158613249168',3085,6,'6245287773966555258834147596219424',26573.00,'荣耀10 GT游戏加速 AIS手持夜景 6GB+64GB 幻影蓝全网通 移动联通电信等10件商品','1103','2020-03-16 00:00:00'),

(4778,'472624615321366',3086,13,'4658159814511119228261474289273874',4313.00,'TCL 55A950C 55英寸32核人工智能 HDR曲面超薄4K电视金属机身（枪色）等4件商品','1103','2020-03-16 00:00:00'),

(4779,'588796265281362',3049,1,'9285992765192435361523269551398613',32386.00,'十月稻田 沁州黄小米 (黄小米 五谷杂粮 山西特产 真空装 大米伴侣 粥米搭档) 2.5kg等10件商品','1102','2020-03-17 00:00:00'),

(4780,'851968378324288',3050,19,'5248572258971666643575838148517487',18777.00,'联想(Lenovo)拯救者Y7000 2019新款 15.6英寸游戏本笔记本电脑（i7-9750H 8GB 1TB+256GB GTX1650 4G独显 黑）等3件商品','1102','2020-03-17 00:00:00'),

(4781,'169694251659132',3057,5,'4295298369783231576545568127588253',59240.00,'联想(Lenovo)拯救者Y7000 2019新款 15.6英寸游戏本笔记本电脑（i7-9750H 8GB 1TB+256GB GTX1650 4G独显 黑）等10件商品','1101','2020-03-17 00:00:00'),

(4782,'683777876773284',3064,8,'1166454552842667272898829564788737',31879.00,'TCL 55A950C 55英寸32核人工智能 HDR曲面超薄4K电视金属机身（枪色）等16件商品','1101','2020-03-17 00:00:00'),

(4783,'978171247132524',3071,2,'8237639233334995912644742419423797',8449.00,'小米（MI） 小米路由器4 双千兆路由器 无线家用穿墙1200M高速双频wifi 千兆版 千兆端口光纤适用等8件商品','1102','2020-03-17 00:00:00'),

(4784,'866923839923871',3073,5,'3925675591832232842335167932775188',81426.00,'联想(Lenovo)拯救者Y7000 2019新款 15.6英寸游戏本笔记本电脑（i7-9750H 8GB 1TB+256GB GTX1650 4G独显 黑）等16件商品','1102','2020-03-17 00:00:00'),

(4785,'244416977171199',3075,1,'4238191468426413514334729944918117',16116.00,'联想(Lenovo)Y9000X 2019新款 15.6英寸高性能标压轻薄本笔记本电脑(i5-9300H 16G 512GSSD FHD)深空灰等5件商品','1101','2020-03-17 00:00:00'),

(4786,'742293363733324',3077,14,'3933115522664916826164849911475741',16268.00,'联想(Lenovo)拯救者Y7000 英特尔酷睿i7 2019新款 15.6英寸发烧游戏本笔记本电脑（i7-9750H 8GB 512GB SSD GTX1650 4G 高色域等7件商品','1102','2020-03-17 00:00:00'),

(4787,'298798941411627',3082,27,'6517933467198664653342735313273258',2255.00,'小米Play 流光渐变AI双摄 4GB+64GB 梦幻蓝 全网通4G 双卡双待 小水滴全面屏拍照游戏智能手机等5件商品','1102','2020-03-17 00:00:00'),

(4788,'219798182987446',3087,25,'1888538362392555147953146154559986',1453.00,'小米Play 流光渐变AI双摄 4GB+64GB 梦幻蓝 全网通4G 双卡双待 小水滴全面屏拍照游戏智能手机等1件商品','1101','2020-03-17 00:00:00'),

(4789,'936369958893591',3088,23,'2585739219416277362352966389215938',2471.00,'荣耀10 GT游戏加速 AIS手持夜景 6GB+64GB 幻影蓝全网通 移动联通电信等1件商品','1102','2020-03-17 00:00:00'),

(4790,'248967969425399',3091,12,'2851676131221198327924377978447553',7786.00,'小米（MI） 小米路由器4 双千兆路由器 无线家用穿墙1200M高速双频wifi 千兆版 千兆端口光纤适用等7件商品','1102','2020-03-17 00:00:00'),

(4791,'487137341444989',3092,1,'8474366456315118563674141199686495',27325.00,'联想(Lenovo)Y9000X 2019新款 15.6英寸高性能标压轻薄本笔记本电脑(i5-9300H 16G 512GSSD FHD)深空灰等6件商品','1102','2020-03-17 00:00:00'),

(4792,'492679493128824',3093,20,'9682323143895291398631933725237737',24592.00,'荣耀10 GT游戏加速 AIS手持夜景 6GB+64GB 幻影蓝全网通 移动联通电信等13件商品','1102','2020-03-17 00:00:00'),

(4793,'752798416399393',3094,17,'1245757859218639863976988215664613',16940.00,'荣耀10 GT游戏加速 AIS手持夜景 6GB+64GB 幻影蓝全网通 移动联通电信等9件商品','1101','2020-03-17 00:00:00'),

(4794,'942294513228174',3095,3,'8751433795638569351235466231784218',12953.00,'荣耀10青春版 幻彩渐变 2400万AI自拍 全网通版4GB+64GB 渐变蓝 移动联通电信4G全面屏手机 双卡双待等13件商品','1101','2020-03-17 00:00:00'),

(4795,'319463923423399',3096,7,'6167521663762333268892131398678696',27972.00,'荣耀10青春版 幻彩渐变 2400万AI自拍 全网通版4GB+64GB 渐变蓝 移动联通电信4G全面屏手机 双卡双待等10件商品','1102','2020-03-17 00:00:00'),

(4796,'918552359827248',3097,13,'5464228478492934982635312592559533',6785.00,'荣耀10 GT游戏加速 AIS手持夜景 6GB+64GB 幻影蓝全网通 移动联通电信等4件商品','1103','2020-03-17 00:00:00'),

(4797,'413913735471678',3098,6,'4247496122229753748194266886957529',16312.00,'荣耀10 GT游戏加速 AIS手持夜景 6GB+64GB 幻影蓝全网通 移动联通电信等11件商品','1103','2020-03-17 00:00:00'),

(4798,'332386467736312',3099,14,'5748698844178454172712834832977677',38908.00,'联想(Lenovo)拯救者Y7000 英特尔酷睿i7 2019新款 15.6英寸发烧游戏本笔记本电脑（i7-9750H 8GB 512GB SSD GTX1650 4G 高色域等10件商品','1102','2020-03-17 00:00:00'),

(4799,'669293972683533',3100,23,'5412717764146565775485554817571296',10551.00,'小米Play 流光渐变AI双摄 4GB+64GB 梦幻蓝 全网通4G 双卡双待 小水滴全面屏拍照游戏智能手机等4件商品','1102','2020-03-17 00:00:00'),

(4800,'434285324559483',3103,22,'5635533242646934477666572719453818',2890.00,'小米Play 流光渐变AI双摄 4GB+64GB 梦幻蓝 全网通4G 双卡双待 小水滴全面屏拍照游戏智能手机等2件商品','1101','2020-03-17 00:00:00'),

(4801,'563135239328548',3104,26,'6688829691881188345244656324254285',4333.00,'小米Play 流光渐变AI双摄 4GB+64GB 梦幻蓝 全网通4G 双卡双待 小水滴全面屏拍照游戏智能手机等3件商品','1102','2020-03-17 00:00:00'),

(4802,'682667191494448',3106,21,'3525981399479512333956926215119584',480.00,'十月稻田 沁州黄小米 (黄小米 五谷杂粮 山西特产 真空装 大米伴侣 粥米搭档) 2.5kg等3件商品','1101','2020-03-17 00:00:00'),

(4803,'166222942468288',3108,31,'2326756565534279387169278625131411',26712.00,'Apple iPhoneXSMax (A2104) 256GB 深空灰色 移动联通电信4G手机 双卡双待等3件商品','1101','2020-03-17 00:00:00'),

(4804,'257392823691335',3109,36,'5553966669681267753576283526595425',10961.00,'荣耀10青春版 幻彩渐变 2400万AI自拍 全网通版4GB+64GB 渐变蓝 移动联通电信4G全面屏手机 双卡双待等3件商品','1102','2020-03-17 00:00:00'),

(4805,'249431156116957',3081,16,'4591366274325145357488426114416644',17112.00,'TCL 55A950C 55英寸32核人工智能 HDR曲面超薄4K电视金属机身（枪色）等7件商品','1101','2020-03-18 00:00:00'),

(4806,'456195376969664',3089,2,'1613529474642783485836838797648539',19760.00,'小米（MI） 小米路由器4 双千兆路由器 无线家用穿墙1200M高速双频wifi 千兆版 千兆端口光纤适用等17件商品','1102','2020-03-18 00:00:00'),

(4807,'978381462382559',3090,10,'5826791836948618463731931121814216',22227.00,'十月稻田 沁州黄小米 (黄小米 五谷杂粮 山西特产 真空装 大米伴侣 粥米搭档) 2.5kg等12件商品','1102','2020-03-18 00:00:00'),

(4808,'377612592335753',3102,5,'4647716465446267371363635796754678',43747.00,'联想(Lenovo)拯救者Y7000 2019新款 15.6英寸游戏本笔记本电脑（i7-9750H 8GB 1TB+256GB GTX1650 4G独显 黑）等11件商品','1101','2020-03-18 00:00:00'),

(4809,'383937761199741',3105,25,'4857879954812262131313156693112739',6206.00,'小米（MI）电视 55英寸曲面4K智能WiFi网络液晶电视机4S L55M5-AQ 小米电视4S 55英寸 曲面等2件商品','1101','2020-03-18 00:00:00'),

(4810,'181832913765134',3107,18,'9932752782827179563897281878925291',14317.00,'小米Play 流光渐变AI双摄 4GB+64GB 梦幻蓝 全网通4G 双卡双待 小水滴全面屏拍照游戏智能手机等7件商品','1101','2020-03-18 00:00:00'),

(4811,'378275437831962',3110,37,'8798961814359683748658659769575533',8914.00,'Apple iPhoneXSMax (A2104) 256GB 深空灰色 移动联通电信4G手机 双卡双待等1件商品','1102','2020-03-18 00:00:00'),

(4812,'831643935941489',3111,32,'8217439487976385349977744211215928',113.00,'北纯精制黄小米（小黄米 月子米 小米粥 粗粮杂粮 大米伴侣）2.18kg等1件商品','1102','2020-03-18 00:00:00'),

(4813,'513673346163496',3112,1,'1218516947219699113583419774388945',15358.00,'十月稻田 沁州黄小米 (黄小米 五谷杂粮 山西特产 真空装 大米伴侣 粥米搭档) 2.5kg等7件商品','1101','2020-03-18 00:00:00'),

(4814,'491612766538263',3113,20,'6322856137261428712343324492325793',33111.00,'联想(Lenovo)拯救者Y7000 2019新款 15.6英寸游戏本笔记本电脑（i7-9750H 8GB 1TB+256GB GTX1650 4G独显 黑）等12件商品','1102','2020-03-18 00:00:00'),

(4815,'198451634276372',3114,17,'7668894479351963483721258736734765',13097.00,'荣耀10 GT游戏加速 AIS手持夜景 6GB+64GB 幻影蓝全网通 移动联通电信等13件商品','1102','2020-03-18 00:00:00'),

(4816,'184258926875329',3115,11,'3344798825847339187762264593116959',4048.00,'联想(Lenovo)Y9000X 2019新款 15.6英寸高性能标压轻薄本笔记本电脑(i5-9300H 16G 512GSSD FHD)深空灰等3件商品','1102','2020-03-18 00:00:00'),

(4817,'734746675969759',3116,7,'6969814271126513899342944426652719',9760.00,'TCL 55A950C 55英寸32核人工智能 HDR曲面超薄4K电视金属机身（枪色）等12件商品','1102','2020-03-18 00:00:00'),

(4818,'424193573114159',3117,5,'1794215969284456756496341457314476',72856.00,'联想(Lenovo)拯救者Y7000 2019新款 15.6英寸游戏本笔记本电脑（i7-9750H 8GB 1TB+256GB GTX1650 4G独显 黑）等17件商品','1102','2020-03-18 00:00:00'),

(4819,'326947784284846',3118,8,'4194923619642451565654411141162372',46771.00,'小米（MI）电视 55英寸曲面4K智能WiFi网络液晶电视机4S L55M5-AQ 小米电视4S 55英寸 曲面等23件商品','1102','2020-03-18 00:00:00'),

(4820,'628547528679766',3119,40,'8251633175193813671423894596928485',9152.00,'十月稻田 沁州黄小米 (黄小米 五谷杂粮 山西特产 真空装 大米伴侣 粥米搭档) 2.5kg等5件商品','1102','2020-03-18 00:00:00'),

(4821,'637442983958431',3120,14,'5479235455175957611667123236789774',37099.00,'荣耀10青春版 幻彩渐变 2400万AI自拍 全网通版4GB+64GB 渐变蓝 移动联通电信4G全面屏手机 双卡双待等14件商品','1103','2020-03-18 00:00:00'),

(4822,'762438852167759',3124,16,'1216358225981654395557126812229788',24470.00,'TCL 55A950C 55英寸32核人工智能 HDR曲面超薄4K电视金属机身（枪色）等10件商品','1102','2020-03-18 00:00:00'),

(4823,'261472433999311',3125,13,'5591579852517221327777727189913511',18938.00,'荣耀10青春版 幻彩渐变 2400万AI自拍 全网通版4GB+64GB 渐变蓝 移动联通电信4G全面屏手机 双卡双待等5件商品','1101','2020-03-18 00:00:00'),

(4824,'749718728372224',3128,18,'2684751344432418937985667789417693',5723.00,'北纯精制黄小米（小黄米 月子米 小米粥 粗粮杂粮 大米伴侣）2.18kg等7件商品','1102','2020-03-18 00:00:00'),

(4825,'563331694212446',3129,6,'8641661615348776548198171635982441',35256.00,'联想(Lenovo)Y9000X 2019新款 15.6英寸高性能标压轻薄本笔记本电脑(i5-9300H 16G 512GSSD FHD)深空灰等16件商品','1102','2020-03-18 00:00:00'),

(4826,'832797886382368',3130,37,'6331818262371485347231721529498352',99.00,'北纯精制黄小米（小黄米 月子米 小米粥 粗粮杂粮 大米伴侣）2.18kg等1件商品','1102','2020-03-18 00:00:00'),

(4827,'888936158935915',3131,10,'4485993774736794722189294641983972',15531.00,'TCL 55A950C 55英寸32核人工智能 HDR曲面超薄4K电视金属机身（枪色）等12件商品','1102','2020-03-18 00:00:00'),

(4828,'734781632849186',3132,36,'8188839591761122135728581699271874',29341.00,'Apple iPhoneXSMax (A2104) 256GB 深空灰色 移动联通电信4G手机 双卡双待等5件商品','1103','2020-03-18 00:00:00'),

(4829,'251486925113344',3134,23,'3437996165975278731714985411693213',9541.00,'TCL 55A950C 55英寸32核人工智能 HDR曲面超薄4K电视金属机身（枪色）等4件商品','1103','2020-03-18 00:00:00'),

(4830,'769948411861143',3135,29,'9692567128568681594567428148135222',448.00,'十月稻田 沁州黄小米 (黄小米 五谷杂粮 山西特产 真空装 大米伴侣 粥米搭档) 2.5kg等2件商品','1101','2020-03-18 00:00:00'),

(4831,'189874245942258',3121,4,'8696469727391775893713475125687967',3935.00,'小米（MI） 小米路由器4 双千兆路由器 无线家用穿墙1200M高速双频wifi 千兆版 千兆端口光纤适用等9件商品','1102','2020-03-20 00:00:00'),

(4832,'867311819789882',3127,3,'2653193954983712291432693633834534',16889.00,'小米（MI） 小米路由器4 双千兆路由器 无线家用穿墙1200M高速双频wifi 千兆版 千兆端口光纤适用等10件商品','1101','2020-03-20 00:00:00'),

(4833,'771835766132886',3133,27,'5378226762763347793599946517795857',14303.00,'小米Play 流光渐变AI双摄 4GB+64GB 梦幻蓝 全网通4G 双卡双待 小水滴全面屏拍照游戏智能手机等9件商品','1103','2020-03-20 00:00:00'),

(4834,'527263439517948',3136,1,'7973836458459388675175929211734267',34320.00,'联想(Lenovo)Y9000X 2019新款 15.6英寸高性能标压轻薄本笔记本电脑(i5-9300H 16G 512GSSD FHD)深空灰等10件商品','1101','2020-03-20 00:00:00'),

(4835,'716941957879165',3137,20,'7996343286577812441962311694297445',22418.00,'联想(Lenovo)拯救者Y7000 2019新款 15.6英寸游戏本笔记本电脑（i7-9750H 8GB 1TB+256GB GTX1650 4G独显 黑）等14件商品','1102','2020-03-20 00:00:00'),

(4836,'337822146456827',3138,14,'9219212288241769565296892421636231',44475.00,'荣耀10青春版 幻彩渐变 2400万AI自拍 全网通版4GB+64GB 渐变蓝 移动联通电信4G全面屏手机 双卡双待等15件商品','1102','2020-03-20 00:00:00'),

(4837,'691244328592266',3139,32,'4564449641135982842858251312417954',8743.00,'北纯精制黄小米（小黄米 月子米 小米粥 粗粮杂粮 大米伴侣）2.18kg等4件商品','1103','2020-03-20 00:00:00'),

(4838,'221936264711192',3140,31,'3497265451614844733613843645234993',31993.00,'Apple iPhoneXSMax (A2104) 256GB 深空灰色 移动联通电信4G手机 双卡双待等10件商品','1102','2020-03-20 00:00:00'),

(4839,'369244181789421',3141,16,'1819729945176621767866559972785782',7054.00,'荣耀10 GT游戏加速 AIS手持夜景 6GB+64GB 幻影蓝全网通 移动联通电信等6件商品','1102','2020-03-20 00:00:00'),

(4840,'588249814579987',3143,5,'4736543479921374331626692577466274',55868.00,'联想(Lenovo)拯救者Y7000 2019新款 15.6英寸游戏本笔记本电脑（i7-9750H 8GB 1TB+256GB GTX1650 4G独显 黑）等22件商品','1102','2020-03-20 00:00:00'),

(4841,'572516735547651',3145,17,'6718784119528647897641466477681689',14251.00,'荣耀10 GT游戏加速 AIS手持夜景 6GB+64GB 幻影蓝全网通 移动联通电信等14件商品','1101','2020-03-20 00:00:00'),

(4842,'698216763272229',3147,6,'9461786628434833179543926486619893',34109.00,'联想(Lenovo)Y9000X 2019新款 15.6英寸高性能标压轻薄本笔记本电脑(i5-9300H 16G 512GSSD FHD)深空灰等15件商品','1102','2020-03-20 00:00:00'),

(4843,'558578475225994',3148,3,'5828688814483854991676125985173592',4084.00,'十月稻田 沁州黄小米 (黄小米 五谷杂粮 山西特产 真空装 大米伴侣 粥米搭档) 2.5kg等5件商品','1102','2020-03-20 00:00:00'),

(4844,'774167477924763',3151,9,'3711688457624911167451143224683193',8434.00,'小米（MI） 小米路由器4 双千兆路由器 无线家用穿墙1200M高速双频wifi 千兆版 千兆端口光纤适用等4件商品','1102','2020-03-20 00:00:00'),

(4845,'582515324243368',3153,13,'8948259752717398433741232692344863',25417.00,'荣耀10青春版 幻彩渐变 2400万AI自拍 全网通版4GB+64GB 渐变蓝 移动联通电信4G全面屏手机 双卡双待等10件商品','1101','2020-03-20 00:00:00'),

(4846,'738115626984769',3156,40,'3268893236431586182583755269595579',4987.00,'十月稻田 沁州黄小米 (黄小米 五谷杂粮 山西特产 真空装 大米伴侣 粥米搭档) 2.5kg等5件商品','1101','2020-03-20 00:00:00'),

(4847,'669747317861812',3158,37,'5982715221598135446664211965512297',6985.00,'Apple iPhoneXSMax (A2104) 256GB 深空灰色 移动联通电信4G手机 双卡双待等4件商品','1101','2020-03-20 00:00:00'),

(4848,'797327577777716',3159,39,'5473796559661739283585358232227529',3166.00,'十月稻田 沁州黄小米 (黄小米 五谷杂粮 山西特产 真空装 大米伴侣 粥米搭档) 2.5kg等4件商品','1103','2020-03-20 00:00:00'),

(4849,'898544762622759',3122,39,'3423515956845237824376693394816748',680.00,'十月稻田 沁州黄小米 (黄小米 五谷杂粮 山西特产 真空装 大米伴侣 粥米搭档) 2.5kg等3件商品','1102','2020-03-20 00:00:00'),

(4850,'411429371555526',3126,31,'5222217581542138437236699828346658',8990.00,'小米Play 流光渐变AI双摄 4GB+64GB 梦幻蓝 全网通4G 双卡双待 小水滴全面屏拍照游戏智能手机等6件商品','1102','2020-03-20 00:00:00'),

(4851,'993171622665265',3146,33,'9593489559345943216386643938773229',2890.00,'小米Play 流光渐变AI双摄 4GB+64GB 梦幻蓝 全网通4G 双卡双待 小水滴全面屏拍照游戏智能手机等2件商品','1102','2020-03-20 00:00:00'),

(4852,'298661948248794',3150,23,'3316113434293262397872525713957831',18186.00,'TCL 55A950C 55英寸32核人工智能 HDR曲面超薄4K电视金属机身（枪色）等7件商品','1102','2020-03-20 00:00:00'),

(4853,'948245394575631',3152,10,'6757328149387899511717756171251781',21849.00,'TCL 55A950C 55英寸32核人工智能 HDR曲面超薄4K电视金属机身（枪色）等21件商品','1102','2020-03-20 00:00:00'),

(4854,'115915922292654',3160,20,'8416132484572593284278161144818673',58830.00,'联想(Lenovo)拯救者Y7000 2019新款 15.6英寸游戏本笔记本电脑（i7-9750H 8GB 1TB+256GB GTX1650 4G独显 黑）等15件商品','1102','2020-03-20 00:00:00'),

(4855,'551314352565932',3161,32,'6157261171245478119986546545157992',8099.00,'北纯精制黄小米（小黄米 月子米 小米粥 粗粮杂粮 大米伴侣）2.18kg等7件商品','1102','2020-03-20 00:00:00'),

(4856,'488964856365773',3162,16,'3815481572416266267883686911716132',11770.00,'荣耀10 GT游戏加速 AIS手持夜景 6GB+64GB 幻影蓝全网通 移动联通电信等11件商品','1101','2020-03-20 00:00:00'),

(4857,'442521652635486',3163,6,'8979232292845482176282925368864691',25524.00,'联想(Lenovo)Y9000X 2019新款 15.6英寸高性能标压轻薄本笔记本电脑(i5-9300H 16G 512GSSD FHD)深空灰等17件商品','1102','2020-03-20 00:00:00'),

(4858,'938527438975952',3164,4,'4216572613232614139649526727447795',27977.00,'Apple iPhoneXSMax (A2104) 256GB 深空灰色 移动联通电信4G手机 双卡双待等12件商品','1101','2020-03-20 00:00:00'),

(4859,'867395971417574',3165,9,'1683787884239962894524947486444954',13933.00,'联想(Lenovo)拯救者Y7000 英特尔酷睿i7 2019新款 15.6英寸发烧游戏本笔记本电脑（i7-9750H 8GB 512GB SSD GTX1650 4G 高色域等13件商品','1101','2020-03-20 00:00:00'),

(4860,'932682449494296',3166,2,'2482349436575745286973467299468558',15746.00,'荣耀10青春版 幻彩渐变 2400万AI自拍 全网通版4GB+64GB 渐变蓝 移动联通电信4G全面屏手机 双卡双待等14件商品','1102','2020-03-20 00:00:00'),

(4861,'539953632855815',3167,5,'7698295152173389438115266388393381',37571.00,'联想(Lenovo)拯救者Y7000 2019新款 15.6英寸游戏本笔记本电脑（i7-9750H 8GB 1TB+256GB GTX1650 4G独显 黑）等14件商品','1101','2020-03-20 00:00:00'),

(4862,'814811545992963',3168,40,'4925761657987332813163983616539174',582.00,'十月稻田 沁州黄小米 (黄小米 五谷杂粮 山西特产 真空装 大米伴侣 粥米搭档) 2.5kg等3件商品','1102','2020-03-20 00:00:00'),

(4863,'523421421252429',3170,1,'6614145819616625347731747634556568',29732.00,'十月稻田 沁州黄小米 (黄小米 五谷杂粮 山西特产 真空装 大米伴侣 粥米搭档) 2.5kg等17件商品','1102','2020-03-20 00:00:00'),

(4864,'569642394338637',3171,3,'5245763174434156984467526972414818',15064.00,'荣耀10青春版 幻彩渐变 2400万AI自拍 全网通版4GB+64GB 渐变蓝 移动联通电信4G全面屏手机 双卡双待等20件商品','1102','2020-03-20 00:00:00'),

(4865,'687627743687552',3173,19,'9429162165338931216549849895956651',30692.00,'小米Play 流光渐变AI双摄 4GB+64GB 梦幻蓝 全网通4G 双卡双待 小水滴全面屏拍照游戏智能手机等8件商品','1102','2020-03-20 00:00:00'),

(4866,'495613549525786',3174,27,'2919121441815411565462111956771461',4596.00,'小米Play 流光渐变AI双摄 4GB+64GB 梦幻蓝 全网通4G 双卡双待 小水滴全面屏拍照游戏智能手机等11件商品','1101','2020-03-20 00:00:00'),

(4867,'884455313175395',3176,13,'7853534596978955512412675226134137',28227.00,'荣耀10 GT游戏加速 AIS手持夜景 6GB+64GB 幻影蓝全网通 移动联通电信等19件商品','1102','2020-03-20 00:00:00'),

(4868,'893588872169787',3177,8,'1392721399673621426385692185744982',2721.00,'TCL 55A950C 55英寸32核人工智能 HDR曲面超薄4K电视金属机身（枪色）等24件商品','1102','2020-03-20 00:00:00'),

(4869,'233914837662771',3180,22,'1152447762825472218833882521891883',7342.00,'小米Play 流光渐变AI双摄 4GB+64GB 梦幻蓝 全网通4G 双卡双待 小水滴全面屏拍照游戏智能手机等4件商品','1102','2020-03-20 00:00:00'),

(4870,'931949278282413',3182,37,'9343135898888864774428985892496656',4343.00,'小米Play 流光渐变AI双摄 4GB+64GB 梦幻蓝 全网通4G 双卡双待 小水滴全面屏拍照游戏智能手机等3件商品','1102','2020-03-20 00:00:00'),

(4871,'219185446459266',3183,30,'6614671196817713926476173517592573',12012.00,'荣耀10青春版 幻彩渐变 2400万AI自拍 全网通版4GB+64GB 渐变蓝 移动联通电信4G全面屏手机 双卡双待等3件商品','1101','2020-03-20 00:00:00'),

(4872,'785962692722986',3184,35,'9681317316939366624882133265631539',2226.00,'荣耀10青春版 幻彩渐变 2400万AI自拍 全网通版4GB+64GB 渐变蓝 移动联通电信4G全面屏手机 双卡双待等1件商品','1102','2020-03-20 00:00:00'),

(4873,'743267353891977',3185,39,'4117676759922378662139956219654954',12434.00,'荣耀10 GT游戏加速 AIS手持夜景 6GB+64GB 幻影蓝全网通 移动联通电信等4件商品','1102','2020-03-20 00:00:00'),

(4874,'147368128211126',3101,4,'7825747543724974162491433634989151',1182.00,'小米（MI） 小米路由器4 双千兆路由器 无线家用穿墙1200M高速双频wifi 千兆版 千兆端口光纤适用等8件商品','1103','2020-03-20 00:00:00'),

(4875,'949158576547363',3123,38,'5824289456859955213576677425238963',528.00,'北纯精制黄小米（小黄米 月子米 小米粥 粗粮杂粮 大米伴侣）2.18kg等4件商品','1102','2020-03-20 00:00:00'),

(4876,'713199233725863',3142,4,'4163986118363232951132227385527791',13347.00,'小米（MI） 小米路由器4 双千兆路由器 无线家用穿墙1200M高速双频wifi 千兆版 千兆端口光纤适用等14件商品','1102','2020-03-20 00:00:00'),

(4877,'178697852612214',3149,7,'5747349599133154521928482934659229',3552.00,'TCL 55A950C 55英寸32核人工智能 HDR曲面超薄4K电视金属机身（枪色）等15件商品','1102','2020-03-20 00:00:00'),

(4878,'286389777239132',3154,11,'8125747879488168561598389563148124',6181.00,'联想(Lenovo)Y9000X 2019新款 15.6英寸高性能标压轻薄本笔记本电脑(i5-9300H 16G 512GSSD FHD)深空灰等6件商品','1102','2020-03-20 00:00:00'),

(4879,'613365836699827',3155,30,'6916474556554254291635344284939968',5577.00,'荣耀10 GT游戏加速 AIS手持夜景 6GB+64GB 幻影蓝全网通 移动联通电信等3件商品','1102','2020-03-20 00:00:00'),

(4880,'574185365585468',3172,38,'2972779369256514274675239585482371',5888.00,'十月稻田 沁州黄小米 (黄小米 五谷杂粮 山西特产 真空装 大米伴侣 粥米搭档) 2.5kg等4件商品','1102','2020-03-20 00:00:00'),

(4881,'477996234573122',3175,15,'1543997297425532457442825656794581',2889.00,'小米Play 流光渐变AI双摄 4GB+64GB 梦幻蓝 全网通4G 双卡双待 小水滴全面屏拍照游戏智能手机等2件商品','1102','2020-03-20 00:00:00'),

(4882,'672982785237842',3181,23,'4156264619291976625565744559788867',17652.00,'小米Play 流光渐变AI双摄 4GB+64GB 梦幻蓝 全网通4G 双卡双待 小水滴全面屏拍照游戏智能手机等8件商品','1102','2020-03-20 00:00:00'),

(4883,'538276653181337',3186,32,'1768618492794738453722257754259955',7035.00,'北纯精制黄小米（小黄米 月子米 小米粥 粗粮杂粮 大米伴侣）2.18kg等6件商品','1103','2020-03-20 00:00:00'),

(4884,'934433791755821',3187,6,'9143746739938823273275433778113776',23384.00,'小米Play 流光渐变AI双摄 4GB+64GB 梦幻蓝 全网通4G 双卡双待 小水滴全面屏拍照游戏智能手机等15件商品','1102','2020-03-20 00:00:00'),

(4885,'733211998224787',3188,2,'6953971577623568373316796375344546',20926.00,'荣耀10青春版 幻彩渐变 2400万AI自拍 全网通版4GB+64GB 渐变蓝 移动联通电信4G全面屏手机 双卡双待等17件商品','1101','2020-03-20 00:00:00'),

(4886,'877948471822149',3189,5,'5189429675213151965289982333849676',40347.00,'联想(Lenovo)拯救者Y7000 2019新款 15.6英寸游戏本笔记本电脑（i7-9750H 8GB 1TB+256GB GTX1650 4G独显 黑）等26件商品','1101','2020-03-20 00:00:00'),

(4887,'333756849885817',3190,40,'1852215371439183411745293771261857',9199.00,'十月稻田 沁州黄小米 (黄小米 五谷杂粮 山西特产 真空装 大米伴侣 粥米搭档) 2.5kg等8件商品','1102','2020-03-20 00:00:00'),

(4888,'993588739514189',3193,15,'8348156311393888235815986921699364',7793.00,'小米Play 流光渐变AI双摄 4GB+64GB 梦幻蓝 全网通4G 双卡双待 小水滴全面屏拍照游戏智能手机等4件商品','1102','2020-03-20 00:00:00'),

(4889,'149875277481444',3194,11,'7666617817351565342217885875956278',6113.00,'荣耀10青春版 幻彩渐变 2400万AI自拍 全网通版4GB+64GB 渐变蓝 移动联通电信4G全面屏手机 双卡双待等4件商品','1102','2020-03-20 00:00:00'),

(4890,'223356982241757',3195,38,'8223294764613362777274848312317561',9153.00,'十月稻田 沁州黄小米 (黄小米 五谷杂粮 山西特产 真空装 大米伴侣 粥米搭档) 2.5kg等9件商品','1102','2020-03-20 00:00:00'),

(4891,'531637913644422',3196,37,'9288237677367982131848621993458383',12934.00,'Apple iPhoneXSMax (A2104) 256GB 深空灰色 移动联通电信4G手机 双卡双待等8件商品','1101','2020-03-20 00:00:00'),

(4892,'692458782721795',3197,34,'5874898367271243413328673983584486',4677.00,'荣耀10青春版 幻彩渐变 2400万AI自拍 全网通版4GB+64GB 渐变蓝 移动联通电信4G全面屏手机 双卡双待等3件商品','1101','2020-03-20 00:00:00'),

(4893,'163749253422982',3198,18,'1142794335576433347636113344923335',18097.00,'北纯精制黄小米（小黄米 月子米 小米粥 粗粮杂粮 大米伴侣）2.18kg等11件商品','1101','2020-03-20 00:00:00'),

(4894,'161129862699718',3199,24,'7263751161535242248176749231987149',305.00,'十月稻田 沁州黄小米 (黄小米 五谷杂粮 山西特产 真空装 大米伴侣 粥米搭档) 2.5kg等2件商品','1103','2020-03-20 00:00:00'),

(4895,'832657748467917',3200,23,'1241459557232958948818375917535538',30518.00,'TCL 55A950C 55英寸32核人工智能 HDR曲面超薄4K电视金属机身（枪色）等12件商品','1102','2020-03-20 00:00:00'),

(4896,'478639828358165',3201,8,'8838168957982938713225143529647254',28032.00,'TCL 55A950C 55英寸32核人工智能 HDR曲面超薄4K电视金属机身（枪色）等19件商品','1102','2020-03-20 00:00:00'),

(4897,'227225832235882',3202,22,'4572278452548771969356477513894684',8775.00,'小米Play 流光渐变AI双摄 4GB+64GB 梦幻蓝 全网通4G 双卡双待 小水滴全面屏拍照游戏智能手机等5件商品','1102','2020-03-20 00:00:00'),

(4898,'416527139932172',3204,29,'9227555749327779512292338689961846',17494.00,'联想(Lenovo)拯救者Y7000 2019新款 15.6英寸游戏本笔记本电脑（i7-9750H 8GB 1TB+256GB GTX1650 4G独显 黑）等3件商品','1102','2020-03-20 00:00:00'),

(4899,'634118274281211',3205,28,'3651388197768649835885312217288515',9972.00,'TCL 55A950C 55英寸32核人工智能 HDR曲面超薄4K电视金属机身（枪色）等3件商品','1102','2020-03-20 00:00:00'),

(4900,'458357994839882',3206,36,'5837946542884394429522688251654614',14682.00,'荣耀10青春版 幻彩渐变 2400万AI自拍 全网通版4GB+64GB 渐变蓝 移动联通电信4G全面屏手机 双卡双待等4件商品','1101','2020-03-20 00:00:00'),

(4901,'994959428495371',3208,39,'8228397528879377737459238931636357',10445.00,'十月稻田 沁州黄小米 (黄小米 五谷杂粮 山西特产 真空装 大米伴侣 粥米搭档) 2.5kg等8件商品','1102','2020-03-20 00:00:00'),

(4902,'641864914411535',3209,26,'5157435424896272665245622158826165',5783.00,'小米Play 流光渐变AI双摄 4GB+64GB 梦幻蓝 全网通4G 双卡双待 小水滴全面屏拍照游戏智能手机等4件商品','1101','2020-03-20 00:00:00');

/*Table structure for table `sku_info` */

DROP TABLE IF EXISTS `sku_info`;

CREATE TABLE `sku_info` (
  `id` bigint(20) NOT NULL AUTO_INCREMENT COMMENT 'skuid(itemID)',
  `spu_id` bigint(20) DEFAULT NULL COMMENT 'spuid',
  `price` decimal(10,0) DEFAULT NULL COMMENT '价格',
  `sku_name` varchar(200) DEFAULT NULL COMMENT 'sku名称',
  `sku_desc` varchar(2000) DEFAULT NULL COMMENT '商品规格描述',
  `weight` decimal(10,2) DEFAULT NULL COMMENT '重量',
  `tm_id` bigint(20) DEFAULT NULL COMMENT '品牌(冗余)',
  `category3_id` bigint(20) DEFAULT NULL COMMENT '三级分类id（冗余)',
  `sku_default_img` varchar(200) DEFAULT NULL COMMENT '默认显示图片(冗余)',
  `create_time` datetime DEFAULT NULL COMMENT '创建时间',
  PRIMARY KEY (`id`)
) ENGINE=InnoDB AUTO_INCREMENT=14 DEFAULT CHARSET=utf8 COMMENT='库存单元表';

/*Data for the table `sku_info` */

insert  into `sku_info`(`id`,`spu_id`,`price`,`sku_name`,`sku_desc`,`weight`,`tm_id`,`category3_id`,`sku_default_img`,`create_time`) values 

(1,1,2220,'荣耀10青春版 幻彩渐变 2400万AI自拍 全网通版4GB+64GB 渐变蓝 移动联通电信4G全面屏手机 双卡双待','荣耀10青春版 幻彩渐变 2400万AI自拍 全网通版4GB+64GB 渐变蓝 移动联通电信4G全面屏手机 双卡双待',0.24,2,61,'http://AOvKmfRQEBRJJllwCwCuptVAOtBBcIjWeJRsmhbJ','2019-02-14 21:25:54'),

(2,2,3321,'TCL 55A950C 55英寸32核人工智能 HDR曲面超薄4K电视金属机身（枪色）','TCL 55A950C 55英寸32核人工智能 HDR曲面超薄4K电视金属机身（枪色）',15.24,4,86,'http://JfJSvAnPkErYPcUsbgCuokhjxKiLeqpDXakZqFeE','2019-02-14 21:25:54'),

(3,3,3100,'小米（MI）电视 55英寸曲面4K智能WiFi网络液晶电视机4S L55M5-AQ 小米电视4S 55英寸 曲面','小米（MI）电视 55英寸曲面4K智能WiFi网络液晶电视机4S L55M5-AQ 小米电视4S 55英寸 曲面',15.24,1,86,'http://LzpblavcZQeYEbwbSjsnmsgAjtpudhDradqsRgdZ','2019-02-14 21:25:54'),

(4,4,1442,'小米Play 流光渐变AI双摄 4GB+64GB 梦幻蓝 全网通4G 双卡双待 小水滴全面屏拍照游戏智能手机','小米Play 流光渐变AI双摄 4GB+64GB 梦幻蓝 全网通4G 双卡双待 小水滴全面屏拍照游戏智能手机',0.24,1,61,'http://SXlkutIjYpDWWTEpNUiisnlsevOHVElrdngQLgyZ','2019-02-14 21:25:54'),

(5,5,244,'十月稻田 沁州黄小米 (黄小米 五谷杂粮 山西特产 真空装 大米伴侣 粥米搭档) 2.5kg','十月稻田 沁州黄小米 (黄小米 五谷杂粮 山西特产 真空装 大米伴侣 粥米搭档) 2.5kg',2.50,5,803,'http://INNButKuTkslasORPBmHACnJuccfsxmRxNuMznPm','2019-02-14 21:25:54'),

(6,6,145,'北纯精制黄小米（小黄米 月子米 小米粥 粗粮杂粮 大米伴侣）2.18kg','北纯 精制 黄小米（小黄米 月子米 小米粥 粗粮杂粮 大米伴侣）2.18kg',2.20,5,803,'http://lMddjKYNSaxpeAqbkWcxegrrHjayrosVDeLrABhg','2019-02-14 21:25:54'),

(7,1,1553,'荣耀10青春版 幻彩渐变 2400万AI自拍 全网通版4GB+64GB 渐变蓝 移动联通电信4G全面屏手机 双卡双待','荣耀10青春版 幻彩渐变 2400万AI自拍 全网通版4GB+64GB 渐变蓝 移动联通电信4G全面屏手机 双卡双待',0.24,2,61,'http://IJwhvJSuwaMHaevQQKZUzLkOsvYFiYsRhmLSjpZb','2019-02-14 21:25:54'),

(8,7,8900,'Apple iPhoneXSMax (A2104) 256GB 深空灰色 移动联通电信4G手机 双卡双待','Apple iPhone XS Max (A2104) 256GB 深空灰色 移动联通电信4G手机 双卡双待',0.24,3,61,'http://RFCTOnWWRtrJdygmPqiUXdBvyhqiTTOnXYagFJDP','2019-02-14 21:25:54'),

(9,8,2452,'荣耀10 GT游戏加速 AIS手持夜景 6GB+64GB 幻影蓝全网通 移动联通电信','荣耀10 GT游戏加速 AIS手持夜景 6GB+64GB 幻影蓝全网通 移动联通电信',0.24,2,61,'http://hNuKrFXZgFIzzZxnYeCxEDdJlbAwHUCbBChdXAKZ','2019-02-14 21:25:54'),

(10,9,222,'小米（MI） 小米路由器4 双千兆路由器 无线家用穿墙1200M高速双频wifi 千兆版 千兆端口光纤适用','小米（MI） 小米路由器4 双千兆路由器 无线家用穿墙1200M高速双频wifi 千兆版 千兆端口光纤适用',1.24,1,329,'http://kAXllAQEzJWHwiExxVmyJIABfXyzbKwedeofMqwh','2019-02-14 21:25:54'),

(11,10,6399,'联想(Lenovo)拯救者Y7000 2019新款 15.6英寸游戏本笔记本电脑（i7-9750H 8GB 1TB+256GB GTX1650 4G独显 黑）','联想(Lenovo) 拯救者Y7000 2019新款 15.6英寸游戏本笔记本电脑（i7-9750H 8GB 1TB+256GB GTX1650 4G独显 黑）',4.25,6,285,'http://kAXllAQEzJWHwiExxVmyJIABfXyzbKwedeofMqwh','2020-02-27 11:21:13'),

(12,10,6699,'联想(Lenovo)拯救者Y7000 英特尔酷睿i7 2019新款 15.6英寸发烧游戏本笔记本电脑（i7-9750H 8GB 512GB SSD GTX1650 4G 高色域','联想(Lenovo) 拯救者Y7000 英特尔酷睿i7 2019新款 15.6英寸发烧游戏本笔记本电脑（i7-9750H 8GB 512GB SSD GTX1650 4G 高色域',4.25,6,285,'http://kAXllAQEzJWHwiExxVmyJIABfXyzbKwedeofMqwh','2020-02-27 11:21:13'),

(13,10,7299,'联想(Lenovo)Y9000X 2019新款 15.6英寸高性能标压轻薄本笔记本电脑(i5-9300H 16G 512GSSD FHD)深空灰','联想(Lenovo) Y9000X 2019新款 15.6英寸高性能标压轻薄本笔记本电脑(i5-9300H 16G 512GSSD FHD)深空灰',4.25,6,285,'http://kAXllAQEzJWHwiExxVmyJIABfXyzbKwedeofMqwh','2020-02-27 11:21:13');

/*Table structure for table `spu_info` */

DROP TABLE IF EXISTS `spu_info`;

CREATE TABLE `spu_info` (
  `id` bigint(20) NOT NULL AUTO_INCREMENT COMMENT '商品id',
  `spu_name` varchar(200) DEFAULT NULL COMMENT '商品名称',
  `description` varchar(1000) DEFAULT NULL COMMENT '商品描述(后台简述）',
  `category3_id` bigint(20) DEFAULT NULL COMMENT '三级分类id',
  `tm_id` bigint(20) DEFAULT NULL COMMENT '品牌id',
  PRIMARY KEY (`id`)
) ENGINE=InnoDB AUTO_INCREMENT=11 DEFAULT CHARSET=utf8 COMMENT='商品表';

/*Data for the table `spu_info` */

insert  into `spu_info`(`id`,`spu_name`,`description`,`category3_id`,`tm_id`) values 

(1,'荣耀10青春版 幻彩渐变 ','共2个sku',61,2),

(2,'TCL 55A950C ','共1个sku',86,4),

(3,'小米（MI）电视 ','共1个sku',86,1),

(4,'小米Play 流光渐变AI双摄 ','共1个sku',61,1),

(5,'十月稻田 沁州黄小米 ','共1个sku',803,5),

(6,'北纯精制黄小米（小黄米 ','共1个sku',803,5),

(7,'Apple iPhoneXSMax ','共1个sku',61,3),

(8,'荣耀10 GT游戏加速 ','共1个sku',61,2),

(9,'小米（MI） 小米路由器4 ','共1个sku',329,1),

(10,'联想(Lenovo)拯救者Y7000 ','共3个sku',285,6);

/*Table structure for table `user_info` */

DROP TABLE IF EXISTS `user_info`;

CREATE TABLE `user_info` (
  `id` bigint(20) NOT NULL AUTO_INCREMENT COMMENT '编号',
  `login_name` varchar(200) DEFAULT NULL COMMENT '用户名称',
  `nick_name` varchar(200) DEFAULT NULL COMMENT '用户昵称',
  `passwd` varchar(200) DEFAULT NULL COMMENT '用户密码',
  `name` varchar(200) DEFAULT NULL COMMENT '用户姓名',
  `phone_num` varchar(200) DEFAULT NULL COMMENT '手机号',
  `email` varchar(200) DEFAULT NULL COMMENT '邮箱',
  `head_img` varchar(200) DEFAULT NULL COMMENT '头像',
  `user_level` varchar(200) DEFAULT NULL COMMENT '用户级别',
  `birthday` date DEFAULT NULL COMMENT '用户生日',
  `gender` varchar(1) DEFAULT NULL COMMENT '性别 M男,F女',
  `create_time` datetime DEFAULT NULL COMMENT '创建时间',
  `operate_time` datetime DEFAULT NULL COMMENT '修改时间',
  PRIMARY KEY (`id`)
) ENGINE=InnoDB AUTO_INCREMENT=41 DEFAULT CHARSET=utf8 COMMENT='用户表';

/*Data for the table `user_info` */

insert  into `user_info`(`id`,`login_name`,`nick_name`,`passwd`,`name`,`phone_num`,`email`,`head_img`,`user_level`,`birthday`,`gender`,`create_time`,`operate_time`) values 

(1,'rz3bor','香香',NULL,'戴香','13446155565','oyjpqx7u6e@aol.com',NULL,'1','1990-03-15','F','2020-03-15 00:00:00','2020-03-20 00:00:00'),

(2,'n332si1jfe45','玲芬',NULL,'柏莺','13531861983','n332si1jfe45@126.com',NULL,'1','1976-03-15','F','2020-03-15 00:00:00','2020-03-20 00:00:00'),

(3,'hflupfwh9acg','咏咏',NULL,'伍寒伊','13146668529','sm0os1ew@qq.com',NULL,'2','1997-03-15','F','2020-03-15 00:00:00','2020-03-20 00:00:00'),

(4,'o8o8cq4c','昭昭',NULL,'轩辕婉','13542317252','o8o8cq4c@263.net',NULL,'3','1965-03-15','F','2020-03-15 00:00:00','2020-03-20 00:00:00'),

(5,'lqk2g4','可可',NULL,'安霭','13899248493','lqk2g4@googlemail.com',NULL,'1','1978-03-15','F','2020-03-15 00:00:00','2020-03-20 00:00:00'),

(6,'866ym3j4b','蕊薇',NULL,'司马蕊薇','13662131286','866ym3j4b@sohu.com',NULL,'2','2000-03-15','F','2020-03-15 00:00:00','2020-03-20 00:00:00'),

(7,'u8duuusr','黛青',NULL,'百里涵予','13742717589','1q53fn@sina.com',NULL,'1','1996-03-15','F','2020-03-15 00:00:00','2020-03-20 00:00:00'),

(8,'hg9fkdthkv7','娣娣',NULL,'戴莎锦','13953633795','t4kk4t13dbi@hotmail.com',NULL,'3','2000-03-15','F','2020-03-15 00:00:00','2020-03-20 00:00:00'),

(9,'goatp7d','月月',NULL,'戚珊莎','13513119569','goatp7d@hotmail.com',NULL,'1','1981-03-15','F','2020-03-15 00:00:00','2020-03-20 00:00:00'),

(10,'6ernv47','阿谦',NULL,'西门利清','13176428692','6ernv47@163.net',NULL,'1','1983-03-15','M','2020-03-15 00:00:00','2020-03-20 00:00:00'),

(11,'zpo8f6swym8','娴瑾',NULL,'臧咏','13782895459','zpo8f6swym8@hotmail.com',NULL,'1','1979-03-16','F','2020-03-16 00:00:00','2020-03-20 00:00:00'),

(12,'6nnowpp','凡凡',NULL,'纪姣婉','13425112725','6nnowpp@0355.net',NULL,'2','1978-03-16','F','2020-03-16 00:00:00','2020-03-20 00:00:00'),

(13,'hhzxmgoo8no','聪聪',NULL,'淳于妹霞','13147486822','hhzxmgoo8no@hotmail.com',NULL,'1','1990-03-16','F','2020-03-16 00:00:00','2020-03-20 00:00:00'),

(14,'l2p366773l','馨馨',NULL,'葛馨','13159754795','fbagq6ggeim@msn.com',NULL,'1','1995-03-16','F','2020-03-16 00:00:00','2020-03-20 00:00:00'),

(15,'1cyd3eop','凡凡',NULL,'司马瑶','13731934554','1cyd3eop@live.com',NULL,'1','1980-03-16','F','2020-03-16 00:00:00','2020-03-20 00:00:00'),

(16,'cn5wnk4utxom','蓓蓓',NULL,'卞蓓','13377379335','4m9faacer@0355.net',NULL,'1','1976-03-16','F','2020-03-16 00:00:00','2020-03-20 00:00:00'),

(17,'r7l1wj','燕彩',NULL,'谢素云','13624975852','vvly0mf0e2ee@0355.net',NULL,'1','1989-03-16','F','2020-03-16 00:00:00','2020-03-20 00:00:00'),

(18,'3e8hts7n9do1','瑞凡',NULL,'计枫','13417352247','vzufnibnuhd@live.com',NULL,'1','1995-03-16','F','2020-03-16 00:00:00','2020-03-20 00:00:00'),

(19,'b34feue0x','萍萍',NULL,'伍英华','13628754425','b34feue0x@gmail.com',NULL,'3','2005-03-16','F','2020-03-16 00:00:00','2020-03-20 00:00:00'),

(20,'sdyk2u501qis','蕊蕊',NULL,'周冰爽','13161154156','yz0daw@263.net',NULL,'1','1985-03-16','F','2020-03-16 00:00:00','2020-03-20 00:00:00'),

(21,'vuimok','昭冰',NULL,'费琳','13977258335','vuimok@yeah.net',NULL,'2','1979-03-16','F','2020-03-16 00:00:00','2020-03-20 00:00:00'),

(22,'mwk4uwvtm','时泰',NULL,'赵武新','13995263243','mwk4uwvtm@googlemail.com',NULL,'1','1995-03-16','M','2020-03-16 00:00:00','2020-03-20 00:00:00'),

(23,'572vgprt','玉萍',NULL,'王妹','13676395952','572vgprt@sohu.com',NULL,'1','1979-03-16','F','2020-03-16 00:00:00','2020-03-20 00:00:00'),

(24,'xx6d7rlcj','阿维',NULL,'秦毅俊','13142658293','dm8wz9nj0d@hotmail.com',NULL,'1','1991-03-16','M','2020-03-16 00:00:00','2020-03-20 00:00:00'),

(25,'oeqc6f','晶妍',NULL,'任桂','13317129511','fxos1xk5@sohu.com',NULL,'1','1983-03-16','F','2020-03-16 00:00:00','2020-03-20 00:00:00'),

(26,'kte2w84p','淑惠',NULL,'殷亚宜','13441177851','kte2w84p@3721.net',NULL,'1','1971-03-16','F','2020-03-16 00:00:00','2020-03-20 00:00:00'),

(27,'wp890tlwedj','霄枫',NULL,'单于枫','13337465931','wp890tlwedj@googlemail.com',NULL,'3','1992-03-16','F','2020-03-16 00:00:00','2020-03-20 00:00:00'),

(28,'ov98xsvqn6x','文辉',NULL,'金有坚','13145467933','ekineru05l1b@3721.net',NULL,'1','1990-03-16','M','2020-03-16 00:00:00','2020-03-20 00:00:00'),

(29,'lgwsb9mu08','莉桂',NULL,'俞莺媛','13688948622','lgwsb9mu08@aol.com',NULL,'1','1971-03-16','F','2020-03-16 00:00:00','2020-03-20 00:00:00'),

(30,'w4ou5nnk4','阿军',NULL,'宇文广','13522665217','2uii204zrs@126.com',NULL,'2','1975-03-16','M','2020-03-16 00:00:00','2020-03-20 00:00:00'),

(31,'3rl9y32ib','荷丹',NULL,'毕欣','13817855754','3rl9y32ib@sohu.com',NULL,'3','1965-03-16','F','2020-03-16 00:00:00','2020-03-20 00:00:00'),

(32,'agqy90by','澜澜',NULL,'计晓','13837892884','g273vmerik5@qq.com',NULL,'1','2003-03-16','F','2020-03-16 00:00:00','2020-03-20 00:00:00'),

(33,'yreb0aof','伊伊',NULL,'吴可姬','13177329719','yreb0aof@263.net',NULL,'1','2004-03-16','F','2020-03-16 00:00:00','2020-03-20 00:00:00'),

(34,'cl29scduv22d','环环',NULL,'钟离春菊','13934815223','cl29scduv22d@3721.net',NULL,'1','1971-03-16','F','2020-03-16 00:00:00','2020-03-20 00:00:00'),

(35,'rbcwp3xq6','彩春',NULL,'司徒冰爽','13894852389','rbcwp3xq6@yahoo.com',NULL,'2','1969-03-16','F','2020-03-16 00:00:00','2020-03-20 00:00:00'),

(36,'fev2kr','寒伊',NULL,'尉迟倩','13346886795','7vxy49qz9fe@126.com',NULL,'1','1986-03-16','F','2020-03-16 00:00:00','2020-03-20 00:00:00'),

(37,'w6pox3bmv9x','霭凝',NULL,'鲍丹蓉','13127964591','w6pox3bmv9x@msn.com',NULL,'1','1974-03-16','F','2020-03-16 00:00:00','2020-03-20 00:00:00'),

(38,'flq4u4takbmr','欢欢',NULL,'诸葛欢','13319293289','bvlgaqa@googlemail.com',NULL,'1','1969-03-16','F','2020-03-16 00:00:00','2020-03-20 00:00:00'),

(39,'bz130si5','贵福',NULL,'令狐贵福','13984915129','bz130si5@googlemail.com',NULL,'3','1985-03-16','M','2020-03-16 00:00:00','2020-03-20 00:00:00'),

(40,'2ehef4','惠珠',NULL,'张惠珠','13419547188','b12nhxyfog@sohu.com',NULL,'1','2004-03-16','F','2020-03-16 00:00:00','2020-03-20 00:00:00');

/* Function  structure for function  `rand_num` */

/*!50003 DROP FUNCTION IF EXISTS `rand_num` */;
DELIMITER $$

/*!50003 CREATE DEFINER=`root`@`%` FUNCTION `rand_num`(from_num INT ,to_num INT) RETURNS int(11)
BEGIN   
 DECLARE i INT DEFAULT 0;  
 SET i = FLOOR(from_num +RAND()*(to_num -from_num+1))   ;
RETURN i;  
 END */$$
DELIMITER ;

/* Function  structure for function  `rand_nums` */

/*!50003 DROP FUNCTION IF EXISTS `rand_nums` */;
DELIMITER $$

/*!50003 CREATE DEFINER=`root`@`%` FUNCTION `rand_nums`(from_num INT ,to_num INT,n INT ,delemit VARCHAR(20)) RETURNS varchar(255) CHARSET utf8
BEGIN   
 DECLARE i INT DEFAULT 0;  
 DECLARE v INT DEFAULT 0;
 DECLARE return_str VARCHAR(255) DEFAULT '';  
 WHILE i < n DO 
	 SET v = rand_num (from_num   ,to_num  ) ;
	 SET return_str=CONCAT(return_str,v);
	 IF LENGTH(return_str)>0 THEN 
	   SET return_str=CONCAT(return_str,delemit) ;
	 END IF;
	 SET i = i + 1;
END WHILE;
 RETURN return_str;
END */$$
DELIMITER ;

/* Function  structure for function  `rand_num_seed` */

/*!50003 DROP FUNCTION IF EXISTS `rand_num_seed` */;
DELIMITER $$

/*!50003 CREATE DEFINER=`root`@`%` FUNCTION `rand_num_seed`(from_num INT ,to_num INT,seed LONG ) RETURNS int(11)
BEGIN   
 DECLARE i INT DEFAULT 0;  
 SET i = FLOOR(from_num +RAND(seed+UNIX_TIMESTAMP(NOW()))*(to_num -from_num+1))   ;
RETURN i;  
 END */$$
DELIMITER ;

/* Function  structure for function  `rand_string` */

/*!50003 DROP FUNCTION IF EXISTS `rand_string` */;
DELIMITER $$

/*!50003 CREATE DEFINER=`root`@`%` FUNCTION `rand_string`(n INT) RETURNS varchar(255) CHARSET utf8
BEGIN    
DECLARE chars_str VARCHAR(100) DEFAULT 'abcdefghijklmnopqrstuvwxyzABCDEFJHIJKLMNOPQRSTUVWXYZ';
 DECLARE return_str VARCHAR(255) DEFAULT '';
 DECLARE i INT DEFAULT 0;
 WHILE i < n DO  
 SET return_str =CONCAT(return_str,SUBSTRING(chars_str,FLOOR(1+RAND()*52),1));  
 SET i = i + 1;
 END WHILE;
 RETURN return_str;
END */$$
DELIMITER ;

/* Procedure structure for procedure `init_data` */

/*!50003 DROP PROCEDURE IF EXISTS  `init_data` */;

DELIMITER $$

/*!50003 CREATE DEFINER=`root`@`%` PROCEDURE `init_data`( do_date_string VARCHAR(20) ,order_incr_num INT,user_incr_num INT   ,if_truncate BOOLEAN  )
BEGIN  
     DECLARE user_count INT DEFAULT 0; 
     DECLARE sku_count INT DEFAULT 0; 
     DECLARE do_date VARCHAR(20) DEFAULT do_date_string;
     IF if_truncate  THEN 
        DELETE FROM    order_info ;
        DELETE FROM    order_detail ;
        DELETE FROM     payment_info ;
        DELETE FROM   order_status_log      ;
     END IF ;     
     IF user_incr_num >0 THEN
          CALL insert_user(do_date,user_incr_num,FALSE );
     END IF;
     SELECT COUNT(*) INTO user_count FROM  user_info;
     CALL update_order(do_date);
     CALL insert_order(do_date,order_incr_num,user_count);
     CALL insert_payment(do_date);
     CALL insert_order_status_log(do_date);
 END */$$
DELIMITER ;

/* Procedure structure for procedure `init_spu` */

/*!50003 DROP PROCEDURE IF EXISTS  `init_spu` */;

DELIMITER $$

/*!50003 CREATE DEFINER=`root`@`%` PROCEDURE `init_spu`()
BEGIN  
TRUNCATE TABLE  spu_info;
INSERT INTO  spu_info ( spu_name,description,category3_id,tm_id)
SELECT  SUBSTR(sku_name,1,LOCATE(' ' , sku_name,9) ),concat('共',ct,'个sku') description ,category3_id,tm_id  FROM 
(
SELECT spu_id ,  MAX(sku_name) sku_name,count(*) ct, MAX( category3_id) category3_id,MAX(tm_id) tm_id FROM sku_info
GROUP BY spu_id
)bb ;
END */$$
DELIMITER ;

/* Procedure structure for procedure `insert_data_info` */

/*!50003 DROP PROCEDURE IF EXISTS  `insert_data_info` */;

DELIMITER $$

/*!50003 CREATE DEFINER=`root`@`%` PROCEDURE `insert_data_info`( year_id  INT  )
BEGIN  
DECLARE cur_date DATETIME DEFAULT NULL;
DECLARE start_date DATETIME DEFAULT NULL;
DECLARE end_date DATETIME DEFAULT NULL;
    SET start_date =  STR_TO_DATE( CONCAT(year_id,'0101' ) ,'%Y%m%d');  
    SET cur_date=start_date;
    SET end_date =  STR_TO_DATE( CONCAT(year_id,'1231' ) ,'%Y%m%d'); 
    delete from  date_info   where  `year`=year_id;
    WHILE end_date>=cur_date  DO
        INSERT INTO date_info
        VALUES (  CONVERT( DATE_FORMAT(cur_date,'%Y%m%d') , SIGNED  ),
                  WEEKOFYEAR(cur_date),
                  dayofweek(cur_date),  
                  CONVERT( DATE_FORMAT( cur_date,'%d'), SIGNED  ),
                  CONVERT(DATE_FORMAT( cur_date,'%m'), SIGNED  ),
                  QUARTER(cur_date),
                   CONVERT(DATE_FORMAT( cur_date,'%Y'), SIGNED  ),
                  if(DAYOFWEEK(cur_date)=6 or DAYOFWEEK(cur_date) = 7 , 1,0),
                  0);
         SET cur_date= ADDDATE(cur_date,1);
    END WHILE;
    COMMIT;
    CALL `update_holiday`(  year_id);
 END */$$
DELIMITER ;

/* Procedure structure for procedure `insert_order` */

/*!50003 DROP PROCEDURE IF EXISTS  `insert_order` */;

DELIMITER $$

/*!50003 CREATE DEFINER=`root`@`%` PROCEDURE `insert_order`( create_time_string VARCHAR(200),max_num INT,user_num INT   )
BEGIN  
 DECLARE v_create_time DATETIME DEFAULT NULL;
  DECLARE i INT DEFAULT 0;
  DECLARE v_order_status INT DEFAULT 0;  
  DECLARE v_operate_time DATETIME DEFAULT NULL; 
  DECLARE v_order_id INT DEFAULT NULL; 
  DECLARE v_order_detail_num INT DEFAULT NULL; 
  DECLARE j INT DEFAULT 0;
  Declare v_province int DEFAULT 0;
  DECLARE v_skuid VARCHAR(20) DEFAULT NULL;
  DECLARE v_skuname VARCHAR(20) DEFAULT NULL;
 SET autocommit = 0;    
 REPEAT  
 SET i = i + 1;  
 SET v_create_time=DATE_ADD(DATE_FORMAT(create_time_string,'%Y-%m-%d') ,INTERVAL rand_num(30,3600*23) SECOND);
 set v_province=  rand_num(1,9);
  SET v_order_status=rand_num(1,2);  
  IF v_order_status>1 THEN 
     SET v_operate_time= DATE_ADD(v_create_time ,INTERVAL rand_num(30,3600) SECOND);
   ELSE 
     SET v_operate_time=NULL  ;
   END IF ;
 INSERT INTO order_info (consignee, consignee_tel,total_amount ,order_status ,user_id,payment_way,delivery_address,order_comment,out_trade_no,trade_body,create_time,operate_time,expire_time, tracking_no,parent_order_id ,img_url, province_id) 
 VALUES (rand_string(6) , CONCAT('13',rand_nums(0,9,9,'')),CAST(rand_num(50,1000) AS DECIMAL(10,2)) ,v_order_status ,rand_num(1,user_num), rand_num(1,2),rand_string(20),rand_string(20),rand_nums(0,9,10,''),'',v_create_time, v_operate_time,NULL,NULL,NULL,NULL ,v_province); 
  SELECT  LAST_INSERT_ID() INTO v_order_id ;
     SET v_order_detail_num=rand_num(1,5); 
    WHILE j<v_order_detail_num DO
       SET j=j+1;
       SET v_skuid= rand_num(1,11) ;
       INSERT INTO  order_detail  (order_id , sku_id,sku_name ,img_url ,order_price,sku_num,create_time ) 
       select v_order_id ,id,sku_name,CONCAT('http://',rand_string(40)),price,rand_num(1,5) ,v_create_time  from sku_info where id=v_skuid;
    END WHILE;
    SET j=0;
 UNTIL i = max_num  
 END REPEAT;  
 COMMIT;  
 END */$$
DELIMITER ;

/* Procedure structure for procedure `insert_order_status_log` */

/*!50003 DROP PROCEDURE IF EXISTS  `insert_order_status_log` */;

DELIMITER $$

/*!50003 CREATE DEFINER=`root`@`%` PROCEDURE `insert_order_status_log`( do_date_str VARCHAR(200)   )
BEGIN      
 INSERT INTO order_status_log ( order_id ,order_status , operate_time  ) 
  SELECT   id ,1 , o.create_time   
  FROM order_info  o 
  WHERE  DATE_FORMAT(o.create_time,'%Y-%m-%d')= do_date_str; 
  
   INSERT INTO order_status_log ( order_id ,order_status , operate_time  ) 
  SELECT   id ,order_status ,  o.operate_time
  FROM order_info  o 
  WHERE    DATE_FORMAT(o.operate_time,'%Y-%m-%d')= do_date_str  ;   
  
  COMMIT;
 END */$$
DELIMITER ;

/* Procedure structure for procedure `insert_payment` */

/*!50003 DROP PROCEDURE IF EXISTS  `insert_payment` */;

DELIMITER $$

/*!50003 CREATE DEFINER=`root`@`%` PROCEDURE `insert_payment`( do_date_str VARCHAR(200)   )
BEGIN      
 INSERT INTO payment_info (out_trade_no,order_id,user_id,alipay_trade_no,total_amount,`subject`,payment_type,payment_time  ) 
  SELECT o.out_trade_no,o.id,user_id,
   CONCAT( rand_string(4),'-',rand_nums(0,9,8,'')) alipay_trade_no,
   o.total_amount,
   rand_string(8) `subject`,
  ( CASE rand_num(1,3) WHEN 1 THEN  'wechatpay' WHEN 2 THEN 'alipay' WHEN 3 THEN 'unionpay' END) payment_type , 
  IF(o.operate_time IS NULL,o.create_time,o.operate_time) payment_time
  FROM order_info  o 
  WHERE (DATE_FORMAT(o.create_time,'%Y-%m-%d')= do_date_str OR DATE_FORMAT(o.operate_time,'%Y-%m-%d')= do_date_str ) AND o.order_status='2';
  COMMIT;
 END */$$
DELIMITER ;

/* Procedure structure for procedure `insert_sku` */

/*!50003 DROP PROCEDURE IF EXISTS  `insert_sku` */;

DELIMITER $$

/*!50003 CREATE DEFINER=`root`@`%` PROCEDURE `insert_sku`( create_time_string VARCHAR(200),max_num INT  )
BEGIN  
 DECLARE v_create_time DATETIME DEFAULT NULL;
 DECLARE i INT DEFAULT 0;
 SET autocommit = 0;    
 REPEAT  
 SET i = i + 1;  
 SET v_create_time=DATE_ADD(DATE_FORMAT(create_time_string,'%Y-%m-%d') ,INTERVAL rand_num(1,3600*24) SECOND); 
 INSERT INTO sku_info (spu_id,price,sku_name,sku_desc,weight,tm_id,category3_id,sku_default_img,create_time  ) 
 VALUES (rand_num(1,1000) ,rand_num(10,5000) , rand_string(20), rand_string(30),CAST(rand_num(50,500) AS DECIMAL(10,2))/100.0  ,rand_num(1,100),  rand_num(1,5000),CONCAT('http://',rand_string(40)), v_create_time    ); 
 UNTIL i = max_num  
 END REPEAT;  
 COMMIT;  
 END */$$
DELIMITER ;

/* Procedure structure for procedure `insert_user` */

/*!50003 DROP PROCEDURE IF EXISTS  `insert_user` */;

DELIMITER $$

/*!50003 CREATE DEFINER=`root`@`%` PROCEDURE `insert_user`( create_time_string VARCHAR(200),max_num INT,if_truncate boolean  )
BEGIN  
 DECLARE v_create_time DATETIME DEFAULT NULL;
 DECLARE i INT DEFAULT 0;
 DECLARE v_birthday DATE DEFAULT now();
 DECLARE v_gender VARCHAR(1) DEFAULT NULL;
 SET autocommit = 0;    
 IF   if_truncate THEN  
   TRUNCATE user_info;
 END IF; 
 
 REPEAT  
   SET i  = i + 1;  
   SET v_create_time=DATE_ADD(DATE_FORMAT(create_time_string,'%Y-%m-%d') ,INTERVAL rand_num(1,3600*24) SECOND); 
   SET v_birthday=DATE_ADD(DATE_FORMAT('1960-01-01','%Y-%m-%d') ,INTERVAL rand_num(1,365*50) DAY); 
   SET v_gender=IF(rand_num(0,1)=0,'M','F');
 INSERT INTO user_info (login_name,nick_name,passwd,NAME,phone_num,email,head_img,user_level,birthday,gender,create_time  ) 
 VALUES (rand_string(20) ,rand_string(20) , CONCAT('pwd',rand_string(20)), rand_string(30), CONCAT('13',rand_nums(0,9,9,''))    ,CONCAT(rand_string(8),'@',rand_string(3),'.com') ,  CONCAT('http://',rand_string(40)), rand_num(1,5),v_birthday,v_gender,v_create_time    ); 
 UNTIL i = max_num  
 END REPEAT; 
 COMMIT;  
 END */$$
DELIMITER ;

/* Procedure structure for procedure `update_holiday` */

/*!50003 DROP PROCEDURE IF EXISTS  `update_holiday` */;

DELIMITER $$

/*!50003 CREATE DEFINER=`root`@`%` PROCEDURE `update_holiday`( year_id  INT  )
BEGIN    
update `date_info` di  
 LEFT JOIN  `holiday_year` hy ON di.`year`=year_id and  hy.year_id=di.`year` AND  di.`date_id`>=hy.`start_date_id` AND di.`date_id`<=hy.`end_date_id`
set   di.holiday_id=  ifnull( hy.`holiday_id`,0);
 COMMIT;
 END */$$
DELIMITER ;

/* Procedure structure for procedure `update_order` */

/*!50003 DROP PROCEDURE IF EXISTS  `update_order` */;

DELIMITER $$

/*!50003 CREATE DEFINER=`root`@`%` PROCEDURE `update_order`(operate_time_string VARCHAR(20))
BEGIN 
  DECLARE v_operate_time DATETIME DEFAULT NULL; 
 SET v_operate_time=DATE_FORMAT(operate_time_string,'%Y-%m-%d');
UPDATE order_info o SET   o.`order_status`=o.`order_status`+rand_num_seed(0,1,o.id) ,operate_time= IF( rand_num_seed(0,1,o.id) >0 , DATE_ADD(v_operate_time ,INTERVAL rand_num(30,20*3600) SECOND),operate_time)
WHERE o.`order_status`<5;
END */$$
DELIMITER ;

/* Procedure structure for procedure `update_user` */

/*!50003 DROP PROCEDURE IF EXISTS  `update_user` */;

DELIMITER $$

/*!50003 CREATE DEFINER=`root`@`%` PROCEDURE `update_user`()
BEGIN 
UPDATE user_info u SET   u.`user_level`=u.`user_level`+rand_num(0,1) ,gender= IF( rand_num(0,1) >0 , if(rand_num(0,1) =0,'F','M'), gender);
END */$$
DELIMITER ;

/*Table structure for table `v_activity_info` */

DROP TABLE IF EXISTS `v_activity_info`;

/*!50001 DROP VIEW IF EXISTS `v_activity_info` */;
/*!50001 DROP TABLE IF EXISTS `v_activity_info` */;

/*!50001 CREATE TABLE  `v_activity_info`(
 `id` bigint(20) ,
 `activity_name` varchar(200) ,
 `activity_type` varchar(10) ,
 `activity_desc` varchar(2000) ,
 `start_time` datetime ,
 `end_time` datetime ,
 `create_time` datetime 
)*/;

/*Table structure for table `v_activity_order` */

DROP TABLE IF EXISTS `v_activity_order`;

/*!50001 DROP VIEW IF EXISTS `v_activity_order` */;
/*!50001 DROP TABLE IF EXISTS `v_activity_order` */;

/*!50001 CREATE TABLE  `v_activity_order`(
 `id` bigint(20) ,
 `activity_id` bigint(20) ,
 `order_id` bigint(20) ,
 `create_time` datetime 
)*/;

/*View structure for view v_activity_info */

/*!50001 DROP TABLE IF EXISTS `v_activity_info` */;
/*!50001 DROP VIEW IF EXISTS `v_activity_info` */;

/*!50001 CREATE ALGORITHM=UNDEFINED DEFINER=`root`@`%` SQL SECURITY DEFINER VIEW `v_activity_info` AS select `activity_info`.`id` AS `id`,`activity_info`.`activity_name` AS `activity_name`,`activity_info`.`activity_type` AS `activity_type`,`activity_info`.`activity_desc` AS `activity_desc`,`activity_info`.`start_time` AS `start_time`,`activity_info`.`end_time` AS `end_time`,`activity_info`.`create_time` AS `create_time` from `activity_info` */;

/*View structure for view v_activity_order */

/*!50001 DROP TABLE IF EXISTS `v_activity_order` */;
/*!50001 DROP VIEW IF EXISTS `v_activity_order` */;

/*!50001 CREATE ALGORITHM=UNDEFINED DEFINER=`root`@`%` SQL SECURITY DEFINER VIEW `v_activity_order` AS select `activity_order`.`id` AS `id`,`activity_order`.`activity_id` AS `activity_id`,`activity_order`.`order_id` AS `order_id`,`activity_order`.`create_time` AS `create_time` from `activity_order` */;

/*!40101 SET SQL_MODE=@OLD_SQL_MODE */;
/*!40014 SET UNIQUE_CHECKS=@OLD_UNIQUE_CHECKS */;
/*!40111 SET SQL_NOTES=@OLD_SQL_NOTES */;
