/*
SQLyog Ultimate v10.00 Beta1
MySQL - 5.1.47-community : Database - gmall
*********************************************************************
*/

/*!40101 SET NAMES utf8 */;

/*!40101 SET SQL_MODE=''*/;

/*!40014 SET @OLD_UNIQUE_CHECKS=@@UNIQUE_CHECKS, UNIQUE_CHECKS=0 */;
/*!40014 SET @OLD_FOREIGN_KEY_CHECKS=@@FOREIGN_KEY_CHECKS, FOREIGN_KEY_CHECKS=0 */;
/*!40101 SET @OLD_SQL_MODE=@@SQL_MODE, SQL_MODE='NO_AUTO_VALUE_ON_ZERO' */;
/*!40111 SET @OLD_SQL_NOTES=@@SQL_NOTES, SQL_NOTES=0 */;
CREATE DATABASE /*!32312 IF NOT EXISTS*/`gmall` /*!40100 DEFAULT CHARACTER SET utf8 */;

USE `gmall`;

/*Table structure for table `activity_info` */

DROP TABLE IF EXISTS `activity_info`;

CREATE TABLE `activity_info` (
  `id` bigint(20) NOT NULL AUTO_INCREMENT COMMENT '活动id',
  `activity_name` varchar(200) DEFAULT NULL COMMENT '活动名称',
  `activity_type` varchar(10) DEFAULT NULL COMMENT '活动类型',
  `activity_desc` varchar(2000) DEFAULT NULL COMMENT '活动描述',
  `start_time` datetime DEFAULT NULL COMMENT '开始时间',
  `end_time` datetime DEFAULT NULL COMMENT '结束时间',
  `create_time` datetime DEFAULT NULL COMMENT '创建时间',
  PRIMARY KEY (`id`)
) ENGINE=InnoDB AUTO_INCREMENT=2 DEFAULT CHARSET=utf8 COMMENT='活动表';

/*Data for the table `activity_info` */

insert  into `activity_info`(`id`,`activity_name`,`activity_type`,`activity_desc`,`start_time`,`end_time`,`create_time`) values (1,'联想品牌优惠活动','2201','满减活动 ','2020-02-27 17:11:09','2020-02-29 17:11:12','2020-02-27 17:11:16');

/*Table structure for table `activity_order` */

DROP TABLE IF EXISTS `activity_order`;

CREATE TABLE `activity_order` (
  `id` bigint(20) NOT NULL AUTO_INCREMENT COMMENT '编号',
  `activity_id` bigint(20) DEFAULT NULL COMMENT '活动id ',
  `order_id` bigint(20) DEFAULT NULL COMMENT '订单编号',
  `create_time` datetime DEFAULT NULL COMMENT '发生日期',
  PRIMARY KEY (`id`)
) ENGINE=InnoDB AUTO_INCREMENT=232 DEFAULT CHARSET=utf8 COMMENT='活动与订单关联表';

/*Data for the table `activity_order` */

insert  into `activity_order`(`id`,`activity_id`,`order_id`,`create_time`) values (224,1,3211,'2022-09-20 00:00:00'),(225,1,3214,'2022-09-20 00:00:00'),(226,1,3218,'2022-09-21 00:00:00'),(227,1,3226,'2022-09-22 00:00:00'),(228,1,3232,'2022-09-23 00:00:00'),(229,1,3236,'2022-09-23 00:00:00'),(230,1,3241,'2022-09-24 00:00:00'),(231,1,3246,'2022-09-24 00:00:00');

/*Table structure for table `activity_rule` */

DROP TABLE IF EXISTS `activity_rule`;

CREATE TABLE `activity_rule` (
  `id` int(11) NOT NULL COMMENT '编号',
  `activity_id` int(11) DEFAULT NULL COMMENT '类型',
  `condition_amount` decimal(16,2) DEFAULT NULL COMMENT '满减金额',
  `condition_num` bigint(20) DEFAULT NULL COMMENT '满减件数',
  `benefit_amount` decimal(16,2) DEFAULT NULL COMMENT '优惠金额',
  `benefit_discount` bigint(20) DEFAULT NULL COMMENT '优惠折扣',
  `benefit_level` bigint(20) DEFAULT NULL COMMENT '优惠级别',
  PRIMARY KEY (`id`)
) ENGINE=InnoDB DEFAULT CHARSET=utf8 COMMENT='优惠规则';

/*Data for the table `activity_rule` */

insert  into `activity_rule`(`id`,`activity_id`,`condition_amount`,`condition_num`,`benefit_amount`,`benefit_discount`,`benefit_level`) values (1,1,'100.00',5,NULL,NULL,1),(2,1,'200.00',15,NULL,NULL,2),(3,1,'300.00',NULL,NULL,NULL,NULL);

/*Table structure for table `activity_sku` */

DROP TABLE IF EXISTS `activity_sku`;

CREATE TABLE `activity_sku` (
  `id` bigint(20) NOT NULL AUTO_INCREMENT COMMENT '编号',
  `activity_id` bigint(20) DEFAULT NULL COMMENT '活动id ',
  `sku_id` bigint(20) DEFAULT NULL COMMENT 'sku_id',
  `create_time` datetime DEFAULT NULL COMMENT '创建时间',
  PRIMARY KEY (`id`)
) ENGINE=InnoDB AUTO_INCREMENT=4 DEFAULT CHARSET=utf8 COMMENT='活动参与商品';

/*Data for the table `activity_sku` */

insert  into `activity_sku`(`id`,`activity_id`,`sku_id`,`create_time`) values (1,1,11,'2020-02-27 17:12:47'),(2,1,12,'2020-02-27 17:12:52'),(3,1,13,'2020-02-27 17:12:54');

/*Table structure for table `base_category1` */

DROP TABLE IF EXISTS `base_category1`;

CREATE TABLE `base_category1` (
  `id` bigint(20) NOT NULL AUTO_INCREMENT COMMENT '编号',
  `name` varchar(10) NOT NULL COMMENT '分类名称',
  PRIMARY KEY (`id`)
) ENGINE=InnoDB AUTO_INCREMENT=19 DEFAULT CHARSET=utf8 COMMENT='一级分类表';

/*Data for the table `base_category1` */

insert  into `base_category1`(`id`,`name`) values (1,'图书、音像、电子书刊'),(2,'手机'),(3,'家用电器'),(4,'数码'),(5,'家居家装'),(6,'电脑办公'),(7,'厨具'),(8,'个护化妆'),(9,'服饰内衣'),(10,'钟表'),(11,'鞋靴'),(12,'母婴'),(13,'礼品箱包'),(14,'食品饮料、保健食品'),(15,'珠宝'),(16,'汽车用品'),(17,'运动健康'),(18,'玩具乐器');

/*Table structure for table `base_category2` */

DROP TABLE IF EXISTS `base_category2`;

CREATE TABLE `base_category2` (
  `id` bigint(20) NOT NULL AUTO_INCREMENT COMMENT '编号',
  `name` varchar(200) NOT NULL COMMENT '二级分类名称',
  `category1_id` bigint(20) DEFAULT NULL COMMENT '一级分类编号',
  PRIMARY KEY (`id`)
) ENGINE=InnoDB AUTO_INCREMENT=126 DEFAULT CHARSET=utf8 COMMENT='二级分类表';

/*Data for the table `base_category2` */

insert  into `base_category2`(`id`,`name`,`category1_id`) values (1,'电子书刊',1),(2,'音像',1),(3,'英文原版',1),(4,'文艺',1),(5,'少儿',1),(6,'人文社科',1),(7,'经管励志',1),(8,'生活',1),(9,'科技',1),(10,'教育',1),(11,'港台图书',1),(12,'其他',1),(13,'手机通讯',2),(14,'运营商',2),(15,'手机配件',2),(16,'大 家 电',3),(17,'厨卫大电',3),(18,'厨房小电',3),(19,'生活电器',3),(20,'个护健康',3),(21,'五金家装',3),(22,'摄影摄像',4),(23,'数码配件',4),(24,'智能设备',4),(25,'影音娱乐',4),(26,'电子教育',4),(27,'虚拟商品',4),(28,'家纺',5),(29,'灯具',5),(30,'生活日用',5),(31,'家装软饰',5),(32,'宠物生活',5),(33,'电脑整机',6),(34,'电脑配件',6),(35,'外设产品',6),(36,'游戏设备',6),(37,'网络产品',6),(38,'办公设备',6),(39,'文具/耗材',6),(40,'服务产品',6),(41,'烹饪锅具',7),(42,'刀剪菜板',7),(43,'厨房配件',7),(44,'水具酒具',7),(45,'餐具',7),(46,'酒店用品',7),(47,'茶具/咖啡具',7),(48,'清洁用品',8),(49,'面部护肤',8),(50,'身体护理',8),(51,'口腔护理',8),(52,'女性护理',8),(53,'洗发护发',8),(54,'香水彩妆',8),(55,'女装',9),(56,'男装',9),(57,'内衣',9),(58,'洗衣服务',9),(59,'服饰配件',9),(60,'钟表',10),(61,'流行男鞋',11),(62,'时尚女鞋',11),(63,'奶粉',12),(64,'营养辅食',12),(65,'尿裤湿巾',12),(66,'喂养用品',12),(67,'洗护用品',12),(68,'童车童床',12),(69,'寝居服饰',12),(70,'妈妈专区',12),(71,'童装童鞋',12),(72,'安全座椅',12),(73,'潮流女包',13),(74,'精品男包',13),(75,'功能箱包',13),(76,'礼品',13),(77,'奢侈品',13),(78,'婚庆',13),(79,'进口食品',14),(80,'地方特产',14),(81,'休闲食品',14),(82,'粮油调味',14),(83,'饮料冲调',14),(84,'食品礼券',14),(85,'茗茶',14),(86,'时尚饰品',15),(87,'黄金',15),(88,'K金饰品',15),(89,'金银投资',15),(90,'银饰',15),(91,'钻石',15),(92,'翡翠玉石',15),(93,'水晶玛瑙',15),(94,'彩宝',15),(95,'铂金',15),(96,'木手串/把件',15),(97,'珍珠',15),(98,'维修保养',16),(99,'车载电器',16),(100,'美容清洗',16),(101,'汽车装饰',16),(102,'安全自驾',16),(103,'汽车服务',16),(104,'赛事改装',16),(105,'运动鞋包',17),(106,'运动服饰',17),(107,'骑行运动',17),(108,'垂钓用品',17),(109,'游泳用品',17),(110,'户外鞋服',17),(111,'户外装备',17),(112,'健身训练',17),(113,'体育用品',17),(114,'适用年龄',18),(115,'遥控/电动',18),(116,'毛绒布艺',18),(117,'娃娃玩具',18),(118,'模型玩具',18),(119,'健身玩具',18),(120,'动漫玩具',18),(121,'益智玩具',18),(122,'积木拼插',18),(123,'DIY玩具',18),(124,'创意减压',18),(125,'乐器',18);

/*Table structure for table `base_category3` */

DROP TABLE IF EXISTS `base_category3`;

CREATE TABLE `base_category3` (
  `id` bigint(20) NOT NULL AUTO_INCREMENT COMMENT '编号',
  `name` varchar(200) NOT NULL COMMENT '三级分类名称',
  `category2_id` bigint(20) DEFAULT NULL COMMENT '二级分类编号',
  PRIMARY KEY (`id`)
) ENGINE=InnoDB AUTO_INCREMENT=1150 DEFAULT CHARSET=utf8 COMMENT='三级分类表';

/*Data for the table `base_category3` */

insert  into `base_category3`(`id`,`name`,`category2_id`) values (1,'电子书',1),(2,'网络原创',1),(3,'数字杂志',1),(4,'多媒体图书',1),(5,'音乐',2),(6,'影视',2),(7,'教育音像',2),(8,'少儿',3),(9,'商务投资',3),(10,'英语学习与考试',3),(11,'文学',3),(12,'传记',3),(13,'励志',3),(14,'小说',4),(15,'文学',4),(16,'青春文学',4),(17,'传记',4),(18,'艺术',4),(19,'少儿',5),(20,'0-2岁',5),(21,'3-6岁',5),(22,'7-10岁',5),(23,'11-14岁',5),(24,'历史',6),(25,'哲学',6),(26,'国学',6),(27,'政治/军事',6),(28,'法律',6),(29,'人文社科',6),(30,'心理学',6),(31,'文化',6),(32,'社会科学',6),(33,'经济',7),(34,'金融与投资',7),(35,'管理',7),(36,'励志与成功',7),(37,'生活',8),(38,'健身与保健',8),(39,'家庭与育儿',8),(40,'旅游',8),(41,'烹饪美食',8),(42,'工业技术',9),(43,'科普读物',9),(44,'建筑',9),(45,'医学',9),(46,'科学与自然',9),(47,'计算机与互联网',9),(48,'电子通信',9),(49,'中小学教辅',10),(50,'教育与考试',10),(51,'外语学习',10),(52,'大中专教材',10),(53,'字典词典',10),(54,'艺术/设计/收藏',11),(55,'经济管理',11),(56,'文化/学术',11),(57,'少儿',11),(58,'工具书',12),(59,'杂志/期刊',12),(60,'套装书',12),(61,'手机',13),(62,'对讲机',13),(63,'合约机',14),(64,'选号中心',14),(65,'装宽带',14),(66,'办套餐',14),(67,'移动电源',15),(68,'电池/移动电源',15),(69,'蓝牙耳机',15),(70,'充电器/数据线',15),(71,'苹果周边',15),(72,'手机耳机',15),(73,'手机贴膜',15),(74,'手机存储卡',15),(75,'充电器',15),(76,'数据线',15),(77,'手机保护套',15),(78,'车载配件',15),(79,'iPhone 配件',15),(80,'手机电池',15),(81,'创意配件',15),(82,'便携/无线音响',15),(83,'手机饰品',15),(84,'拍照配件',15),(85,'手机支架',15),(86,'平板电视',16),(87,'空调',16),(88,'冰箱',16),(89,'洗衣机',16),(90,'家庭影院',16),(91,'DVD/电视盒子',16),(92,'迷你音响',16),(93,'冷柜/冰吧',16),(94,'家电配件',16),(95,'功放',16),(96,'回音壁/Soundbar',16),(97,'Hi-Fi专区',16),(98,'电视盒子',16),(99,'酒柜',16),(100,'燃气灶',17),(101,'油烟机',17),(102,'热水器',17),(103,'消毒柜',17),(104,'洗碗机',17),(105,'料理机',18),(106,'榨汁机',18),(107,'电饭煲',18),(108,'电压力锅',18),(109,'豆浆机',18),(110,'咖啡机',18),(111,'微波炉',18),(112,'电烤箱',18),(113,'电磁炉',18),(114,'面包机',18),(115,'煮蛋器',18),(116,'酸奶机',18),(117,'电炖锅',18),(118,'电水壶/热水瓶',18),(119,'电饼铛',18),(120,'多用途锅',18),(121,'电烧烤炉',18),(122,'果蔬解毒机',18),(123,'其它厨房电器',18),(124,'养生壶/煎药壶',18),(125,'电热饭盒',18),(126,'取暖电器',19),(127,'净化器',19),(128,'加湿器',19),(129,'扫地机器人',19),(130,'吸尘器',19),(131,'挂烫机/熨斗',19),(132,'插座',19),(133,'电话机',19),(134,'清洁机',19),(135,'除湿机',19),(136,'干衣机',19),(137,'收录/音机',19),(138,'电风扇',19),(139,'冷风扇',19),(140,'其它生活电器',19),(141,'生活电器配件',19),(142,'净水器',19),(143,'饮水机',19),(144,'剃须刀',20),(145,'剃/脱毛器',20),(146,'口腔护理',20),(147,'电吹风',20),(148,'美容器',20),(149,'理发器',20),(150,'卷/直发器',20),(151,'按摩椅',20),(152,'按摩器',20),(153,'足浴盆',20),(154,'血压计',20),(155,'电子秤/厨房秤',20),(156,'血糖仪',20),(157,'体温计',20),(158,'其它健康电器',20),(159,'计步器/脂肪检测仪',20),(160,'电动工具',21),(161,'手动工具',21),(162,'仪器仪表',21),(163,'浴霸/排气扇',21),(164,'灯具',21),(165,'LED灯',21),(166,'洁身器',21),(167,'水槽',21),(168,'龙头',21),(169,'淋浴花洒',21),(170,'厨卫五金',21),(171,'家具五金',21),(172,'门铃',21),(173,'电气开关',21),(174,'插座',21),(175,'电工电料',21),(176,'监控安防',21),(177,'电线/线缆',21),(178,'数码相机',22),(179,'单电/微单相机',22),(180,'单反相机',22),(181,'摄像机',22),(182,'拍立得',22),(183,'运动相机',22),(184,'镜头',22),(185,'户外器材',22),(186,'影棚器材',22),(187,'冲印服务',22),(188,'数码相框',22),(189,'存储卡',23),(190,'读卡器',23),(191,'滤镜',23),(192,'闪光灯/手柄',23),(193,'相机包',23),(194,'三脚架/云台',23),(195,'相机清洁/贴膜',23),(196,'机身附件',23),(197,'镜头附件',23),(198,'电池/充电器',23),(199,'移动电源',23),(200,'数码支架',23),(201,'智能手环',24),(202,'智能手表',24),(203,'智能眼镜',24),(204,'运动跟踪器',24),(205,'健康监测',24),(206,'智能配饰',24),(207,'智能家居',24),(208,'体感车',24),(209,'其他配件',24),(210,'智能机器人',24),(211,'无人机',24),(212,'MP3/MP4',25),(213,'智能设备',25),(214,'耳机/耳麦',25),(215,'便携/无线音箱',25),(216,'音箱/音响',25),(217,'高清播放器',25),(218,'收音机',25),(219,'MP3/MP4配件',25),(220,'麦克风',25),(221,'专业音频',25),(222,'苹果配件',25),(223,'学生平板',26),(224,'点读机/笔',26),(225,'早教益智',26),(226,'录音笔',26),(227,'电纸书',26),(228,'电子词典',26),(229,'复读机',26),(230,'延保服务',27),(231,'杀毒软件',27),(232,'积分商品',27),(233,'桌布/罩件',28),(234,'地毯地垫',28),(235,'沙发垫套/椅垫',28),(236,'床品套件',28),(237,'被子',28),(238,'枕芯',28),(239,'床单被罩',28),(240,'毯子',28),(241,'床垫/床褥',28),(242,'蚊帐',28),(243,'抱枕靠垫',28),(244,'毛巾浴巾',28),(245,'电热毯',28),(246,'窗帘/窗纱',28),(247,'布艺软饰',28),(248,'凉席',28),(249,'台灯',29),(250,'节能灯',29),(251,'装饰灯',29),(252,'落地灯',29),(253,'应急灯/手电',29),(254,'LED灯',29),(255,'吸顶灯',29),(256,'五金电器',29),(257,'筒灯射灯',29),(258,'吊灯',29),(259,'氛围照明',29),(260,'保暖防护',30),(261,'收纳用品',30),(262,'雨伞雨具',30),(263,'浴室用品',30),(264,'缝纫/针织用品',30),(265,'洗晒/熨烫',30),(266,'净化除味',30),(267,'相框/照片墙',31),(268,'装饰字画',31),(269,'节庆饰品',31),(270,'手工/十字绣',31),(271,'装饰摆件',31),(272,'帘艺隔断',31),(273,'墙贴/装饰贴',31),(274,'钟饰',31),(275,'花瓶花艺',31),(276,'香薰蜡烛',31),(277,'创意家居',31),(278,'宠物主粮',32),(279,'宠物零食',32),(280,'医疗保健',32),(281,'家居日用',32),(282,'宠物玩具',32),(283,'出行装备',32),(284,'洗护美容',32),(285,'笔记本',33),(286,'超极本',33),(287,'游戏本',33),(288,'平板电脑',33),(289,'平板电脑配件',33),(290,'台式机',33),(291,'服务器/工作站',33),(292,'笔记本配件',33),(293,'一体机',33),(294,'CPU',34),(295,'主板',34),(296,'显卡',34),(297,'硬盘',34),(298,'SSD固态硬盘',34),(299,'内存',34),(300,'机箱',34),(301,'电源',34),(302,'显示器',34),(303,'刻录机/光驱',34),(304,'散热器',34),(305,'声卡/扩展卡',34),(306,'装机配件',34),(307,'组装电脑',34),(308,'移动硬盘',35),(309,'U盘',35),(310,'鼠标',35),(311,'键盘',35),(312,'鼠标垫',35),(313,'摄像头',35),(314,'手写板',35),(315,'硬盘盒',35),(316,'插座',35),(317,'线缆',35),(318,'UPS电源',35),(319,'电脑工具',35),(320,'游戏设备',35),(321,'电玩',35),(322,'电脑清洁',35),(323,'网络仪表仪器',35),(324,'游戏机',36),(325,'游戏耳机',36),(326,'手柄/方向盘',36),(327,'游戏软件',36),(328,'游戏周边',36),(329,'路由器',37),(330,'网卡',37),(331,'交换机',37),(332,'网络存储',37),(333,'4G/3G上网',37),(334,'网络盒子',37),(335,'网络配件',37),(336,'投影机',38),(337,'投影配件',38),(338,'多功能一体机',38),(339,'打印机',38),(340,'传真设备',38),(341,'验钞/点钞机',38),(342,'扫描设备',38),(343,'复合机',38),(344,'碎纸机',38),(345,'考勤机',38),(346,'收款/POS机',38),(347,'会议音频视频',38),(348,'保险柜',38),(349,'装订/封装机',38),(350,'安防监控',38),(351,'办公家具',38),(352,'白板',38),(353,'硒鼓/墨粉',39),(354,'墨盒',39),(355,'色带',39),(356,'纸类',39),(357,'办公文具',39),(358,'学生文具',39),(359,'财会用品',39),(360,'文件管理',39),(361,'本册/便签',39),(362,'计算器',39),(363,'笔类',39),(364,'画具画材',39),(365,'刻录碟片/附件',39),(366,'上门安装',40),(367,'延保服务',40),(368,'维修保养',40),(369,'电脑软件',40),(370,'京东服务',40),(371,'炒锅',41),(372,'煎锅',41),(373,'压力锅',41),(374,'蒸锅',41),(375,'汤锅',41),(376,'奶锅',41),(377,'锅具套装',41),(378,'煲类',41),(379,'水壶',41),(380,'火锅',41),(381,'菜刀',42),(382,'剪刀',42),(383,'刀具套装',42),(384,'砧板',42),(385,'瓜果刀/刨',42),(386,'多功能刀',42),(387,'保鲜盒',43),(388,'烘焙/烧烤',43),(389,'饭盒/提锅',43),(390,'储物/置物架',43),(391,'厨房DIY/小工具',43),(392,'塑料杯',44),(393,'运动水壶',44),(394,'玻璃杯',44),(395,'陶瓷/马克杯',44),(396,'保温杯',44),(397,'保温壶',44),(398,'酒杯/酒具',44),(399,'杯具套装',44),(400,'餐具套装',45),(401,'碗/碟/盘',45),(402,'筷勺/刀叉',45),(403,'一次性用品',45),(404,'果盘/果篮',45),(405,'自助餐炉',46),(406,'酒店餐具',46),(407,'酒店水具',46),(408,'整套茶具',47),(409,'茶杯',47),(410,'茶壶',47),(411,'茶盘茶托',47),(412,'茶叶罐',47),(413,'茶具配件',47),(414,'茶宠摆件',47),(415,'咖啡具',47),(416,'其他',47),(417,'纸品湿巾',48),(418,'衣物清洁',48),(419,'清洁工具',48),(420,'驱虫用品',48),(421,'家庭清洁',48),(422,'皮具护理',48),(423,'一次性用品',48),(424,'洁面',49),(425,'乳液面霜',49),(426,'面膜',49),(427,'剃须',49),(428,'套装',49),(429,'精华',49),(430,'眼霜',49),(431,'卸妆',49),(432,'防晒',49),(433,'防晒隔离',49),(434,'T区护理',49),(435,'眼部护理',49),(436,'精华露',49),(437,'爽肤水',49),(438,'沐浴',50),(439,'润肤',50),(440,'颈部',50),(441,'手足',50),(442,'纤体塑形',50),(443,'美胸',50),(444,'套装',50),(445,'精油',50),(446,'洗发护发',50),(447,'染发/造型',50),(448,'香薰精油',50),(449,'磨砂/浴盐',50),(450,'手工/香皂',50),(451,'洗发',50),(452,'护发',50),(453,'染发',50),(454,'磨砂膏',50),(455,'香皂',50),(456,'牙膏/牙粉',51),(457,'牙刷/牙线',51),(458,'漱口水',51),(459,'套装',51),(460,'卫生巾',52),(461,'卫生护垫',52),(462,'私密护理',52),(463,'脱毛膏',52),(464,'其他',52),(465,'洗发',53),(466,'护发',53),(467,'染发',53),(468,'造型',53),(469,'假发',53),(470,'套装',53),(471,'美发工具',53),(472,'脸部护理',53),(473,'香水',54),(474,'底妆',54),(475,'腮红',54),(476,'眼影',54),(477,'唇部',54),(478,'美甲',54),(479,'眼线',54),(480,'美妆工具',54),(481,'套装',54),(482,'防晒隔离',54),(483,'卸妆',54),(484,'眉笔',54),(485,'睫毛膏',54),(486,'T恤',55),(487,'衬衫',55),(488,'针织衫',55),(489,'雪纺衫',55),(490,'卫衣',55),(491,'马甲',55),(492,'连衣裙',55),(493,'半身裙',55),(494,'牛仔裤',55),(495,'休闲裤',55),(496,'打底裤',55),(497,'正装裤',55),(498,'小西装',55),(499,'短外套',55),(500,'风衣',55),(501,'毛呢大衣',55),(502,'真皮皮衣',55),(503,'棉服',55),(504,'羽绒服',55),(505,'大码女装',55),(506,'中老年女装',55),(507,'婚纱',55),(508,'打底衫',55),(509,'旗袍/唐装',55),(510,'加绒裤',55),(511,'吊带/背心',55),(512,'羊绒衫',55),(513,'短裤',55),(514,'皮草',55),(515,'礼服',55),(516,'仿皮皮衣',55),(517,'羊毛衫',55),(518,'设计师/潮牌',55),(519,'衬衫',56),(520,'T恤',56),(521,'POLO衫',56),(522,'针织衫',56),(523,'羊绒衫',56),(524,'卫衣',56),(525,'马甲/背心',56),(526,'夹克',56),(527,'风衣',56),(528,'毛呢大衣',56),(529,'仿皮皮衣',56),(530,'西服',56),(531,'棉服',56),(532,'羽绒服',56),(533,'牛仔裤',56),(534,'休闲裤',56),(535,'西裤',56),(536,'西服套装',56),(537,'大码男装',56),(538,'中老年男装',56),(539,'唐装/中山装',56),(540,'工装',56),(541,'真皮皮衣',56),(542,'加绒裤',56),(543,'卫裤/运动裤',56),(544,'短裤',56),(545,'设计师/潮牌',56),(546,'羊毛衫',56),(547,'文胸',57),(548,'女式内裤',57),(549,'男式内裤',57),(550,'睡衣/家居服',57),(551,'塑身美体',57),(552,'泳衣',57),(553,'吊带/背心',57),(554,'抹胸',57),(555,'连裤袜/丝袜',57),(556,'美腿袜',57),(557,'商务男袜',57),(558,'保暖内衣',57),(559,'情侣睡衣',57),(560,'文胸套装',57),(561,'少女文胸',57),(562,'休闲棉袜',57),(563,'大码内衣',57),(564,'内衣配件',57),(565,'打底裤袜',57),(566,'打底衫',57),(567,'秋衣秋裤',57),(568,'情趣内衣',57),(569,'服装洗护',58),(570,'太阳镜',59),(571,'光学镜架/镜片',59),(572,'围巾/手套/帽子套装',59),(573,'袖扣',59),(574,'棒球帽',59),(575,'毛线帽',59),(576,'遮阳帽',59),(577,'老花镜',59),(578,'装饰眼镜',59),(579,'防辐射眼镜',59),(580,'游泳镜',59),(581,'女士丝巾/围巾/披肩',59),(582,'男士丝巾/围巾',59),(583,'鸭舌帽',59),(584,'贝雷帽',59),(585,'礼帽',59),(586,'真皮手套',59),(587,'毛线手套',59),(588,'防晒手套',59),(589,'男士腰带/礼盒',59),(590,'女士腰带/礼盒',59),(591,'钥匙扣',59),(592,'遮阳伞/雨伞',59),(593,'口罩',59),(594,'耳罩/耳包',59),(595,'假领',59),(596,'毛线/布面料',59),(597,'领带/领结/领带夹',59),(598,'男表',60),(599,'瑞表',60),(600,'女表',60),(601,'国表',60),(602,'日韩表',60),(603,'欧美表',60),(604,'德表',60),(605,'儿童手表',60),(606,'智能手表',60),(607,'闹钟',60),(608,'座钟挂钟',60),(609,'钟表配件',60),(610,'商务休闲鞋',61),(611,'正装鞋',61),(612,'休闲鞋',61),(613,'凉鞋/沙滩鞋',61),(614,'男靴',61),(615,'功能鞋',61),(616,'拖鞋/人字拖',61),(617,'雨鞋/雨靴',61),(618,'传统布鞋',61),(619,'鞋配件',61),(620,'帆布鞋',61),(621,'增高鞋',61),(622,'工装鞋',61),(623,'定制鞋',61),(624,'高跟鞋',62),(625,'单鞋',62),(626,'休闲鞋',62),(627,'凉鞋',62),(628,'女靴',62),(629,'雪地靴',62),(630,'拖鞋/人字拖',62),(631,'踝靴',62),(632,'筒靴',62),(633,'帆布鞋',62),(634,'雨鞋/雨靴',62),(635,'妈妈鞋',62),(636,'鞋配件',62),(637,'特色鞋',62),(638,'鱼嘴鞋',62),(639,'布鞋/绣花鞋',62),(640,'马丁靴',62),(641,'坡跟鞋',62),(642,'松糕鞋',62),(643,'内增高',62),(644,'防水台',62),(645,'婴幼奶粉',63),(646,'孕妈奶粉',63),(647,'益生菌/初乳',64),(648,'米粉/菜粉',64),(649,'果泥/果汁',64),(650,'DHA',64),(651,'宝宝零食',64),(652,'钙铁锌/维生素',64),(653,'清火/开胃',64),(654,'面条/粥',64),(655,'婴儿尿裤',65),(656,'拉拉裤',65),(657,'婴儿湿巾',65),(658,'成人尿裤',65),(659,'奶瓶奶嘴',66),(660,'吸奶器',66),(661,'暖奶消毒',66),(662,'儿童餐具',66),(663,'水壶/水杯',66),(664,'牙胶安抚',66),(665,'围兜/防溅衣',66),(666,'辅食料理机',66),(667,'食物存储',66),(668,'宝宝护肤',67),(669,'洗发沐浴',67),(670,'奶瓶清洗',67),(671,'驱蚊防晒',67),(672,'理发器',67),(673,'洗澡用具',67),(674,'婴儿口腔清洁',67),(675,'洗衣液/皂',67),(676,'日常护理',67),(677,'座便器',67),(678,'婴儿推车',68),(679,'餐椅摇椅',68),(680,'婴儿床',68),(681,'学步车',68),(682,'三轮车',68),(683,'自行车',68),(684,'电动车',68),(685,'扭扭车',68),(686,'滑板车',68),(687,'婴儿床垫',68),(688,'婴儿外出服',69),(689,'婴儿内衣',69),(690,'婴儿礼盒',69),(691,'婴儿鞋帽袜',69),(692,'安全防护',69),(693,'家居床品',69),(694,'睡袋/抱被',69),(695,'爬行垫',69),(696,'妈咪包/背婴带',70),(697,'产后塑身',70),(698,'文胸/内裤',70),(699,'防辐射服',70),(700,'孕妈装',70),(701,'孕期营养',70),(702,'孕妇护肤',70),(703,'待产护理',70),(704,'月子装',70),(705,'防溢乳垫',70),(706,'套装',71),(707,'上衣',71),(708,'裤子',71),(709,'裙子',71),(710,'内衣/家居服',71),(711,'羽绒服/棉服',71),(712,'亲子装',71),(713,'儿童配饰',71),(714,'礼服/演出服',71),(715,'运动鞋',71),(716,'皮鞋/帆布鞋',71),(717,'靴子',71),(718,'凉鞋',71),(719,'功能鞋',71),(720,'户外/运动服',71),(721,'提篮式',72),(722,'安全座椅',72),(723,'增高垫',72),(724,'钱包',73),(725,'手拿包',73),(726,'单肩包',73),(727,'双肩包',73),(728,'手提包',73),(729,'斜挎包',73),(730,'钥匙包',73),(731,'卡包/零钱包',73),(732,'男士钱包',74),(733,'男士手包',74),(734,'卡包名片夹',74),(735,'商务公文包',74),(736,'双肩包',74),(737,'单肩/斜挎包',74),(738,'钥匙包',74),(739,'电脑包',75),(740,'拉杆箱',75),(741,'旅行包',75),(742,'旅行配件',75),(743,'休闲运动包',75),(744,'拉杆包',75),(745,'登山包',75),(746,'妈咪包',75),(747,'书包',75),(748,'相机包',75),(749,'腰包/胸包',75),(750,'火机烟具',76),(751,'礼品文具',76),(752,'军刀军具',76),(753,'收藏品',76),(754,'工艺礼品',76),(755,'创意礼品',76),(756,'礼盒礼券',76),(757,'鲜花绿植',76),(758,'婚庆节庆',76),(759,'京东卡',76),(760,'美妆礼品',76),(761,'礼品定制',76),(762,'京东福卡',76),(763,'古董文玩',76),(764,'箱包',77),(765,'钱包',77),(766,'服饰',77),(767,'腰带',77),(768,'太阳镜/眼镜框',77),(769,'配件',77),(770,'鞋靴',77),(771,'饰品',77),(772,'名品腕表',77),(773,'高档化妆品',77),(774,'婚嫁首饰',78),(775,'婚纱摄影',78),(776,'婚纱礼服',78),(777,'婚庆服务',78),(778,'婚庆礼品/用品',78),(779,'婚宴',78),(780,'饼干蛋糕',79),(781,'糖果/巧克力',79),(782,'休闲零食',79),(783,'冲调饮品',79),(784,'粮油调味',79),(785,'牛奶',79),(786,'其他特产',80),(787,'新疆',80),(788,'北京',80),(789,'山西',80),(790,'内蒙古',80),(791,'福建',80),(792,'湖南',80),(793,'四川',80),(794,'云南',80),(795,'东北',80),(796,'休闲零食',81),(797,'坚果炒货',81),(798,'肉干肉脯',81),(799,'蜜饯果干',81),(800,'糖果/巧克力',81),(801,'饼干蛋糕',81),(802,'无糖食品',81),(803,'米面杂粮',82),(804,'食用油',82),(805,'调味品',82),(806,'南北干货',82),(807,'方便食品',82),(808,'有机食品',82),(809,'饮用水',83),(810,'饮料',83),(811,'牛奶乳品',83),(812,'咖啡/奶茶',83),(813,'冲饮谷物',83),(814,'蜂蜜/柚子茶',83),(815,'成人奶粉',83),(816,'月饼',84),(817,'大闸蟹',84),(818,'粽子',84),(819,'卡券',84),(820,'铁观音',85),(821,'普洱',85),(822,'龙井',85),(823,'绿茶',85),(824,'红茶',85),(825,'乌龙茶',85),(826,'花草茶',85),(827,'花果茶',85),(828,'养生茶',85),(829,'黑茶',85),(830,'白茶',85),(831,'其它茶',85),(832,'项链',86),(833,'手链/脚链',86),(834,'戒指',86),(835,'耳饰',86),(836,'毛衣链',86),(837,'发饰/发卡',86),(838,'胸针',86),(839,'饰品配件',86),(840,'婚庆饰品',86),(841,'黄金吊坠',87),(842,'黄金项链',87),(843,'黄金转运珠',87),(844,'黄金手镯/手链/脚链',87),(845,'黄金耳饰',87),(846,'黄金戒指',87),(847,'K金吊坠',88),(848,'K金项链',88),(849,'K金手镯/手链/脚链',88),(850,'K金戒指',88),(851,'K金耳饰',88),(852,'投资金',89),(853,'投资银',89),(854,'投资收藏',89),(855,'银吊坠/项链',90),(856,'银手镯/手链/脚链',90),(857,'银戒指',90),(858,'银耳饰',90),(859,'足银手镯',90),(860,'宝宝银饰',90),(861,'裸钻',91),(862,'钻戒',91),(863,'钻石项链/吊坠',91),(864,'钻石耳饰',91),(865,'钻石手镯/手链',91),(866,'项链/吊坠',92),(867,'手镯/手串',92),(868,'戒指',92),(869,'耳饰',92),(870,'挂件/摆件/把件',92),(871,'玉石孤品',92),(872,'项链/吊坠',93),(873,'耳饰',93),(874,'手镯/手链/脚链',93),(875,'戒指',93),(876,'头饰/胸针',93),(877,'摆件/挂件',93),(878,'琥珀/蜜蜡',94),(879,'碧玺',94),(880,'红宝石/蓝宝石',94),(881,'坦桑石',94),(882,'珊瑚',94),(883,'祖母绿',94),(884,'葡萄石',94),(885,'其他天然宝石',94),(886,'项链/吊坠',94),(887,'耳饰',94),(888,'手镯/手链',94),(889,'戒指',94),(890,'铂金项链/吊坠',95),(891,'铂金手镯/手链/脚链',95),(892,'铂金戒指',95),(893,'铂金耳饰',95),(894,'小叶紫檀',96),(895,'黄花梨',96),(896,'沉香木',96),(897,'金丝楠',96),(898,'菩提',96),(899,'其他',96),(900,'橄榄核/核桃',96),(901,'檀香',96),(902,'珍珠项链',97),(903,'珍珠吊坠',97),(904,'珍珠耳饰',97),(905,'珍珠手链',97),(906,'珍珠戒指',97),(907,'珍珠胸针',97),(908,'机油',98),(909,'正时皮带',98),(910,'添加剂',98),(911,'汽车喇叭',98),(912,'防冻液',98),(913,'汽车玻璃',98),(914,'滤清器',98),(915,'火花塞',98),(916,'减震器',98),(917,'柴机油/辅助油',98),(918,'雨刷',98),(919,'车灯',98),(920,'后视镜',98),(921,'轮胎',98),(922,'轮毂',98),(923,'刹车片/盘',98),(924,'维修配件',98),(925,'蓄电池',98),(926,'底盘装甲/护板',98),(927,'贴膜',98),(928,'汽修工具',98),(929,'改装配件',98),(930,'导航仪',99),(931,'安全预警仪',99),(932,'行车记录仪',99),(933,'倒车雷达',99),(934,'蓝牙设备',99),(935,'车载影音',99),(936,'净化器',99),(937,'电源',99),(938,'智能驾驶',99),(939,'车载电台',99),(940,'车载电器配件',99),(941,'吸尘器',99),(942,'智能车机',99),(943,'冰箱',99),(944,'汽车音响',99),(945,'车载生活电器',99),(946,'车蜡',100),(947,'补漆笔',100),(948,'玻璃水',100),(949,'清洁剂',100),(950,'洗车工具',100),(951,'镀晶镀膜',100),(952,'打蜡机',100),(953,'洗车配件',100),(954,'洗车机',100),(955,'洗车水枪',100),(956,'毛巾掸子',100),(957,'脚垫',101),(958,'座垫',101),(959,'座套',101),(960,'后备箱垫',101),(961,'头枕腰靠',101),(962,'方向盘套',101),(963,'香水',101),(964,'空气净化',101),(965,'挂件摆件',101),(966,'功能小件',101),(967,'车身装饰件',101),(968,'车衣',101),(969,'安全座椅',102),(970,'胎压监测',102),(971,'防盗设备',102),(972,'应急救援',102),(973,'保温箱',102),(974,'地锁',102),(975,'摩托车',102),(976,'充气泵',102),(977,'储物箱',102),(978,'自驾野营',102),(979,'摩托车装备',102),(980,'清洗美容',103),(981,'功能升级',103),(982,'保养维修',103),(983,'油卡充值',103),(984,'车险',103),(985,'加油卡',103),(986,'ETC',103),(987,'驾驶培训',103),(988,'赛事服装',104),(989,'赛事用品',104),(990,'制动系统',104),(991,'悬挂系统',104),(992,'进气系统',104),(993,'排气系统',104),(994,'电子管理',104),(995,'车身强化',104),(996,'赛事座椅',104),(997,'跑步鞋',105),(998,'休闲鞋',105),(999,'篮球鞋',105),(1000,'板鞋',105),(1001,'帆布鞋',105),(1002,'足球鞋',105),(1003,'乒羽网鞋',105),(1004,'专项运动鞋',105),(1005,'训练鞋',105),(1006,'拖鞋',105),(1007,'运动包',105),(1008,'羽绒服',106),(1009,'棉服',106),(1010,'运动裤',106),(1011,'夹克/风衣',106),(1012,'卫衣/套头衫',106),(1013,'T恤',106),(1014,'套装',106),(1015,'乒羽网服',106),(1016,'健身服',106),(1017,'运动背心',106),(1018,'毛衫/线衫',106),(1019,'运动配饰',106),(1020,'折叠车',107),(1021,'山地车/公路车',107),(1022,'电动车',107),(1023,'其他整车',107),(1024,'骑行服',107),(1025,'骑行装备',107),(1026,'平衡车',107),(1027,'鱼竿鱼线',108),(1028,'浮漂鱼饵',108),(1029,'钓鱼桌椅',108),(1030,'钓鱼配件',108),(1031,'钓箱鱼包',108),(1032,'其它',108),(1033,'泳镜',109),(1034,'泳帽',109),(1035,'游泳包防水包',109),(1036,'女士泳衣',109),(1037,'男士泳衣',109),(1038,'比基尼',109),(1039,'其它',109),(1040,'冲锋衣裤',110),(1041,'速干衣裤',110),(1042,'滑雪服',110),(1043,'羽绒服/棉服',110),(1044,'休闲衣裤',110),(1045,'抓绒衣裤',110),(1046,'软壳衣裤',110),(1047,'T恤',110),(1048,'户外风衣',110),(1049,'功能内衣',110),(1050,'军迷服饰',110),(1051,'登山鞋',110),(1052,'雪地靴',110),(1053,'徒步鞋',110),(1054,'越野跑鞋',110),(1055,'休闲鞋',110),(1056,'工装鞋',110),(1057,'溯溪鞋',110),(1058,'沙滩/凉拖',110),(1059,'户外袜',110),(1060,'帐篷/垫子',111),(1061,'睡袋/吊床',111),(1062,'登山攀岩',111),(1063,'户外配饰',111),(1064,'背包',111),(1065,'户外照明',111),(1066,'户外仪表',111),(1067,'户外工具',111),(1068,'望远镜',111),(1069,'旅游用品',111),(1070,'便携桌椅床',111),(1071,'野餐烧烤',111),(1072,'军迷用品',111),(1073,'救援装备',111),(1074,'滑雪装备',111),(1075,'极限户外',111),(1076,'冲浪潜水',111),(1077,'综合训练器',112),(1078,'其他大型器械',112),(1079,'哑铃',112),(1080,'仰卧板/收腹机',112),(1081,'其他中小型器材',112),(1082,'瑜伽舞蹈',112),(1083,'甩脂机',112),(1084,'踏步机',112),(1085,'武术搏击',112),(1086,'健身车/动感单车',112),(1087,'跑步机',112),(1088,'运动护具',112),(1089,'羽毛球',113),(1090,'乒乓球',113),(1091,'篮球',113),(1092,'足球',113),(1093,'网球',113),(1094,'排球',113),(1095,'高尔夫',113),(1096,'台球',113),(1097,'棋牌麻将',113),(1098,'轮滑滑板',113),(1099,'其他',113),(1100,'0-6个月',114),(1101,'6-12个月',114),(1102,'1-3岁',114),(1103,'3-6岁',114),(1104,'6-14岁',114),(1105,'14岁以上',114),(1106,'遥控车',115),(1107,'遥控飞机',115),(1108,'遥控船',115),(1109,'机器人',115),(1110,'轨道/助力',115),(1111,'毛绒/布艺',116),(1112,'靠垫/抱枕',116),(1113,'芭比娃娃',117),(1114,'卡通娃娃',117),(1115,'智能娃娃',117),(1116,'仿真模型',118),(1117,'拼插模型',118),(1118,'收藏爱好',118),(1119,'炫舞毯',119),(1120,'爬行垫/毯',119),(1121,'户外玩具',119),(1122,'戏水玩具',119),(1123,'电影周边',120),(1124,'卡通周边',120),(1125,'网游周边',120),(1126,'摇铃/床铃',121),(1127,'健身架',121),(1128,'早教启智',121),(1129,'拖拉玩具',121),(1130,'积木',122),(1131,'拼图',122),(1132,'磁力棒',122),(1133,'立体拼插',122),(1134,'手工彩泥',123),(1135,'绘画工具',123),(1136,'情景玩具',123),(1137,'减压玩具',124),(1138,'创意玩具',124),(1139,'钢琴',125),(1140,'电子琴/电钢琴',125),(1141,'吉他/尤克里里',125),(1142,'打击乐器',125),(1143,'西洋管弦',125),(1144,'民族管弦乐器',125),(1145,'乐器配件',125),(1146,'电脑音乐',125),(1147,'工艺礼品乐器',125),(1148,'口琴/口风琴/竖笛',125),(1149,'手风琴',125);

/*Table structure for table `base_dic` */

DROP TABLE IF EXISTS `base_dic`;

CREATE TABLE `base_dic` (
  `dic_code` varchar(10) NOT NULL COMMENT '编号',
  `dic_name` varchar(100) DEFAULT NULL COMMENT '编码名称',
  `parent_code` varchar(10) DEFAULT NULL COMMENT '父编号',
  `create_time` datetime DEFAULT NULL COMMENT '创建日期',
  `operate_time` datetime DEFAULT NULL COMMENT '修改日期',
  PRIMARY KEY (`dic_code`)
) ENGINE=InnoDB DEFAULT CHARSET=utf8 COMMENT='编码字典表';

/*Data for the table `base_dic` */

insert  into `base_dic`(`dic_code`,`dic_name`,`parent_code`,`create_time`,`operate_time`) values ('10','单据状态',NULL,NULL,NULL),('1001','未支付','10',NULL,NULL),('1002','已支付','10',NULL,NULL),('1003','已取消','10',NULL,NULL),('1004','已完成','10',NULL,NULL),('1005','退款中','10',NULL,NULL),('1006','退款完成','10',NULL,NULL),('11','支付状态',NULL,NULL,NULL),('1101','支付宝','11',NULL,NULL),('1102','微信','11',NULL,NULL),('1103','银联','11',NULL,NULL),('12','评价',NULL,NULL,NULL),('1201','好评','12',NULL,NULL),('1202','中评','12',NULL,NULL),('1203','差评','12',NULL,NULL),('1204','自动','12',NULL,NULL),('13','退货原因',NULL,NULL,NULL),('1301','质量问题','13',NULL,NULL),('1302','商品描述与实际描述不一致','13',NULL,NULL),('1303','缺货','13',NULL,NULL),('1304','号码不合适','13',NULL,NULL),('1305','拍错','13',NULL,NULL),('1306','不想买了','13',NULL,NULL),('1307','其他','13',NULL,NULL),('14','购物券状态',NULL,NULL,NULL),('1401','未使用','14',NULL,NULL),('1402','使用中','14',NULL,NULL),('1403','已使用','14',NULL,NULL),('15','退款类型',NULL,NULL,NULL),('1501','仅退款','15',NULL,NULL),('1502','退货退款','15',NULL,NULL);

/*Table structure for table `base_province` */

DROP TABLE IF EXISTS `base_province`;

CREATE TABLE `base_province` (
  `id` bigint(20) DEFAULT NULL COMMENT 'id',
  `name` varchar(20) DEFAULT NULL COMMENT '省名称',
  `region_id` varchar(20) DEFAULT NULL COMMENT '大区id',
  `area_code` varchar(20) DEFAULT NULL COMMENT '行政区位码',
  `iso_code` varchar(20) DEFAULT NULL COMMENT '国际编码'
) ENGINE=InnoDB DEFAULT CHARSET=utf8;

/*Data for the table `base_province` */

insert  into `base_province`(`id`,`name`,`region_id`,`area_code`,`iso_code`) values (1,'北京','1','110000','CN-11'),(2,'天津市','1','120000','CN-12'),(3,'山西','1','140000','CN-14'),(4,'内蒙古','1','150000','CN-15'),(5,'河北','1','130000','CN-13'),(6,'上海','2','310000','CN-31'),(7,'江苏','2','320000','CN-32'),(8,'浙江','2','330000','CN-33'),(9,'安徽','2','340000','CN-34'),(10,'福建','2','350000','CN-35'),(11,'江西','2','360000','CN-36'),(12,'山东','2','370000','CN-37'),(14,'台湾','2','710000','CN-71'),(15,'黑龙江','3','230000','CN-23'),(16,'吉林','3','220000','CN-22'),(17,'辽宁','3','210000','CN-21'),(18,'陕西','7','610000','CN-61'),(19,'甘肃','7','620000','CN-62'),(20,'青海','7','630000','CN-63'),(21,'宁夏','7','640000','CN-64'),(22,'新疆','7','650000','CN-65'),(23,'河南','4','410000','CN-41'),(24,'湖北','4','420000','CN-42'),(25,'湖南','4','430000','CN-43'),(26,'广东','5','440000','CN-44'),(27,'广西','5','450000','CN-45'),(28,'海南','5','460000','CN-46'),(29,'香港','5','810000','CN-91'),(30,'澳门','5','820000','CN-92'),(31,'四川','6','510000','CN-51'),(32,'贵州','6','520000','CN-52'),(33,'云南','6','530000','CN-53'),(13,'重庆','6','500000','CN-50'),(34,'西藏','6','540000','CN-54');

/*Table structure for table `base_region` */

DROP TABLE IF EXISTS `base_region`;

CREATE TABLE `base_region` (
  `id` varchar(20) DEFAULT NULL COMMENT '大区id',
  `region_name` varchar(20) DEFAULT NULL COMMENT '大区名称'
) ENGINE=InnoDB DEFAULT CHARSET=utf8;

/*Data for the table `base_region` */

insert  into `base_region`(`id`,`region_name`) values ('1','华北'),('2','华东'),('3','东北'),('4','华中'),('5','华南'),('6','西南'),('7','西北');

/*Table structure for table `base_trademark` */

DROP TABLE IF EXISTS `base_trademark`;

CREATE TABLE `base_trademark` (
  `tm_id` varchar(20) DEFAULT NULL COMMENT '品牌id',
  `tm_name` varchar(20) DEFAULT NULL COMMENT '品牌名称'
) ENGINE=InnoDB DEFAULT CHARSET=utf8;

/*Data for the table `base_trademark` */

insert  into `base_trademark`(`tm_id`,`tm_name`) values ('1','小米'),('2','荣耀'),('3','apple'),('4','tcl'),('5','北纯');

/*Table structure for table `cart_info` */

DROP TABLE IF EXISTS `cart_info`;

CREATE TABLE `cart_info` (
  `id` bigint(20) NOT NULL AUTO_INCREMENT COMMENT '编号',
  `user_id` bigint(20) DEFAULT NULL COMMENT '用户id',
  `sku_id` bigint(20) DEFAULT NULL COMMENT 'skuid',
  `cart_price` decimal(10,2) DEFAULT NULL COMMENT '放入购物车时价格',
  `sku_num` bigint(11) DEFAULT NULL COMMENT '数量',
  `img_url` varchar(200) DEFAULT NULL COMMENT '图片文件',
  `sku_name` varchar(200) DEFAULT NULL COMMENT 'sku名称 (冗余)',
  `create_time` datetime DEFAULT NULL COMMENT '创建时间',
  `operate_time` datetime DEFAULT NULL COMMENT '修改时间',
  `is_ordered` bigint(20) DEFAULT NULL COMMENT '是否已经下单',
  `order_time` datetime DEFAULT NULL COMMENT '下单时间',
  PRIMARY KEY (`id`)
) ENGINE=InnoDB AUTO_INCREMENT=1713 DEFAULT CHARSET=utf8 COMMENT='购物车表 用户登录系统时更新冗余';

/*Data for the table `cart_info` */

insert  into `cart_info`(`id`,`user_id`,`sku_id`,`cart_price`,`sku_num`,`img_url`,`sku_name`,`create_time`,`operate_time`,`is_ordered`,`order_time`) values (1663,27,8,'8900.00',1,'http://RFCTOnWWRtrJdygmPqiUXdBvyhqiTTOnXYagFJDP','Apple iPhoneXSMax (A2104) 256GB 深空灰色 移动联通电信4G手机 双卡双待','2022-09-20 00:00:00',NULL,1,'2022-09-27 21:18:21'),(1664,31,11,'6399.00',2,'http://kAXllAQEzJWHwiExxVmyJIABfXyzbKwedeofMqwh','联想(Lenovo)拯救者Y7000 2019新款 15.6英寸游戏本笔记本电脑（i7-9750H 8GB 1TB+256GB GTX1650 4G独显 黑）','2022-09-20 00:00:00',NULL,1,'2022-09-27 21:18:21'),(1665,12,8,'8900.00',1,'http://RFCTOnWWRtrJdygmPqiUXdBvyhqiTTOnXYagFJDP','Apple iPhoneXSMax (A2104) 256GB 深空灰色 移动联通电信4G手机 双卡双待','2022-09-20 00:00:00',NULL,1,'2022-09-27 21:18:21'),(1666,35,6,'145.00',2,'http://lMddjKYNSaxpeAqbkWcxegrrHjayrosVDeLrABhg','北纯精制黄小米（小黄米 月子米 小米粥 粗粮杂粮 大米伴侣）2.18kg','2022-09-20 00:00:00',NULL,1,'2022-09-27 21:18:21'),(1667,30,1,'2220.00',3,'http://AOvKmfRQEBRJJllwCwCuptVAOtBBcIjWeJRsmhbJ','荣耀10青春版 幻彩渐变 2400万AI自拍 全网通版4GB+64GB 渐变蓝 移动联通电信4G全面屏手机 双卡双待','2022-09-20 00:00:00',NULL,1,'2022-09-27 21:21:02'),(1668,16,13,'7299.00',1,'http://kAXllAQEzJWHwiExxVmyJIABfXyzbKwedeofMqwh','联想(Lenovo)Y9000X 2019新款 15.6英寸高性能标压轻薄本笔记本电脑(i5-9300H 16G 512GSSD FHD)深空灰','2022-09-20 00:00:00',NULL,1,'2022-09-27 21:21:02'),(1669,41,7,'1553.00',2,'http://IJwhvJSuwaMHaevQQKZUzLkOsvYFiYsRhmLSjpZb','荣耀10青春版 幻彩渐变 2400万AI自拍 全网通版4GB+64GB 渐变蓝 移动联通电信4G全面屏手机 双卡双待','2022-09-20 00:00:00',NULL,1,'2022-09-27 21:21:02'),(1670,28,4,'1442.00',2,'http://SXlkutIjYpDWWTEpNUiisnlsevOHVElrdngQLgyZ','小米Play 流光渐变AI双摄 4GB+64GB 梦幻蓝 全网通4G 双卡双待 小水滴全面屏拍照游戏智能手机','2022-09-20 00:00:00',NULL,1,'2022-09-27 21:18:21'),(1671,10,11,'6399.00',3,'http://kAXllAQEzJWHwiExxVmyJIABfXyzbKwedeofMqwh','联想(Lenovo)拯救者Y7000 2019新款 15.6英寸游戏本笔记本电脑（i7-9750H 8GB 1TB+256GB GTX1650 4G独显 黑）','2022-09-20 00:00:00',NULL,0,NULL),(1672,44,6,'145.00',1,'http://lMddjKYNSaxpeAqbkWcxegrrHjayrosVDeLrABhg','北纯精制黄小米（小黄米 月子米 小米粥 粗粮杂粮 大米伴侣）2.18kg','2022-09-20 00:00:00',NULL,1,'2022-09-27 21:22:18'),(1673,49,6,'145.00',3,'http://lMddjKYNSaxpeAqbkWcxegrrHjayrosVDeLrABhg','北纯精制黄小米（小黄米 月子米 小米粥 粗粮杂粮 大米伴侣）2.18kg','2022-09-21 00:00:00',NULL,1,'2022-09-27 21:22:33'),(1674,41,9,'2452.00',3,'http://hNuKrFXZgFIzzZxnYeCxEDdJlbAwHUCbBChdXAKZ','荣耀10 GT游戏加速 AIS手持夜景 6GB+64GB 幻影蓝全网通 移动联通电信','2022-09-21 00:00:00',NULL,1,'2022-09-27 21:21:02'),(1675,7,4,'1442.00',3,'http://SXlkutIjYpDWWTEpNUiisnlsevOHVElrdngQLgyZ','小米Play 流光渐变AI双摄 4GB+64GB 梦幻蓝 全网通4G 双卡双待 小水滴全面屏拍照游戏智能手机','2022-09-21 00:00:00',NULL,1,'2022-09-27 21:22:06'),(1676,16,6,'145.00',2,'http://lMddjKYNSaxpeAqbkWcxegrrHjayrosVDeLrABhg','北纯精制黄小米（小黄米 月子米 小米粥 粗粮杂粮 大米伴侣）2.18kg','2022-09-21 00:00:00',NULL,1,'2022-09-27 21:21:02'),(1677,50,10,'222.00',2,'http://kAXllAQEzJWHwiExxVmyJIABfXyzbKwedeofMqwh','小米（MI） 小米路由器4 双千兆路由器 无线家用穿墙1200M高速双频wifi 千兆版 千兆端口光纤适用','2022-09-21 00:00:00',NULL,1,'2022-09-27 21:22:33'),(1678,33,9,'2452.00',3,'http://hNuKrFXZgFIzzZxnYeCxEDdJlbAwHUCbBChdXAKZ','荣耀10 GT游戏加速 AIS手持夜景 6GB+64GB 幻影蓝全网通 移动联通电信','2022-09-21 00:00:00',NULL,1,'2022-09-27 21:22:18'),(1679,37,6,'145.00',1,'http://lMddjKYNSaxpeAqbkWcxegrrHjayrosVDeLrABhg','北纯精制黄小米（小黄米 月子米 小米粥 粗粮杂粮 大米伴侣）2.18kg','2022-09-21 00:00:00',NULL,1,'2022-09-27 21:21:02'),(1680,49,7,'1553.00',3,'http://IJwhvJSuwaMHaevQQKZUzLkOsvYFiYsRhmLSjpZb','荣耀10青春版 幻彩渐变 2400万AI自拍 全网通版4GB+64GB 渐变蓝 移动联通电信4G全面屏手机 双卡双待','2022-09-21 00:00:00',NULL,0,NULL),(1681,21,7,'1553.00',1,'http://IJwhvJSuwaMHaevQQKZUzLkOsvYFiYsRhmLSjpZb','荣耀10青春版 幻彩渐变 2400万AI自拍 全网通版4GB+64GB 渐变蓝 移动联通电信4G全面屏手机 双卡双待','2022-09-21 00:00:00',NULL,1,'2022-09-27 21:21:02'),(1682,18,3,'3100.00',2,'http://LzpblavcZQeYEbwbSjsnmsgAjtpudhDradqsRgdZ','小米（MI）电视 55英寸曲面4K智能WiFi网络液晶电视机4S L55M5-AQ 小米电视4S 55英寸 曲面','2022-09-21 00:00:00',NULL,1,'2022-09-27 21:22:33'),(1683,68,4,'1442.00',2,'http://SXlkutIjYpDWWTEpNUiisnlsevOHVElrdngQLgyZ','小米Play 流光渐变AI双摄 4GB+64GB 梦幻蓝 全网通4G 双卡双待 小水滴全面屏拍照游戏智能手机','2022-09-22 00:00:00',NULL,1,'2022-09-27 21:22:06'),(1684,50,12,'6699.00',2,'http://kAXllAQEzJWHwiExxVmyJIABfXyzbKwedeofMqwh','联想(Lenovo)拯救者Y7000 英特尔酷睿i7 2019新款 15.6英寸发烧游戏本笔记本电脑（i7-9750H 8GB 512GB SSD GTX1650 4G 高色域','2022-09-22 00:00:00',NULL,1,'2022-09-27 21:22:33'),(1685,97,8,'8900.00',3,'http://RFCTOnWWRtrJdygmPqiUXdBvyhqiTTOnXYagFJDP','Apple iPhoneXSMax (A2104) 256GB 深空灰色 移动联通电信4G手机 双卡双待','2022-09-22 00:00:00',NULL,1,'2022-09-27 21:22:06'),(1686,99,12,'6699.00',3,'http://kAXllAQEzJWHwiExxVmyJIABfXyzbKwedeofMqwh','联想(Lenovo)拯救者Y7000 英特尔酷睿i7 2019新款 15.6英寸发烧游戏本笔记本电脑（i7-9750H 8GB 512GB SSD GTX1650 4G 高色域','2022-09-22 00:00:00',NULL,1,'2022-09-27 21:22:06'),(1687,36,5,'244.00',2,'http://INNButKuTkslasORPBmHACnJuccfsxmRxNuMznPm','十月稻田 沁州黄小米 (黄小米 五谷杂粮 山西特产 真空装 大米伴侣 粥米搭档) 2.5kg','2022-09-22 00:00:00',NULL,1,'2022-09-27 21:22:06'),(1688,72,8,'8900.00',3,'http://RFCTOnWWRtrJdygmPqiUXdBvyhqiTTOnXYagFJDP','Apple iPhoneXSMax (A2104) 256GB 深空灰色 移动联通电信4G手机 双卡双待','2022-09-22 00:00:00',NULL,1,'2022-09-27 21:22:18'),(1689,19,12,'6699.00',3,'http://kAXllAQEzJWHwiExxVmyJIABfXyzbKwedeofMqwh','联想(Lenovo)拯救者Y7000 英特尔酷睿i7 2019新款 15.6英寸发烧游戏本笔记本电脑（i7-9750H 8GB 512GB SSD GTX1650 4G 高色域','2022-09-22 00:00:00',NULL,1,'2022-09-27 21:22:18'),(1690,44,2,'3321.00',1,'http://JfJSvAnPkErYPcUsbgCuokhjxKiLeqpDXakZqFeE','TCL 55A950C 55英寸32核人工智能 HDR曲面超薄4K电视金属机身（枪色）','2022-09-22 00:00:00',NULL,1,'2022-09-27 21:22:18'),(1691,8,10,'222.00',1,'http://kAXllAQEzJWHwiExxVmyJIABfXyzbKwedeofMqwh','小米（MI） 小米路由器4 双千兆路由器 无线家用穿墙1200M高速双频wifi 千兆版 千兆端口光纤适用','2022-09-22 00:00:00',NULL,1,'2022-09-27 21:22:06'),(1692,33,9,'2452.00',1,'http://hNuKrFXZgFIzzZxnYeCxEDdJlbAwHUCbBChdXAKZ','荣耀10 GT游戏加速 AIS手持夜景 6GB+64GB 幻影蓝全网通 移动联通电信','2022-09-22 00:00:00',NULL,1,'2022-09-27 21:22:18'),(1693,36,6,'145.00',2,'http://lMddjKYNSaxpeAqbkWcxegrrHjayrosVDeLrABhg','北纯精制黄小米（小黄米 月子米 小米粥 粗粮杂粮 大米伴侣）2.18kg','2022-09-23 00:00:00',NULL,1,'2022-09-27 21:22:33'),(1694,17,2,'3321.00',1,'http://JfJSvAnPkErYPcUsbgCuokhjxKiLeqpDXakZqFeE','TCL 55A950C 55英寸32核人工智能 HDR曲面超薄4K电视金属机身（枪色）','2022-09-23 00:00:00',NULL,1,'2022-09-27 21:22:18'),(1695,23,4,'1442.00',1,'http://SXlkutIjYpDWWTEpNUiisnlsevOHVElrdngQLgyZ','小米Play 流光渐变AI双摄 4GB+64GB 梦幻蓝 全网通4G 双卡双待 小水滴全面屏拍照游戏智能手机','2022-09-23 00:00:00',NULL,1,'2022-09-27 21:22:18'),(1696,24,4,'1442.00',2,'http://SXlkutIjYpDWWTEpNUiisnlsevOHVElrdngQLgyZ','小米Play 流光渐变AI双摄 4GB+64GB 梦幻蓝 全网通4G 双卡双待 小水滴全面屏拍照游戏智能手机','2022-09-23 00:00:00',NULL,1,'2022-09-27 21:22:33'),(1697,147,13,'7299.00',2,'http://kAXllAQEzJWHwiExxVmyJIABfXyzbKwedeofMqwh','联想(Lenovo)Y9000X 2019新款 15.6英寸高性能标压轻薄本笔记本电脑(i5-9300H 16G 512GSSD FHD)深空灰','2022-09-23 00:00:00',NULL,1,'2022-09-27 21:22:18'),(1698,67,10,'222.00',2,'http://kAXllAQEzJWHwiExxVmyJIABfXyzbKwedeofMqwh','小米（MI） 小米路由器4 双千兆路由器 无线家用穿墙1200M高速双频wifi 千兆版 千兆端口光纤适用','2022-09-23 00:00:00',NULL,1,'2022-09-27 21:22:18'),(1699,46,10,'222.00',1,'http://kAXllAQEzJWHwiExxVmyJIABfXyzbKwedeofMqwh','小米（MI） 小米路由器4 双千兆路由器 无线家用穿墙1200M高速双频wifi 千兆版 千兆端口光纤适用','2022-09-23 00:00:00',NULL,1,'2022-09-27 21:22:18'),(1700,119,2,'3321.00',3,'http://JfJSvAnPkErYPcUsbgCuokhjxKiLeqpDXakZqFeE','TCL 55A950C 55英寸32核人工智能 HDR曲面超薄4K电视金属机身（枪色）','2022-09-23 00:00:00',NULL,1,'2022-09-27 21:22:33'),(1701,53,9,'2452.00',1,'http://hNuKrFXZgFIzzZxnYeCxEDdJlbAwHUCbBChdXAKZ','荣耀10 GT游戏加速 AIS手持夜景 6GB+64GB 幻影蓝全网通 移动联通电信','2022-09-23 00:00:00',NULL,1,'2022-09-27 21:22:33'),(1702,111,9,'2452.00',2,'http://hNuKrFXZgFIzzZxnYeCxEDdJlbAwHUCbBChdXAKZ','荣耀10 GT游戏加速 AIS手持夜景 6GB+64GB 幻影蓝全网通 移动联通电信','2022-09-23 00:00:00',NULL,0,NULL),(1703,132,6,'145.00',3,'http://lMddjKYNSaxpeAqbkWcxegrrHjayrosVDeLrABhg','北纯精制黄小米（小黄米 月子米 小米粥 粗粮杂粮 大米伴侣）2.18kg','2022-09-24 00:00:00',NULL,0,NULL),(1704,126,12,'6699.00',1,'http://kAXllAQEzJWHwiExxVmyJIABfXyzbKwedeofMqwh','联想(Lenovo)拯救者Y7000 英特尔酷睿i7 2019新款 15.6英寸发烧游戏本笔记本电脑（i7-9750H 8GB 512GB SSD GTX1650 4G 高色域','2022-09-24 00:00:00',NULL,1,'2022-09-27 21:22:33'),(1705,153,1,'2220.00',1,'http://AOvKmfRQEBRJJllwCwCuptVAOtBBcIjWeJRsmhbJ','荣耀10青春版 幻彩渐变 2400万AI自拍 全网通版4GB+64GB 渐变蓝 移动联通电信4G全面屏手机 双卡双待','2022-09-24 00:00:00',NULL,0,NULL),(1706,130,6,'145.00',1,'http://lMddjKYNSaxpeAqbkWcxegrrHjayrosVDeLrABhg','北纯精制黄小米（小黄米 月子米 小米粥 粗粮杂粮 大米伴侣）2.18kg','2022-09-24 00:00:00',NULL,1,'2022-09-27 21:22:33'),(1707,5,7,'1553.00',2,'http://IJwhvJSuwaMHaevQQKZUzLkOsvYFiYsRhmLSjpZb','荣耀10青春版 幻彩渐变 2400万AI自拍 全网通版4GB+64GB 渐变蓝 移动联通电信4G全面屏手机 双卡双待','2022-09-24 00:00:00',NULL,1,'2022-09-27 21:22:33'),(1708,175,8,'8900.00',1,'http://RFCTOnWWRtrJdygmPqiUXdBvyhqiTTOnXYagFJDP','Apple iPhoneXSMax (A2104) 256GB 深空灰色 移动联通电信4G手机 双卡双待','2022-09-24 00:00:00',NULL,1,'2022-09-27 21:22:33'),(1709,110,2,'3321.00',2,'http://JfJSvAnPkErYPcUsbgCuokhjxKiLeqpDXakZqFeE','TCL 55A950C 55英寸32核人工智能 HDR曲面超薄4K电视金属机身（枪色）','2022-09-24 00:00:00',NULL,1,'2022-09-27 21:22:33'),(1710,152,1,'2220.00',1,'http://AOvKmfRQEBRJJllwCwCuptVAOtBBcIjWeJRsmhbJ','荣耀10青春版 幻彩渐变 2400万AI自拍 全网通版4GB+64GB 渐变蓝 移动联通电信4G全面屏手机 双卡双待','2022-09-24 00:00:00',NULL,0,NULL),(1711,57,9,'2452.00',3,'http://hNuKrFXZgFIzzZxnYeCxEDdJlbAwHUCbBChdXAKZ','荣耀10 GT游戏加速 AIS手持夜景 6GB+64GB 幻影蓝全网通 移动联通电信','2022-09-24 00:00:00',NULL,0,NULL),(1712,84,7,'1553.00',3,'http://IJwhvJSuwaMHaevQQKZUzLkOsvYFiYsRhmLSjpZb','荣耀10青春版 幻彩渐变 2400万AI自拍 全网通版4GB+64GB 渐变蓝 移动联通电信4G全面屏手机 双卡双待','2022-09-24 00:00:00',NULL,1,'2022-09-27 21:22:33');

/*Table structure for table `comment_info` */

DROP TABLE IF EXISTS `comment_info`;

CREATE TABLE `comment_info` (
  `id` bigint(20) NOT NULL AUTO_INCREMENT COMMENT '编号',
  `user_id` bigint(20) DEFAULT NULL COMMENT '用户名称',
  `sku_id` bigint(20) DEFAULT NULL COMMENT 'skuid',
  `spu_id` bigint(20) DEFAULT NULL COMMENT '商品id',
  `order_id` bigint(20) DEFAULT NULL COMMENT '订单编号',
  `appraise` varchar(10) DEFAULT NULL COMMENT '评价 1 好评 2 中评 3 差评',
  `comment_txt` varchar(2000) DEFAULT NULL COMMENT '评价内容',
  `create_time` datetime DEFAULT NULL COMMENT '创建时间',
  `operate_time` datetime DEFAULT NULL COMMENT '修改时间',
  PRIMARY KEY (`id`)
) ENGINE=InnoDB AUTO_INCREMENT=1574751350502236181 DEFAULT CHARSET=utf8 COMMENT='商品评论表';

/*Data for the table `comment_info` */

insert  into `comment_info`(`id`,`user_id`,`sku_id`,`spu_id`,`order_id`,`appraise`,`comment_txt`,`create_time`,`operate_time`) values (1574750293881544705,18,6,6,3213,'1203','评论内容：46893286483894187963955982454653641468741862124799','2022-09-20 00:00:00',NULL),(1574750293948653570,44,13,10,3214,'1204','评论内容：76763559958158293558957263168818373845345272455478','2022-09-20 00:00:00',NULL),(1574750293948653571,41,4,4,3215,'1203','评论内容：45939376445716615367829495599611525639886648982664','2022-09-20 00:00:00',NULL),(1574750968942194690,77,6,6,3213,'1203','评论内容：76672451785818489687385773931876512834484966355754','2022-09-21 00:00:00',NULL),(1574750968942194691,92,4,4,3215,'1204','评论内容：93479167978899494299894494626581264422554721322259','2022-09-21 00:00:00',NULL),(1574750968942194692,80,7,1,3217,'1203','评论内容：82664461735656622356486512312993144583651546115513','2022-09-21 00:00:00',NULL),(1574750968942194693,65,9,8,3217,'1204','评论内容：47836332519133556566646662919558332985589769223373','2022-09-21 00:00:00',NULL),(1574750968942194694,34,6,6,3220,'1201','评论内容：78782146278392388213264316858974265589755488212959','2022-09-21 00:00:00',NULL),(1574751235209175041,72,8,7,3210,'1203','评论内容：73211744349293673159534954986949164956841743315737','2022-09-22 00:00:00',NULL),(1574751235209175042,48,6,6,3213,'1204','评论内容：89114856662494315434694521232665463115356121153368','2022-09-22 00:00:00',NULL),(1574751235209175043,94,4,4,3215,'1202','评论内容：79817518231278289311373783281868763669317484828751','2022-09-22 00:00:00',NULL),(1574751235209175044,145,1,1,3216,'1204','评论内容：98788628922435165521965555756282447333178118424632','2022-09-22 00:00:00',NULL),(1574751235209175045,132,7,1,3217,'1204','评论内容：27512553911127884419597773986138832587265893773944','2022-09-22 00:00:00',NULL),(1574751235209175046,46,9,8,3217,'1204','评论内容：41811794499289145324126925133899123691174172283499','2022-09-22 00:00:00',NULL),(1574751235209175047,71,9,8,3219,'1201','评论内容：31231647943364921762392613783542222237194329277391','2022-09-22 00:00:00',NULL),(1574751235209175048,85,6,6,3220,'1204','评论内容：75795929116836861458186938931194668982692643958144','2022-09-22 00:00:00',NULL),(1574751235276283906,43,7,1,3221,'1201','评论内容：48277265891833432591638248136227396466773348325588','2022-09-22 00:00:00',NULL),(1574751235276283907,116,4,4,3224,'1204','评论内容：23282716785737375727528777375915931597998646761542','2022-09-22 00:00:00',NULL),(1574751235276283908,17,5,5,3227,'1201','评论内容：87265831831686294982698555988818357293471285176881','2022-09-22 00:00:00',NULL),(1574751235276283909,148,10,9,3228,'1204','评论内容：57641515446477366427348396628234788122259354531649','2022-09-22 00:00:00',NULL),(1574751286358749186,172,8,7,3210,'1204','评论内容：15131318923316179557922931494776496474737448111685','2022-09-23 00:00:00',NULL),(1574751286358749187,193,4,4,3215,'1204','评论内容：91657376882676685335831637275155173799951177278859','2022-09-23 00:00:00',NULL),(1574751286358749188,128,1,1,3216,'1204','评论内容：92298979735563235958453976854265794422849276598275','2022-09-23 00:00:00',NULL),(1574751286358749189,156,7,1,3217,'1204','评论内容：18249244195535777241194149492487398783435214838569','2022-09-23 00:00:00',NULL),(1574751286358749190,12,9,8,3217,'1204','评论内容：41942711616257845173168131678821113722966158343118','2022-09-23 00:00:00',NULL),(1574751286358749191,15,7,1,3221,'1204','评论内容：44212236424975435937599899523252477473927352781642','2022-09-23 00:00:00',NULL),(1574751286358749192,168,10,9,3223,'1201','评论内容：64868245166482454563618216377688367479117547862398','2022-09-23 00:00:00',NULL),(1574751286358749193,153,8,7,3225,'1204','评论内容：56355482117624356246862778614228896179686778454189','2022-09-23 00:00:00',NULL),(1574751286358749194,159,12,10,3226,'1202','评论内容：82595334428736531977933937696352798525121123154796','2022-09-23 00:00:00',NULL),(1574751286358749195,185,6,6,3230,'1204','评论内容：56881894141626233398678166859759387249219627554589','2022-09-23 00:00:00',NULL),(1574751286358749196,114,2,2,3230,'1204','评论内容：27975575871512819116973648646559262665719482911938','2022-09-23 00:00:00',NULL),(1574751286358749197,147,8,7,3231,'1204','评论内容：22772262523792296233891244515868763411386532944538','2022-09-23 00:00:00',NULL),(1574751286358749198,187,4,4,3235,'1201','评论内容：95893966789436881634259184124249996426256629911294','2022-09-23 00:00:00',NULL),(1574751286358749199,69,10,9,3237,'1201','评论内容：65122762868285227282147517511315251399644274739538','2022-09-23 00:00:00',NULL),(1574751350502236161,75,8,7,3210,'1204','评论内容：77958234782167464483632966868829629692887139384559','2022-09-24 00:00:00',NULL),(1574751350502236162,114,4,4,3215,'1204','评论内容：26656433194837798614717467935643591761246318755345','2022-09-24 00:00:00',NULL),(1574751350502236163,111,1,1,3216,'1204','评论内容：42972866441542415972822414738333252915313778439589','2022-09-24 00:00:00',NULL),(1574751350502236164,59,7,1,3217,'1204','评论内容：73422787583289436189812186826436989195572767792264','2022-09-24 00:00:00',NULL),(1574751350502236165,24,9,8,3217,'1204','评论内容：85357191358221676866862137979279757415618165818833','2022-09-24 00:00:00',NULL),(1574751350502236166,94,7,1,3221,'1204','评论内容：61463786234613744447925473998644633597495889172936','2022-09-24 00:00:00',NULL),(1574751350502236167,84,12,10,3226,'1202','评论内容：72299182268816271941641281955247383438434822538491','2022-09-24 00:00:00',NULL),(1574751350502236168,199,6,6,3230,'1201','评论内容：59244762744287196152466679989161854649796651568239','2022-09-24 00:00:00',NULL),(1574751350502236169,8,2,2,3230,'1202','评论内容：32883157322983152521575955742482734986842295935822','2022-09-24 00:00:00',NULL),(1574751350502236170,132,10,9,3238,'1204','评论内容：97185716869771528557666892621723525557252735891516','2022-09-24 00:00:00',NULL),(1574751350502236171,247,6,6,3239,'1201','评论内容：45912656371165561316444431383341223961542723247684','2022-09-24 00:00:00',NULL),(1574751350502236172,19,3,3,3240,'1201','评论内容：16295555987262595798541769959949951318663813666173','2022-09-24 00:00:00',NULL),(1574751350502236173,166,10,9,3241,'1203','评论内容：59323864499465615629463438461725898638217513186727','2022-09-24 00:00:00',NULL),(1574751350502236174,148,12,10,3241,'1204','评论内容：73361927966135784964419845392216413726947827715528','2022-09-24 00:00:00',NULL),(1574751350502236175,219,6,6,3242,'1201','评论内容：18815793693334423126968584759559812125172151619482','2022-09-24 00:00:00',NULL),(1574751350502236176,114,9,8,3245,'1202','评论内容：86677356352636663498486622535886613727824331763955','2022-09-24 00:00:00',NULL),(1574751350502236177,7,12,10,3246,'1203','评论内容：71526764937923529823363395422684587186624214372269','2022-09-24 00:00:00',NULL),(1574751350502236178,192,6,6,3247,'1204','评论内容：16199913329281525913759521589784292833914232984564','2022-09-24 00:00:00',NULL),(1574751350502236179,70,7,1,3248,'1201','评论内容：57563466411483313643997992493679856525723778818826','2022-09-24 00:00:00',NULL),(1574751350502236180,11,2,2,3250,'1204','评论内容：58467285737245882868492971994156726932987462954335','2022-09-24 00:00:00',NULL);

/*Table structure for table `coupon_info` */

DROP TABLE IF EXISTS `coupon_info`;

CREATE TABLE `coupon_info` (
  `id` bigint(20) NOT NULL AUTO_INCREMENT COMMENT '购物券编号',
  `coupon_name` varchar(100) DEFAULT NULL COMMENT '购物券名称',
  `coupon_type` varchar(10) DEFAULT NULL COMMENT '购物券类型 1 现金券 2 折扣券 3 满减券 4 满件打折券',
  `condition_amount` decimal(10,2) DEFAULT NULL COMMENT '满额数',
  `condition_num` bigint(20) DEFAULT NULL COMMENT '满件数',
  `activity_id` bigint(20) DEFAULT NULL COMMENT '活动编号',
  `benefit_amount` decimal(16,2) DEFAULT NULL COMMENT '减金额',
  `benefit_discount` bigint(20) DEFAULT NULL COMMENT '折扣',
  `create_time` datetime DEFAULT NULL COMMENT '创建时间',
  `range_type` varchar(10) DEFAULT NULL COMMENT '范围类型 1、商品 2、品类 3、品牌',
  `spu_id` bigint(20) DEFAULT NULL COMMENT '商品id',
  `tm_id` bigint(20) DEFAULT NULL COMMENT '品牌id',
  `category3_id` bigint(20) DEFAULT NULL COMMENT '品类id',
  `limit_num` int(11) DEFAULT NULL COMMENT '最多领用次数',
  `operate_time` datetime DEFAULT NULL COMMENT '修改时间',
  `expire_time` datetime DEFAULT NULL COMMENT '过期时间',
  PRIMARY KEY (`id`)
) ENGINE=InnoDB AUTO_INCREMENT=3 DEFAULT CHARSET=utf8 COMMENT='优惠券表';

/*Data for the table `coupon_info` */

insert  into `coupon_info`(`id`,`coupon_name`,`coupon_type`,`condition_amount`,`condition_num`,`activity_id`,`benefit_amount`,`benefit_discount`,`create_time`,`range_type`,`spu_id`,`tm_id`,`category3_id`,`limit_num`,`operate_time`,`expire_time`) values (1,'粮食优惠券','2301','100.00',0,NULL,'15.00',NULL,'2020-02-27 17:44:57','2401',NULL,NULL,803,11,NULL,NULL),(2,'粮食优惠券2','2301','200.00',NULL,NULL,'40.00',NULL,'2020-03-16 23:55:31','2401',NULL,NULL,803,11,NULL,NULL);

/*Table structure for table `coupon_use` */

DROP TABLE IF EXISTS `coupon_use`;

CREATE TABLE `coupon_use` (
  `id` bigint(20) NOT NULL AUTO_INCREMENT COMMENT '编号',
  `coupon_id` bigint(20) DEFAULT NULL COMMENT '购物券ID',
  `user_id` bigint(20) DEFAULT NULL COMMENT '用户ID',
  `order_id` bigint(20) DEFAULT NULL COMMENT '订单ID',
  `coupon_status` varchar(10) DEFAULT NULL COMMENT '购物券状态',
  `get_time` datetime DEFAULT NULL COMMENT '领券时间',
  `using_time` datetime DEFAULT NULL COMMENT '使用时间',
  `used_time` datetime DEFAULT NULL COMMENT '支付时间',
  `expire_time` datetime DEFAULT NULL COMMENT '过期时间',
  PRIMARY KEY (`id`)
) ENGINE=InnoDB AUTO_INCREMENT=7985 DEFAULT CHARSET=utf8 COMMENT='优惠券领用表';

/*Data for the table `coupon_use` */

insert  into `coupon_use`(`id`,`coupon_id`,`user_id`,`order_id`,`coupon_status`,`get_time`,`using_time`,`used_time`,`expire_time`) values (7885,1,1,NULL,'1401','2022-09-20 00:00:00',NULL,NULL,NULL),(7886,1,2,NULL,'1401','2022-09-20 00:00:00',NULL,NULL,NULL),(7887,1,3,NULL,'1401','2022-09-20 00:00:00',NULL,NULL,NULL),(7888,1,4,NULL,'1401','2022-09-20 00:00:00',NULL,NULL,NULL),(7889,1,5,NULL,'1401','2022-09-20 00:00:00',NULL,NULL,NULL),(7890,1,6,NULL,'1401','2022-09-20 00:00:00',NULL,NULL,NULL),(7891,1,7,NULL,'1401','2022-09-20 00:00:00',NULL,NULL,NULL),(7892,1,8,NULL,'1401','2022-09-20 00:00:00',NULL,NULL,NULL),(7893,1,9,NULL,'1401','2022-09-20 00:00:00',NULL,NULL,NULL),(7894,1,10,NULL,'1401','2022-09-20 00:00:00',NULL,NULL,NULL),(7895,2,1,NULL,'1401','2022-09-20 00:00:00',NULL,NULL,NULL),(7896,2,2,NULL,'1401','2022-09-20 00:00:00',NULL,NULL,NULL),(7897,2,3,NULL,'1401','2022-09-20 00:00:00',NULL,NULL,NULL),(7898,2,4,NULL,'1401','2022-09-20 00:00:00',NULL,NULL,NULL),(7899,2,5,NULL,'1401','2022-09-20 00:00:00',NULL,NULL,NULL),(7900,2,6,NULL,'1401','2022-09-20 00:00:00',NULL,NULL,NULL),(7901,2,7,NULL,'1401','2022-09-20 00:00:00',NULL,NULL,NULL),(7902,2,8,NULL,'1401','2022-09-20 00:00:00',NULL,NULL,NULL),(7903,2,9,NULL,'1401','2022-09-20 00:00:00',NULL,NULL,NULL),(7904,2,10,NULL,'1401','2022-09-20 00:00:00',NULL,NULL,NULL),(7905,1,1,NULL,'1401','2022-09-21 00:00:00',NULL,NULL,NULL),(7906,1,2,NULL,'1401','2022-09-21 00:00:00',NULL,NULL,NULL),(7907,1,3,NULL,'1401','2022-09-21 00:00:00',NULL,NULL,NULL),(7908,1,4,NULL,'1401','2022-09-21 00:00:00',NULL,NULL,NULL),(7909,1,5,NULL,'1401','2022-09-21 00:00:00',NULL,NULL,NULL),(7910,1,6,NULL,'1401','2022-09-21 00:00:00',NULL,NULL,NULL),(7911,1,7,NULL,'1401','2022-09-21 00:00:00',NULL,NULL,NULL),(7912,1,8,NULL,'1401','2022-09-21 00:00:00',NULL,NULL,NULL),(7913,1,9,NULL,'1401','2022-09-21 00:00:00',NULL,NULL,NULL),(7914,1,10,NULL,'1401','2022-09-21 00:00:00',NULL,NULL,NULL),(7915,2,1,NULL,'1401','2022-09-21 00:00:00',NULL,NULL,NULL),(7916,2,2,NULL,'1401','2022-09-21 00:00:00',NULL,NULL,NULL),(7917,2,3,NULL,'1401','2022-09-21 00:00:00',NULL,NULL,NULL),(7918,2,4,NULL,'1401','2022-09-21 00:00:00',NULL,NULL,NULL),(7919,2,5,NULL,'1401','2022-09-21 00:00:00',NULL,NULL,NULL),(7920,2,6,NULL,'1401','2022-09-21 00:00:00',NULL,NULL,NULL),(7921,2,7,NULL,'1401','2022-09-21 00:00:00',NULL,NULL,NULL),(7922,2,8,NULL,'1401','2022-09-21 00:00:00',NULL,NULL,NULL),(7923,2,9,NULL,'1401','2022-09-21 00:00:00',NULL,NULL,NULL),(7924,2,10,NULL,'1401','2022-09-21 00:00:00',NULL,NULL,NULL),(7925,1,1,NULL,'1401','2022-09-22 00:00:00',NULL,NULL,NULL),(7926,1,2,NULL,'1401','2022-09-22 00:00:00',NULL,NULL,NULL),(7927,1,3,NULL,'1401','2022-09-22 00:00:00',NULL,NULL,NULL),(7928,1,4,NULL,'1401','2022-09-22 00:00:00',NULL,NULL,NULL),(7929,1,5,NULL,'1401','2022-09-22 00:00:00',NULL,NULL,NULL),(7930,1,6,NULL,'1401','2022-09-22 00:00:00',NULL,NULL,NULL),(7931,1,7,NULL,'1401','2022-09-22 00:00:00',NULL,NULL,NULL),(7932,1,8,NULL,'1401','2022-09-22 00:00:00',NULL,NULL,NULL),(7933,1,9,NULL,'1401','2022-09-22 00:00:00',NULL,NULL,NULL),(7934,1,10,NULL,'1401','2022-09-22 00:00:00',NULL,NULL,NULL),(7935,2,1,NULL,'1401','2022-09-22 00:00:00',NULL,NULL,NULL),(7936,2,2,NULL,'1401','2022-09-22 00:00:00',NULL,NULL,NULL),(7937,2,3,NULL,'1401','2022-09-22 00:00:00',NULL,NULL,NULL),(7938,2,4,NULL,'1401','2022-09-22 00:00:00',NULL,NULL,NULL),(7939,2,5,NULL,'1401','2022-09-22 00:00:00',NULL,NULL,NULL),(7940,2,6,NULL,'1401','2022-09-22 00:00:00',NULL,NULL,NULL),(7941,2,7,NULL,'1401','2022-09-22 00:00:00',NULL,NULL,NULL),(7942,2,8,NULL,'1401','2022-09-22 00:00:00',NULL,NULL,NULL),(7943,2,9,NULL,'1401','2022-09-22 00:00:00',NULL,NULL,NULL),(7944,2,10,NULL,'1401','2022-09-22 00:00:00',NULL,NULL,NULL),(7945,1,1,NULL,'1401','2022-09-23 00:00:00',NULL,NULL,NULL),(7946,1,2,NULL,'1401','2022-09-23 00:00:00',NULL,NULL,NULL),(7947,1,3,NULL,'1401','2022-09-23 00:00:00',NULL,NULL,NULL),(7948,1,4,NULL,'1401','2022-09-23 00:00:00',NULL,NULL,NULL),(7949,1,5,NULL,'1401','2022-09-23 00:00:00',NULL,NULL,NULL),(7950,1,6,NULL,'1401','2022-09-23 00:00:00',NULL,NULL,NULL),(7951,1,7,NULL,'1401','2022-09-23 00:00:00',NULL,NULL,NULL),(7952,1,8,NULL,'1401','2022-09-23 00:00:00',NULL,NULL,NULL),(7953,1,9,NULL,'1401','2022-09-23 00:00:00',NULL,NULL,NULL),(7954,1,10,NULL,'1401','2022-09-23 00:00:00',NULL,NULL,NULL),(7955,2,1,NULL,'1401','2022-09-23 00:00:00',NULL,NULL,NULL),(7956,2,2,NULL,'1401','2022-09-23 00:00:00',NULL,NULL,NULL),(7957,2,3,NULL,'1401','2022-09-23 00:00:00',NULL,NULL,NULL),(7958,2,4,NULL,'1401','2022-09-23 00:00:00',NULL,NULL,NULL),(7959,2,5,NULL,'1401','2022-09-23 00:00:00',NULL,NULL,NULL),(7960,2,6,NULL,'1401','2022-09-23 00:00:00',NULL,NULL,NULL),(7961,2,7,NULL,'1401','2022-09-23 00:00:00',NULL,NULL,NULL),(7962,2,8,NULL,'1401','2022-09-23 00:00:00',NULL,NULL,NULL),(7963,2,9,NULL,'1401','2022-09-23 00:00:00',NULL,NULL,NULL),(7964,2,10,NULL,'1401','2022-09-23 00:00:00',NULL,NULL,NULL),(7965,1,1,NULL,'1401','2022-09-24 00:00:00',NULL,NULL,NULL),(7966,1,2,NULL,'1401','2022-09-24 00:00:00',NULL,NULL,NULL),(7967,1,3,NULL,'1401','2022-09-24 00:00:00',NULL,NULL,NULL),(7968,1,4,NULL,'1401','2022-09-24 00:00:00',NULL,NULL,NULL),(7969,1,5,NULL,'1401','2022-09-24 00:00:00',NULL,NULL,NULL),(7970,1,6,NULL,'1401','2022-09-24 00:00:00',NULL,NULL,NULL),(7971,1,7,NULL,'1401','2022-09-24 00:00:00',NULL,NULL,NULL),(7972,1,8,NULL,'1401','2022-09-24 00:00:00',NULL,NULL,NULL),(7973,1,9,NULL,'1401','2022-09-24 00:00:00',NULL,NULL,NULL),(7974,1,10,NULL,'1401','2022-09-24 00:00:00',NULL,NULL,NULL),(7975,2,1,NULL,'1401','2022-09-24 00:00:00',NULL,NULL,NULL),(7976,2,2,NULL,'1401','2022-09-24 00:00:00',NULL,NULL,NULL),(7977,2,3,NULL,'1401','2022-09-24 00:00:00',NULL,NULL,NULL),(7978,2,4,NULL,'1401','2022-09-24 00:00:00',NULL,NULL,NULL),(7979,2,5,NULL,'1401','2022-09-24 00:00:00',NULL,NULL,NULL),(7980,2,6,NULL,'1401','2022-09-24 00:00:00',NULL,NULL,NULL),(7981,2,7,NULL,'1401','2022-09-24 00:00:00',NULL,NULL,NULL),(7982,2,8,NULL,'1401','2022-09-24 00:00:00',NULL,NULL,NULL),(7983,2,9,NULL,'1401','2022-09-24 00:00:00',NULL,NULL,NULL),(7984,2,10,NULL,'1401','2022-09-24 00:00:00',NULL,NULL,NULL);

/*Table structure for table `date_info` */

DROP TABLE IF EXISTS `date_info`;

CREATE TABLE `date_info` (
  `date_id` int(11) NOT NULL,
  `week_id` int(11) DEFAULT NULL,
  `week_day` int(11) DEFAULT NULL,
  `day` int(11) DEFAULT NULL,
  `month` int(11) DEFAULT NULL,
  `quarter` int(11) DEFAULT NULL,
  `year` int(11) DEFAULT NULL,
  `is_workday` int(11) DEFAULT NULL,
  `holiday_id` int(11) DEFAULT NULL,
  PRIMARY KEY (`date_id`)
) ENGINE=InnoDB DEFAULT CHARSET=utf8;

/*Data for the table `date_info` */

insert  into `date_info`(`date_id`,`week_id`,`week_day`,`day`,`month`,`quarter`,`year`,`is_workday`,`holiday_id`) values (20190101,1,3,1,1,1,2019,0,1),(20190102,1,4,2,1,1,2019,0,0),(20190103,1,5,3,1,1,2019,0,0),(20190104,1,6,4,1,1,2019,1,0),(20190105,1,7,5,1,1,2019,1,0),(20190106,1,1,6,1,1,2019,0,0),(20190107,2,2,7,1,1,2019,0,0),(20190108,2,3,8,1,1,2019,0,0),(20190109,2,4,9,1,1,2019,0,0),(20190110,2,5,10,1,1,2019,0,0),(20190111,2,6,11,1,1,2019,1,0),(20190112,2,7,12,1,1,2019,1,0),(20190113,2,1,13,1,1,2019,0,0),(20190114,3,2,14,1,1,2019,0,0),(20190115,3,3,15,1,1,2019,0,0),(20190116,3,4,16,1,1,2019,0,0),(20190117,3,5,17,1,1,2019,0,0),(20190118,3,6,18,1,1,2019,1,0),(20190119,3,7,19,1,1,2019,1,0),(20190120,3,1,20,1,1,2019,0,0),(20190121,4,2,21,1,1,2019,0,0),(20190122,4,3,22,1,1,2019,0,0),(20190123,4,4,23,1,1,2019,0,0),(20190124,4,5,24,1,1,2019,0,0),(20190125,4,6,25,1,1,2019,1,0),(20190126,4,7,26,1,1,2019,1,0),(20190127,4,1,27,1,1,2019,0,0),(20190128,5,2,28,1,1,2019,0,0),(20190129,5,3,29,1,1,2019,0,0),(20190130,5,4,30,1,1,2019,0,0),(20190131,5,5,31,1,1,2019,0,0),(20190201,5,6,1,2,1,2019,1,0),(20190202,5,7,2,2,1,2019,1,0),(20190203,5,1,3,2,1,2019,0,0),(20190204,6,2,4,2,1,2019,0,2),(20190205,6,3,5,2,1,2019,0,2),(20190206,6,4,6,2,1,2019,0,2),(20190207,6,5,7,2,1,2019,0,2),(20190208,6,6,8,2,1,2019,1,2),(20190209,6,7,9,2,1,2019,1,2),(20190210,6,1,10,2,1,2019,0,2),(20190211,7,2,11,2,1,2019,0,0),(20190212,7,3,12,2,1,2019,0,0),(20190213,7,4,13,2,1,2019,0,0),(20190214,7,5,14,2,1,2019,0,0),(20190215,7,6,15,2,1,2019,1,0),(20190216,7,7,16,2,1,2019,1,0),(20190217,7,1,17,2,1,2019,0,0),(20190218,8,2,18,2,1,2019,0,0),(20190219,8,3,19,2,1,2019,0,0),(20190220,8,4,20,2,1,2019,0,0),(20190221,8,5,21,2,1,2019,0,0),(20190222,8,6,22,2,1,2019,1,0),(20190223,8,7,23,2,1,2019,1,0),(20190224,8,1,24,2,1,2019,0,0),(20190225,9,2,25,2,1,2019,0,0),(20190226,9,3,26,2,1,2019,0,0),(20190227,9,4,27,2,1,2019,0,0),(20190228,9,5,28,2,1,2019,0,0),(20190301,9,6,1,3,1,2019,1,0),(20190302,9,7,2,3,1,2019,1,0),(20190303,9,1,3,3,1,2019,0,0),(20190304,10,2,4,3,1,2019,0,0),(20190305,10,3,5,3,1,2019,0,0),(20190306,10,4,6,3,1,2019,0,0),(20190307,10,5,7,3,1,2019,0,0),(20190308,10,6,8,3,1,2019,1,0),(20190309,10,7,9,3,1,2019,1,0),(20190310,10,1,10,3,1,2019,0,0),(20190311,11,2,11,3,1,2019,0,0),(20190312,11,3,12,3,1,2019,0,0),(20190313,11,4,13,3,1,2019,0,0),(20190314,11,5,14,3,1,2019,0,0),(20190315,11,6,15,3,1,2019,1,0),(20190316,11,7,16,3,1,2019,1,0),(20190317,11,1,17,3,1,2019,0,0),(20190318,12,2,18,3,1,2019,0,0),(20190319,12,3,19,3,1,2019,0,0),(20190320,12,4,20,3,1,2019,0,0),(20190321,12,5,21,3,1,2019,0,0),(20190322,12,6,22,3,1,2019,1,0),(20190323,12,7,23,3,1,2019,1,0),(20190324,12,1,24,3,1,2019,0,0),(20190325,13,2,25,3,1,2019,0,0),(20190326,13,3,26,3,1,2019,0,0),(20190327,13,4,27,3,1,2019,0,0),(20190328,13,5,28,3,1,2019,0,0),(20190329,13,6,29,3,1,2019,1,0),(20190330,13,7,30,3,1,2019,1,0),(20190331,13,1,31,3,1,2019,0,0),(20190401,14,2,1,4,2,2019,0,0),(20190402,14,3,2,4,2,2019,0,0),(20190403,14,4,3,4,2,2019,0,0),(20190404,14,5,4,4,2,2019,0,0),(20190405,14,6,5,4,2,2019,1,3),(20190406,14,7,6,4,2,2019,1,3),(20190407,14,1,7,4,2,2019,0,3),(20190408,15,2,8,4,2,2019,0,0),(20190409,15,3,9,4,2,2019,0,0),(20190410,15,4,10,4,2,2019,0,0),(20190411,15,5,11,4,2,2019,0,0),(20190412,15,6,12,4,2,2019,1,0),(20190413,15,7,13,4,2,2019,1,0),(20190414,15,1,14,4,2,2019,0,0),(20190415,16,2,15,4,2,2019,0,0),(20190416,16,3,16,4,2,2019,0,0),(20190417,16,4,17,4,2,2019,0,0),(20190418,16,5,18,4,2,2019,0,0),(20190419,16,6,19,4,2,2019,1,0),(20190420,16,7,20,4,2,2019,1,0),(20190421,16,1,21,4,2,2019,0,0),(20190422,17,2,22,4,2,2019,0,0),(20190423,17,3,23,4,2,2019,0,0),(20190424,17,4,24,4,2,2019,0,0),(20190425,17,5,25,4,2,2019,0,0),(20190426,17,6,26,4,2,2019,1,0),(20190427,17,7,27,4,2,2019,1,0),(20190428,17,1,28,4,2,2019,0,0),(20190429,18,2,29,4,2,2019,0,4),(20190430,18,3,30,4,2,2019,0,4),(20190501,18,4,1,5,2,2019,0,4),(20190502,18,5,2,5,2,2019,0,0),(20190503,18,6,3,5,2,2019,1,0),(20190504,18,7,4,5,2,2019,1,0),(20190505,18,1,5,5,2,2019,0,0),(20190506,19,2,6,5,2,2019,0,0),(20190507,19,3,7,5,2,2019,0,0),(20190508,19,4,8,5,2,2019,0,0),(20190509,19,5,9,5,2,2019,0,0),(20190510,19,6,10,5,2,2019,1,0),(20190511,19,7,11,5,2,2019,1,0),(20190512,19,1,12,5,2,2019,0,0),(20190513,20,2,13,5,2,2019,0,0),(20190514,20,3,14,5,2,2019,0,0),(20190515,20,4,15,5,2,2019,0,0),(20190516,20,5,16,5,2,2019,0,0),(20190517,20,6,17,5,2,2019,1,0),(20190518,20,7,18,5,2,2019,1,0),(20190519,20,1,19,5,2,2019,0,0),(20190520,21,2,20,5,2,2019,0,0),(20190521,21,3,21,5,2,2019,0,0),(20190522,21,4,22,5,2,2019,0,0),(20190523,21,5,23,5,2,2019,0,0),(20190524,21,6,24,5,2,2019,1,0),(20190525,21,7,25,5,2,2019,1,0),(20190526,21,1,26,5,2,2019,0,0),(20190527,22,2,27,5,2,2019,0,0),(20190528,22,3,28,5,2,2019,0,0),(20190529,22,4,29,5,2,2019,0,0),(20190530,22,5,30,5,2,2019,0,0),(20190531,22,6,31,5,2,2019,1,0),(20190601,22,7,1,6,2,2019,1,0),(20190602,22,1,2,6,2,2019,0,0),(20190603,23,2,3,6,2,2019,0,0),(20190604,23,3,4,6,2,2019,0,0),(20190605,23,4,5,6,2,2019,0,0),(20190606,23,5,6,6,2,2019,0,0),(20190607,23,6,7,6,2,2019,1,5),(20190608,23,7,8,6,2,2019,1,5),(20190609,23,1,9,6,2,2019,0,5),(20190610,24,2,10,6,2,2019,0,0),(20190611,24,3,11,6,2,2019,0,0),(20190612,24,4,12,6,2,2019,0,0),(20190613,24,5,13,6,2,2019,0,0),(20190614,24,6,14,6,2,2019,1,0),(20190615,24,7,15,6,2,2019,1,0),(20190616,24,1,16,6,2,2019,0,0),(20190617,25,2,17,6,2,2019,0,0),(20190618,25,3,18,6,2,2019,0,0),(20190619,25,4,19,6,2,2019,0,0),(20190620,25,5,20,6,2,2019,0,0),(20190621,25,6,21,6,2,2019,1,0),(20190622,25,7,22,6,2,2019,1,0),(20190623,25,1,23,6,2,2019,0,0),(20190624,26,2,24,6,2,2019,0,0),(20190625,26,3,25,6,2,2019,0,0),(20190626,26,4,26,6,2,2019,0,0),(20190627,26,5,27,6,2,2019,0,0),(20190628,26,6,28,6,2,2019,1,0),(20190629,26,7,29,6,2,2019,1,0),(20190630,26,1,30,6,2,2019,0,0),(20190701,27,2,1,7,3,2019,0,0),(20190702,27,3,2,7,3,2019,0,0),(20190703,27,4,3,7,3,2019,0,0),(20190704,27,5,4,7,3,2019,0,0),(20190705,27,6,5,7,3,2019,1,0),(20190706,27,7,6,7,3,2019,1,0),(20190707,27,1,7,7,3,2019,0,0),(20190708,28,2,8,7,3,2019,0,0),(20190709,28,3,9,7,3,2019,0,0),(20190710,28,4,10,7,3,2019,0,0),(20190711,28,5,11,7,3,2019,0,0),(20190712,28,6,12,7,3,2019,1,0),(20190713,28,7,13,7,3,2019,1,0),(20190714,28,1,14,7,3,2019,0,0),(20190715,29,2,15,7,3,2019,0,0),(20190716,29,3,16,7,3,2019,0,0),(20190717,29,4,17,7,3,2019,0,0),(20190718,29,5,18,7,3,2019,0,0),(20190719,29,6,19,7,3,2019,1,0),(20190720,29,7,20,7,3,2019,1,0),(20190721,29,1,21,7,3,2019,0,0),(20190722,30,2,22,7,3,2019,0,0),(20190723,30,3,23,7,3,2019,0,0),(20190724,30,4,24,7,3,2019,0,0),(20190725,30,5,25,7,3,2019,0,0),(20190726,30,6,26,7,3,2019,1,0),(20190727,30,7,27,7,3,2019,1,0),(20190728,30,1,28,7,3,2019,0,0),(20190729,31,2,29,7,3,2019,0,0),(20190730,31,3,30,7,3,2019,0,0),(20190731,31,4,31,7,3,2019,0,0),(20190801,31,5,1,8,3,2019,0,0),(20190802,31,6,2,8,3,2019,1,0),(20190803,31,7,3,8,3,2019,1,0),(20190804,31,1,4,8,3,2019,0,0),(20190805,32,2,5,8,3,2019,0,0),(20190806,32,3,6,8,3,2019,0,0),(20190807,32,4,7,8,3,2019,0,0),(20190808,32,5,8,8,3,2019,0,0),(20190809,32,6,9,8,3,2019,1,0),(20190810,32,7,10,8,3,2019,1,0),(20190811,32,1,11,8,3,2019,0,0),(20190812,33,2,12,8,3,2019,0,0),(20190813,33,3,13,8,3,2019,0,0),(20190814,33,4,14,8,3,2019,0,0),(20190815,33,5,15,8,3,2019,0,0),(20190816,33,6,16,8,3,2019,1,0),(20190817,33,7,17,8,3,2019,1,0),(20190818,33,1,18,8,3,2019,0,0),(20190819,34,2,19,8,3,2019,0,0),(20190820,34,3,20,8,3,2019,0,0),(20190821,34,4,21,8,3,2019,0,0),(20190822,34,5,22,8,3,2019,0,0),(20190823,34,6,23,8,3,2019,1,0),(20190824,34,7,24,8,3,2019,1,0),(20190825,34,1,25,8,3,2019,0,0),(20190826,35,2,26,8,3,2019,0,0),(20190827,35,3,27,8,3,2019,0,0),(20190828,35,4,28,8,3,2019,0,0),(20190829,35,5,29,8,3,2019,0,0),(20190830,35,6,30,8,3,2019,1,0),(20190831,35,7,31,8,3,2019,1,0),(20190901,35,1,1,9,3,2019,0,0),(20190902,36,2,2,9,3,2019,0,0),(20190903,36,3,3,9,3,2019,0,0),(20190904,36,4,4,9,3,2019,0,0),(20190905,36,5,5,9,3,2019,0,0),(20190906,36,6,6,9,3,2019,1,0),(20190907,36,7,7,9,3,2019,1,0),(20190908,36,1,8,9,3,2019,0,0),(20190909,37,2,9,9,3,2019,0,0),(20190910,37,3,10,9,3,2019,0,0),(20190911,37,4,11,9,3,2019,0,0),(20190912,37,5,12,9,3,2019,0,0),(20190913,37,6,13,9,3,2019,1,6),(20190914,37,7,14,9,3,2019,1,6),(20190915,37,1,15,9,3,2019,0,6),(20190916,38,2,16,9,3,2019,0,0),(20190917,38,3,17,9,3,2019,0,0),(20190918,38,4,18,9,3,2019,0,0),(20190919,38,5,19,9,3,2019,0,0),(20190920,38,6,20,9,3,2019,1,0),(20190921,38,7,21,9,3,2019,1,0),(20190922,38,1,22,9,3,2019,0,0),(20190923,39,2,23,9,3,2019,0,0),(20190924,39,3,24,9,3,2019,0,0),(20190925,39,4,25,9,3,2019,0,0),(20190926,39,5,26,9,3,2019,0,0),(20190927,39,6,27,9,3,2019,1,0),(20190928,39,7,28,9,3,2019,1,0),(20190929,39,1,29,9,3,2019,0,0),(20190930,40,2,30,9,3,2019,0,0),(20191001,40,3,1,10,4,2019,0,7),(20191002,40,4,2,10,4,2019,0,7),(20191003,40,5,3,10,4,2019,0,7),(20191004,40,6,4,10,4,2019,1,7),(20191005,40,7,5,10,4,2019,1,7),(20191006,40,1,6,10,4,2019,0,7),(20191007,41,2,7,10,4,2019,0,7),(20191008,41,3,8,10,4,2019,0,0),(20191009,41,4,9,10,4,2019,0,0),(20191010,41,5,10,10,4,2019,0,0),(20191011,41,6,11,10,4,2019,1,0),(20191012,41,7,12,10,4,2019,1,0),(20191013,41,1,13,10,4,2019,0,0),(20191014,42,2,14,10,4,2019,0,0),(20191015,42,3,15,10,4,2019,0,0),(20191016,42,4,16,10,4,2019,0,0),(20191017,42,5,17,10,4,2019,0,0),(20191018,42,6,18,10,4,2019,1,0),(20191019,42,7,19,10,4,2019,1,0),(20191020,42,1,20,10,4,2019,0,0),(20191021,43,2,21,10,4,2019,0,0),(20191022,43,3,22,10,4,2019,0,0),(20191023,43,4,23,10,4,2019,0,0),(20191024,43,5,24,10,4,2019,0,0),(20191025,43,6,25,10,4,2019,1,0),(20191026,43,7,26,10,4,2019,1,0),(20191027,43,1,27,10,4,2019,0,0),(20191028,44,2,28,10,4,2019,0,0),(20191029,44,3,29,10,4,2019,0,0),(20191030,44,4,30,10,4,2019,0,0),(20191031,44,5,31,10,4,2019,0,0),(20191101,44,6,1,11,4,2019,1,0),(20191102,44,7,2,11,4,2019,1,0),(20191103,44,1,3,11,4,2019,0,0),(20191104,45,2,4,11,4,2019,0,0),(20191105,45,3,5,11,4,2019,0,0),(20191106,45,4,6,11,4,2019,0,0),(20191107,45,5,7,11,4,2019,0,0),(20191108,45,6,8,11,4,2019,1,0),(20191109,45,7,9,11,4,2019,1,0),(20191110,45,1,10,11,4,2019,0,0),(20191111,46,2,11,11,4,2019,0,0),(20191112,46,3,12,11,4,2019,0,0),(20191113,46,4,13,11,4,2019,0,0),(20191114,46,5,14,11,4,2019,0,0),(20191115,46,6,15,11,4,2019,1,0),(20191116,46,7,16,11,4,2019,1,0),(20191117,46,1,17,11,4,2019,0,0),(20191118,47,2,18,11,4,2019,0,0),(20191119,47,3,19,11,4,2019,0,0),(20191120,47,4,20,11,4,2019,0,0),(20191121,47,5,21,11,4,2019,0,0),(20191122,47,6,22,11,4,2019,1,0),(20191123,47,7,23,11,4,2019,1,0),(20191124,47,1,24,11,4,2019,0,0),(20191125,48,2,25,11,4,2019,0,0),(20191126,48,3,26,11,4,2019,0,0),(20191127,48,4,27,11,4,2019,0,0),(20191128,48,5,28,11,4,2019,0,0),(20191129,48,6,29,11,4,2019,1,0),(20191130,48,7,30,11,4,2019,1,0),(20191201,48,1,1,12,4,2019,0,0),(20191202,49,2,2,12,4,2019,0,0),(20191203,49,3,3,12,4,2019,0,0),(20191204,49,4,4,12,4,2019,0,0),(20191205,49,5,5,12,4,2019,0,0),(20191206,49,6,6,12,4,2019,1,0),(20191207,49,7,7,12,4,2019,1,0),(20191208,49,1,8,12,4,2019,0,0),(20191209,50,2,9,12,4,2019,0,0),(20191210,50,3,10,12,4,2019,0,0),(20191211,50,4,11,12,4,2019,0,0),(20191212,50,5,12,12,4,2019,0,0),(20191213,50,6,13,12,4,2019,1,0),(20191214,50,7,14,12,4,2019,1,0),(20191215,50,1,15,12,4,2019,0,0),(20191216,51,2,16,12,4,2019,0,0),(20191217,51,3,17,12,4,2019,0,0),(20191218,51,4,18,12,4,2019,0,0),(20191219,51,5,19,12,4,2019,0,0),(20191220,51,6,20,12,4,2019,1,0),(20191221,51,7,21,12,4,2019,1,0),(20191222,51,1,22,12,4,2019,0,0),(20191223,52,2,23,12,4,2019,0,0),(20191224,52,3,24,12,4,2019,0,0),(20191225,52,4,25,12,4,2019,0,0),(20191226,52,5,26,12,4,2019,0,0),(20191227,52,6,27,12,4,2019,1,0),(20191228,52,7,28,12,4,2019,1,0),(20191229,52,1,29,12,4,2019,0,0),(20191230,1,2,30,12,4,2019,0,0),(20191231,1,3,31,12,4,2019,0,0),(20200101,1,4,1,1,1,2020,0,0),(20200102,1,5,2,1,1,2020,0,0),(20200103,1,6,3,1,1,2020,1,0),(20200104,1,7,4,1,1,2020,1,0),(20200105,1,1,5,1,1,2020,0,0),(20200106,2,2,6,1,1,2020,0,0),(20200107,2,3,7,1,1,2020,0,0),(20200108,2,4,8,1,1,2020,0,0),(20200109,2,5,9,1,1,2020,0,0),(20200110,2,6,10,1,1,2020,1,0),(20200111,2,7,11,1,1,2020,1,0),(20200112,2,1,12,1,1,2020,0,0),(20200113,3,2,13,1,1,2020,0,0),(20200114,3,3,14,1,1,2020,0,0),(20200115,3,4,15,1,1,2020,0,0),(20200116,3,5,16,1,1,2020,0,0),(20200117,3,6,17,1,1,2020,1,0),(20200118,3,7,18,1,1,2020,1,0),(20200119,3,1,19,1,1,2020,0,0),(20200120,4,2,20,1,1,2020,0,0),(20200121,4,3,21,1,1,2020,0,0),(20200122,4,4,22,1,1,2020,0,0),(20200123,4,5,23,1,1,2020,0,0),(20200124,4,6,24,1,1,2020,1,0),(20200125,4,7,25,1,1,2020,1,0),(20200126,4,1,26,1,1,2020,0,0),(20200127,5,2,27,1,1,2020,0,0),(20200128,5,3,28,1,1,2020,0,0),(20200129,5,4,29,1,1,2020,0,0),(20200130,5,5,30,1,1,2020,0,0),(20200131,5,6,31,1,1,2020,1,0),(20200201,5,7,1,2,1,2020,1,0),(20200202,5,1,2,2,1,2020,0,0),(20200203,6,2,3,2,1,2020,0,0),(20200204,6,3,4,2,1,2020,0,0),(20200205,6,4,5,2,1,2020,0,0),(20200206,6,5,6,2,1,2020,0,0),(20200207,6,6,7,2,1,2020,1,0),(20200208,6,7,8,2,1,2020,1,0),(20200209,6,1,9,2,1,2020,0,0),(20200210,7,2,10,2,1,2020,0,0),(20200211,7,3,11,2,1,2020,0,0),(20200212,7,4,12,2,1,2020,0,0),(20200213,7,5,13,2,1,2020,0,0),(20200214,7,6,14,2,1,2020,1,0),(20200215,7,7,15,2,1,2020,1,0),(20200216,7,1,16,2,1,2020,0,0),(20200217,8,2,17,2,1,2020,0,0),(20200218,8,3,18,2,1,2020,0,0),(20200219,8,4,19,2,1,2020,0,0),(20200220,8,5,20,2,1,2020,0,0),(20200221,8,6,21,2,1,2020,1,0),(20200222,8,7,22,2,1,2020,1,0),(20200223,8,1,23,2,1,2020,0,0),(20200224,9,2,24,2,1,2020,0,0),(20200225,9,3,25,2,1,2020,0,0),(20200226,9,4,26,2,1,2020,0,0),(20200227,9,5,27,2,1,2020,0,0),(20200228,9,6,28,2,1,2020,1,0),(20200229,9,7,29,2,1,2020,1,0),(20200301,9,1,1,3,1,2020,0,0),(20200302,10,2,2,3,1,2020,0,0),(20200303,10,3,3,3,1,2020,0,0),(20200304,10,4,4,3,1,2020,0,0),(20200305,10,5,5,3,1,2020,0,0),(20200306,10,6,6,3,1,2020,1,0),(20200307,10,7,7,3,1,2020,1,0),(20200308,10,1,8,3,1,2020,0,0),(20200309,11,2,9,3,1,2020,0,0),(20200310,11,3,10,3,1,2020,0,0),(20200311,11,4,11,3,1,2020,0,0),(20200312,11,5,12,3,1,2020,0,0),(20200313,11,6,13,3,1,2020,1,0),(20200314,11,7,14,3,1,2020,1,0),(20200315,11,1,15,3,1,2020,0,0),(20200316,12,2,16,3,1,2020,0,0),(20200317,12,3,17,3,1,2020,0,0),(20200318,12,4,18,3,1,2020,0,0),(20200319,12,5,19,3,1,2020,0,0),(20200320,12,6,20,3,1,2020,1,0),(20200321,12,7,21,3,1,2020,1,0),(20200322,12,1,22,3,1,2020,0,0),(20200323,13,2,23,3,1,2020,0,0),(20200324,13,3,24,3,1,2020,0,0),(20200325,13,4,25,3,1,2020,0,0),(20200326,13,5,26,3,1,2020,0,0),(20200327,13,6,27,3,1,2020,1,0),(20200328,13,7,28,3,1,2020,1,0),(20200329,13,1,29,3,1,2020,0,0),(20200330,14,2,30,3,1,2020,0,0),(20200331,14,3,31,3,1,2020,0,0),(20200401,14,4,1,4,2,2020,0,0),(20200402,14,5,2,4,2,2020,0,0),(20200403,14,6,3,4,2,2020,1,0),(20200404,14,7,4,4,2,2020,1,0),(20200405,14,1,5,4,2,2020,0,0),(20200406,15,2,6,4,2,2020,0,0),(20200407,15,3,7,4,2,2020,0,0),(20200408,15,4,8,4,2,2020,0,0),(20200409,15,5,9,4,2,2020,0,0),(20200410,15,6,10,4,2,2020,1,0),(20200411,15,7,11,4,2,2020,1,0),(20200412,15,1,12,4,2,2020,0,0),(20200413,16,2,13,4,2,2020,0,0),(20200414,16,3,14,4,2,2020,0,0),(20200415,16,4,15,4,2,2020,0,0),(20200416,16,5,16,4,2,2020,0,0),(20200417,16,6,17,4,2,2020,1,0),(20200418,16,7,18,4,2,2020,1,0),(20200419,16,1,19,4,2,2020,0,0),(20200420,17,2,20,4,2,2020,0,0),(20200421,17,3,21,4,2,2020,0,0),(20200422,17,4,22,4,2,2020,0,0),(20200423,17,5,23,4,2,2020,0,0),(20200424,17,6,24,4,2,2020,1,0),(20200425,17,7,25,4,2,2020,1,0),(20200426,17,1,26,4,2,2020,0,0),(20200427,18,2,27,4,2,2020,0,0),(20200428,18,3,28,4,2,2020,0,0),(20200429,18,4,29,4,2,2020,0,0),(20200430,18,5,30,4,2,2020,0,0),(20200501,18,6,1,5,2,2020,1,0),(20200502,18,7,2,5,2,2020,1,0),(20200503,18,1,3,5,2,2020,0,0),(20200504,19,2,4,5,2,2020,0,0),(20200505,19,3,5,5,2,2020,0,0),(20200506,19,4,6,5,2,2020,0,0),(20200507,19,5,7,5,2,2020,0,0),(20200508,19,6,8,5,2,2020,1,0),(20200509,19,7,9,5,2,2020,1,0),(20200510,19,1,10,5,2,2020,0,0),(20200511,20,2,11,5,2,2020,0,0),(20200512,20,3,12,5,2,2020,0,0),(20200513,20,4,13,5,2,2020,0,0),(20200514,20,5,14,5,2,2020,0,0),(20200515,20,6,15,5,2,2020,1,0),(20200516,20,7,16,5,2,2020,1,0),(20200517,20,1,17,5,2,2020,0,0),(20200518,21,2,18,5,2,2020,0,0),(20200519,21,3,19,5,2,2020,0,0),(20200520,21,4,20,5,2,2020,0,0),(20200521,21,5,21,5,2,2020,0,0),(20200522,21,6,22,5,2,2020,1,0),(20200523,21,7,23,5,2,2020,1,0),(20200524,21,1,24,5,2,2020,0,0),(20200525,22,2,25,5,2,2020,0,0),(20200526,22,3,26,5,2,2020,0,0),(20200527,22,4,27,5,2,2020,0,0),(20200528,22,5,28,5,2,2020,0,0),(20200529,22,6,29,5,2,2020,1,0),(20200530,22,7,30,5,2,2020,1,0),(20200531,22,1,31,5,2,2020,0,0),(20200601,23,2,1,6,2,2020,0,0),(20200602,23,3,2,6,2,2020,0,0),(20200603,23,4,3,6,2,2020,0,0),(20200604,23,5,4,6,2,2020,0,0),(20200605,23,6,5,6,2,2020,1,0),(20200606,23,7,6,6,2,2020,1,0),(20200607,23,1,7,6,2,2020,0,0),(20200608,24,2,8,6,2,2020,0,0),(20200609,24,3,9,6,2,2020,0,0),(20200610,24,4,10,6,2,2020,0,0),(20200611,24,5,11,6,2,2020,0,0),(20200612,24,6,12,6,2,2020,1,0),(20200613,24,7,13,6,2,2020,1,0),(20200614,24,1,14,6,2,2020,0,0),(20200615,25,2,15,6,2,2020,0,0),(20200616,25,3,16,6,2,2020,0,0),(20200617,25,4,17,6,2,2020,0,0),(20200618,25,5,18,6,2,2020,0,0),(20200619,25,6,19,6,2,2020,1,0),(20200620,25,7,20,6,2,2020,1,0),(20200621,25,1,21,6,2,2020,0,0),(20200622,26,2,22,6,2,2020,0,0),(20200623,26,3,23,6,2,2020,0,0),(20200624,26,4,24,6,2,2020,0,0),(20200625,26,5,25,6,2,2020,0,0),(20200626,26,6,26,6,2,2020,1,0),(20200627,26,7,27,6,2,2020,1,0),(20200628,26,1,28,6,2,2020,0,0),(20200629,27,2,29,6,2,2020,0,0),(20200630,27,3,30,6,2,2020,0,0),(20200701,27,4,1,7,3,2020,0,0),(20200702,27,5,2,7,3,2020,0,0),(20200703,27,6,3,7,3,2020,1,0),(20200704,27,7,4,7,3,2020,1,0),(20200705,27,1,5,7,3,2020,0,0),(20200706,28,2,6,7,3,2020,0,0),(20200707,28,3,7,7,3,2020,0,0),(20200708,28,4,8,7,3,2020,0,0),(20200709,28,5,9,7,3,2020,0,0),(20200710,28,6,10,7,3,2020,1,0),(20200711,28,7,11,7,3,2020,1,0),(20200712,28,1,12,7,3,2020,0,0),(20200713,29,2,13,7,3,2020,0,0),(20200714,29,3,14,7,3,2020,0,0),(20200715,29,4,15,7,3,2020,0,0),(20200716,29,5,16,7,3,2020,0,0),(20200717,29,6,17,7,3,2020,1,0),(20200718,29,7,18,7,3,2020,1,0),(20200719,29,1,19,7,3,2020,0,0),(20200720,30,2,20,7,3,2020,0,0),(20200721,30,3,21,7,3,2020,0,0),(20200722,30,4,22,7,3,2020,0,0),(20200723,30,5,23,7,3,2020,0,0),(20200724,30,6,24,7,3,2020,1,0),(20200725,30,7,25,7,3,2020,1,0),(20200726,30,1,26,7,3,2020,0,0),(20200727,31,2,27,7,3,2020,0,0),(20200728,31,3,28,7,3,2020,0,0),(20200729,31,4,29,7,3,2020,0,0),(20200730,31,5,30,7,3,2020,0,0),(20200731,31,6,31,7,3,2020,1,0),(20200801,31,7,1,8,3,2020,1,0),(20200802,31,1,2,8,3,2020,0,0),(20200803,32,2,3,8,3,2020,0,0),(20200804,32,3,4,8,3,2020,0,0),(20200805,32,4,5,8,3,2020,0,0),(20200806,32,5,6,8,3,2020,0,0),(20200807,32,6,7,8,3,2020,1,0),(20200808,32,7,8,8,3,2020,1,0),(20200809,32,1,9,8,3,2020,0,0),(20200810,33,2,10,8,3,2020,0,0),(20200811,33,3,11,8,3,2020,0,0),(20200812,33,4,12,8,3,2020,0,0),(20200813,33,5,13,8,3,2020,0,0),(20200814,33,6,14,8,3,2020,1,0),(20200815,33,7,15,8,3,2020,1,0),(20200816,33,1,16,8,3,2020,0,0),(20200817,34,2,17,8,3,2020,0,0),(20200818,34,3,18,8,3,2020,0,0),(20200819,34,4,19,8,3,2020,0,0),(20200820,34,5,20,8,3,2020,0,0),(20200821,34,6,21,8,3,2020,1,0),(20200822,34,7,22,8,3,2020,1,0),(20200823,34,1,23,8,3,2020,0,0),(20200824,35,2,24,8,3,2020,0,0),(20200825,35,3,25,8,3,2020,0,0),(20200826,35,4,26,8,3,2020,0,0),(20200827,35,5,27,8,3,2020,0,0),(20200828,35,6,28,8,3,2020,1,0),(20200829,35,7,29,8,3,2020,1,0),(20200830,35,1,30,8,3,2020,0,0),(20200831,36,2,31,8,3,2020,0,0),(20200901,36,3,1,9,3,2020,0,0),(20200902,36,4,2,9,3,2020,0,0),(20200903,36,5,3,9,3,2020,0,0),(20200904,36,6,4,9,3,2020,1,0),(20200905,36,7,5,9,3,2020,1,0),(20200906,36,1,6,9,3,2020,0,0),(20200907,37,2,7,9,3,2020,0,0),(20200908,37,3,8,9,3,2020,0,0),(20200909,37,4,9,9,3,2020,0,0),(20200910,37,5,10,9,3,2020,0,0),(20200911,37,6,11,9,3,2020,1,0),(20200912,37,7,12,9,3,2020,1,0),(20200913,37,1,13,9,3,2020,0,0),(20200914,38,2,14,9,3,2020,0,0),(20200915,38,3,15,9,3,2020,0,0),(20200916,38,4,16,9,3,2020,0,0),(20200917,38,5,17,9,3,2020,0,0),(20200918,38,6,18,9,3,2020,1,0),(20200919,38,7,19,9,3,2020,1,0),(20200920,38,1,20,9,3,2020,0,0),(20200921,39,2,21,9,3,2020,0,0),(20200922,39,3,22,9,3,2020,0,0),(20200923,39,4,23,9,3,2020,0,0),(20200924,39,5,24,9,3,2020,0,0),(20200925,39,6,25,9,3,2020,1,0),(20200926,39,7,26,9,3,2020,1,0),(20200927,39,1,27,9,3,2020,0,0),(20200928,40,2,28,9,3,2020,0,0),(20200929,40,3,29,9,3,2020,0,0),(20200930,40,4,30,9,3,2020,0,0),(20201001,40,5,1,10,4,2020,0,0),(20201002,40,6,2,10,4,2020,1,0),(20201003,40,7,3,10,4,2020,1,0),(20201004,40,1,4,10,4,2020,0,0),(20201005,41,2,5,10,4,2020,0,0),(20201006,41,3,6,10,4,2020,0,0),(20201007,41,4,7,10,4,2020,0,0),(20201008,41,5,8,10,4,2020,0,0),(20201009,41,6,9,10,4,2020,1,0),(20201010,41,7,10,10,4,2020,1,0),(20201011,41,1,11,10,4,2020,0,0),(20201012,42,2,12,10,4,2020,0,0),(20201013,42,3,13,10,4,2020,0,0),(20201014,42,4,14,10,4,2020,0,0),(20201015,42,5,15,10,4,2020,0,0),(20201016,42,6,16,10,4,2020,1,0),(20201017,42,7,17,10,4,2020,1,0),(20201018,42,1,18,10,4,2020,0,0),(20201019,43,2,19,10,4,2020,0,0),(20201020,43,3,20,10,4,2020,0,0),(20201021,43,4,21,10,4,2020,0,0),(20201022,43,5,22,10,4,2020,0,0),(20201023,43,6,23,10,4,2020,1,0),(20201024,43,7,24,10,4,2020,1,0),(20201025,43,1,25,10,4,2020,0,0),(20201026,44,2,26,10,4,2020,0,0),(20201027,44,3,27,10,4,2020,0,0),(20201028,44,4,28,10,4,2020,0,0),(20201029,44,5,29,10,4,2020,0,0),(20201030,44,6,30,10,4,2020,1,0),(20201031,44,7,31,10,4,2020,1,0),(20201101,44,1,1,11,4,2020,0,0),(20201102,45,2,2,11,4,2020,0,0),(20201103,45,3,3,11,4,2020,0,0),(20201104,45,4,4,11,4,2020,0,0),(20201105,45,5,5,11,4,2020,0,0),(20201106,45,6,6,11,4,2020,1,0),(20201107,45,7,7,11,4,2020,1,0),(20201108,45,1,8,11,4,2020,0,0),(20201109,46,2,9,11,4,2020,0,0),(20201110,46,3,10,11,4,2020,0,0),(20201111,46,4,11,11,4,2020,0,0),(20201112,46,5,12,11,4,2020,0,0),(20201113,46,6,13,11,4,2020,1,0),(20201114,46,7,14,11,4,2020,1,0),(20201115,46,1,15,11,4,2020,0,0),(20201116,47,2,16,11,4,2020,0,0),(20201117,47,3,17,11,4,2020,0,0),(20201118,47,4,18,11,4,2020,0,0),(20201119,47,5,19,11,4,2020,0,0),(20201120,47,6,20,11,4,2020,1,0),(20201121,47,7,21,11,4,2020,1,0),(20201122,47,1,22,11,4,2020,0,0),(20201123,48,2,23,11,4,2020,0,0),(20201124,48,3,24,11,4,2020,0,0),(20201125,48,4,25,11,4,2020,0,0),(20201126,48,5,26,11,4,2020,0,0),(20201127,48,6,27,11,4,2020,1,0),(20201128,48,7,28,11,4,2020,1,0),(20201129,48,1,29,11,4,2020,0,0),(20201130,49,2,30,11,4,2020,0,0),(20201201,49,3,1,12,4,2020,0,0),(20201202,49,4,2,12,4,2020,0,0),(20201203,49,5,3,12,4,2020,0,0),(20201204,49,6,4,12,4,2020,1,0),(20201205,49,7,5,12,4,2020,1,0),(20201206,49,1,6,12,4,2020,0,0),(20201207,50,2,7,12,4,2020,0,0),(20201208,50,3,8,12,4,2020,0,0),(20201209,50,4,9,12,4,2020,0,0),(20201210,50,5,10,12,4,2020,0,0),(20201211,50,6,11,12,4,2020,1,0),(20201212,50,7,12,12,4,2020,1,0),(20201213,50,1,13,12,4,2020,0,0),(20201214,51,2,14,12,4,2020,0,0),(20201215,51,3,15,12,4,2020,0,0),(20201216,51,4,16,12,4,2020,0,0),(20201217,51,5,17,12,4,2020,0,0),(20201218,51,6,18,12,4,2020,1,0),(20201219,51,7,19,12,4,2020,1,0),(20201220,51,1,20,12,4,2020,0,0),(20201221,52,2,21,12,4,2020,0,0),(20201222,52,3,22,12,4,2020,0,0),(20201223,52,4,23,12,4,2020,0,0),(20201224,52,5,24,12,4,2020,0,0),(20201225,52,6,25,12,4,2020,1,0),(20201226,52,7,26,12,4,2020,1,0),(20201227,52,1,27,12,4,2020,0,0),(20201228,53,2,28,12,4,2020,0,0),(20201229,53,3,29,12,4,2020,0,0),(20201230,53,4,30,12,4,2020,0,0),(20201231,53,5,31,12,4,2020,0,0);

/*Table structure for table `favor_info` */

DROP TABLE IF EXISTS `favor_info`;

CREATE TABLE `favor_info` (
  `id` bigint(20) NOT NULL AUTO_INCREMENT COMMENT '编号',
  `user_id` bigint(20) DEFAULT NULL COMMENT '用户名称',
  `sku_id` bigint(20) DEFAULT NULL COMMENT 'skuid',
  `spu_id` bigint(20) DEFAULT NULL COMMENT '商品id',
  `is_cancel` varchar(1) DEFAULT NULL COMMENT '是否已取消 0 正常 1 已取消',
  `create_time` datetime DEFAULT NULL COMMENT '创建时间',
  `cancel_time` datetime DEFAULT NULL COMMENT '修改时间',
  PRIMARY KEY (`id`)
) ENGINE=InnoDB AUTO_INCREMENT=1574751348442832922 DEFAULT CHARSET=utf8 COMMENT='商品收藏表';

/*Data for the table `favor_info` */

insert  into `favor_info`(`id`,`user_id`,`sku_id`,`spu_id`,`is_cancel`,`create_time`,`cancel_time`) values (1574750291893444610,27,8,NULL,'0','2022-09-20 00:00:00',NULL),(1574750291893444611,2,7,NULL,'0','2022-09-20 00:00:00',NULL),(1574750291893444612,43,8,NULL,'1','2022-09-20 00:00:00','2022-09-20 00:00:00'),(1574750291893444613,43,11,NULL,'0','2022-09-20 00:00:00',NULL),(1574750291893444614,15,8,NULL,'0','2022-09-20 00:00:00',NULL),(1574750291893444615,45,9,NULL,'1','2022-09-20 00:00:00','2022-09-20 00:00:00'),(1574750291893444616,18,5,NULL,'0','2022-09-20 00:00:00',NULL),(1574750291893444617,11,12,NULL,'0','2022-09-20 00:00:00',NULL),(1574750291935387650,16,1,NULL,'1','2022-09-20 00:00:00','2022-09-20 00:00:00'),(1574750291935387651,7,10,NULL,'0','2022-09-20 00:00:00',NULL),(1574750291935387652,3,2,NULL,'0','2022-09-20 00:00:00',NULL),(1574750291935387653,9,4,NULL,'0','2022-09-20 00:00:00',NULL),(1574750291935387654,30,13,NULL,'0','2022-09-20 00:00:00',NULL),(1574750291935387655,5,13,NULL,'0','2022-09-20 00:00:00',NULL),(1574750291935387656,12,11,NULL,'0','2022-09-20 00:00:00',NULL),(1574750291935387657,21,6,NULL,'0','2022-09-20 00:00:00',NULL),(1574750291935387658,38,8,NULL,'0','2022-09-20 00:00:00',NULL),(1574750291935387659,14,9,NULL,'0','2022-09-20 00:00:00',NULL),(1574750291935387660,25,12,NULL,'1','2022-09-20 00:00:00','2022-09-20 00:00:00'),(1574750291935387661,24,2,NULL,'0','2022-09-20 00:00:00',NULL),(1574750291935387662,11,12,NULL,'0','2022-09-20 00:00:00',NULL),(1574750291935387663,20,3,NULL,'0','2022-09-20 00:00:00',NULL),(1574750291935387664,43,1,NULL,'0','2022-09-20 00:00:00',NULL),(1574750291935387665,32,12,NULL,'0','2022-09-20 00:00:00',NULL),(1574750291935387666,6,8,NULL,'0','2022-09-20 00:00:00',NULL),(1574750291935387667,33,7,NULL,'0','2022-09-20 00:00:00',NULL),(1574750291935387668,34,7,NULL,'0','2022-09-20 00:00:00',NULL),(1574750291935387669,41,12,NULL,'0','2022-09-20 00:00:00',NULL),(1574750291935387670,33,5,NULL,'0','2022-09-20 00:00:00',NULL),(1574750291935387671,21,9,NULL,'0','2022-09-20 00:00:00',NULL),(1574750291935387672,29,10,NULL,'0','2022-09-20 00:00:00',NULL),(1574750291935387673,24,12,NULL,'0','2022-09-20 00:00:00',NULL),(1574750291935387674,12,10,NULL,'0','2022-09-20 00:00:00',NULL),(1574750291935387675,35,4,NULL,'0','2022-09-20 00:00:00',NULL),(1574750291977330689,35,4,NULL,'0','2022-09-20 00:00:00',NULL),(1574750291977330690,49,11,NULL,'0','2022-09-20 00:00:00',NULL),(1574750291977330691,48,12,NULL,'0','2022-09-20 00:00:00',NULL),(1574750291977330692,4,12,NULL,'0','2022-09-20 00:00:00',NULL),(1574750291977330693,30,3,NULL,'0','2022-09-20 00:00:00',NULL),(1574750291977330694,38,7,NULL,'0','2022-09-20 00:00:00',NULL),(1574750291977330695,30,7,NULL,'0','2022-09-20 00:00:00',NULL),(1574750291977330696,5,11,NULL,'0','2022-09-20 00:00:00',NULL),(1574750291977330697,40,12,NULL,'0','2022-09-20 00:00:00',NULL),(1574750291977330698,21,7,NULL,'0','2022-09-20 00:00:00',NULL),(1574750291977330699,37,5,NULL,'0','2022-09-20 00:00:00',NULL),(1574750291977330700,14,2,NULL,'0','2022-09-20 00:00:00',NULL),(1574750291977330701,32,3,NULL,'0','2022-09-20 00:00:00',NULL),(1574750291977330702,30,11,NULL,'0','2022-09-20 00:00:00',NULL),(1574750291977330703,29,3,NULL,'0','2022-09-20 00:00:00',NULL),(1574750291977330704,3,4,NULL,'0','2022-09-20 00:00:00',NULL),(1574750291977330705,3,10,NULL,'0','2022-09-20 00:00:00',NULL),(1574750291977330706,8,11,NULL,'0','2022-09-20 00:00:00',NULL),(1574750291977330707,13,13,NULL,'0','2022-09-20 00:00:00',NULL),(1574750291977330708,37,10,NULL,'0','2022-09-20 00:00:00',NULL),(1574750291977330709,23,1,NULL,'0','2022-09-20 00:00:00',NULL),(1574750291977330710,14,6,NULL,'0','2022-09-20 00:00:00',NULL),(1574750291977330711,14,8,NULL,'1','2022-09-20 00:00:00','2022-09-20 00:00:00'),(1574750291977330712,1,5,NULL,'0','2022-09-20 00:00:00',NULL),(1574750291977330713,6,5,NULL,'1','2022-09-20 00:00:00','2022-09-20 00:00:00'),(1574750291977330714,6,5,NULL,'0','2022-09-20 00:00:00',NULL),(1574750291977330715,29,11,NULL,'0','2022-09-20 00:00:00',NULL),(1574750291977330716,48,3,NULL,'0','2022-09-20 00:00:00',NULL),(1574750291977330717,15,6,NULL,'1','2022-09-20 00:00:00','2022-09-20 00:00:00'),(1574750291977330718,32,13,NULL,'0','2022-09-20 00:00:00',NULL),(1574750291977330719,41,12,NULL,'0','2022-09-20 00:00:00',NULL),(1574750291977330720,4,8,NULL,'1','2022-09-20 00:00:00','2022-09-20 00:00:00'),(1574750291977330721,4,4,NULL,'0','2022-09-20 00:00:00',NULL),(1574750291977330722,3,2,NULL,'0','2022-09-20 00:00:00',NULL),(1574750291977330723,45,9,NULL,'0','2022-09-20 00:00:00',NULL),(1574750291977330724,37,4,NULL,'0','2022-09-20 00:00:00',NULL),(1574750291977330725,16,13,NULL,'0','2022-09-20 00:00:00',NULL),(1574750291977330726,15,11,NULL,'0','2022-09-20 00:00:00',NULL),(1574750291977330727,23,2,NULL,'0','2022-09-20 00:00:00',NULL),(1574750291977330728,45,8,NULL,'0','2022-09-20 00:00:00',NULL),(1574750291977330729,30,3,NULL,'0','2022-09-20 00:00:00',NULL),(1574750291977330730,8,9,NULL,'0','2022-09-20 00:00:00',NULL),(1574750291977330731,38,7,NULL,'0','2022-09-20 00:00:00',NULL),(1574750291977330732,17,7,NULL,'0','2022-09-20 00:00:00',NULL),(1574750291977330733,47,4,NULL,'0','2022-09-20 00:00:00',NULL),(1574750291977330734,16,12,NULL,'0','2022-09-20 00:00:00',NULL),(1574750291977330735,17,3,NULL,'0','2022-09-20 00:00:00',NULL),(1574750292019273730,2,5,NULL,'0','2022-09-20 00:00:00',NULL),(1574750292019273731,20,12,NULL,'0','2022-09-20 00:00:00',NULL),(1574750292019273732,30,11,NULL,'0','2022-09-20 00:00:00',NULL),(1574750292019273733,50,11,NULL,'0','2022-09-20 00:00:00',NULL),(1574750292019273734,14,8,NULL,'0','2022-09-20 00:00:00',NULL),(1574750292019273735,7,7,NULL,'1','2022-09-20 00:00:00','2022-09-20 00:00:00'),(1574750292019273736,15,2,NULL,'0','2022-09-20 00:00:00',NULL),(1574750292019273737,14,1,NULL,'1','2022-09-20 00:00:00','2022-09-20 00:00:00'),(1574750292019273738,48,8,NULL,'0','2022-09-20 00:00:00',NULL),(1574750292019273739,36,13,NULL,'0','2022-09-20 00:00:00',NULL),(1574750292019273740,19,13,NULL,'1','2022-09-20 00:00:00','2022-09-20 00:00:00'),(1574750292019273741,49,3,NULL,'0','2022-09-20 00:00:00',NULL),(1574750292019273742,9,6,NULL,'0','2022-09-20 00:00:00',NULL),(1574750292019273743,21,12,NULL,'0','2022-09-20 00:00:00',NULL),(1574750292019273744,26,8,NULL,'0','2022-09-20 00:00:00',NULL),(1574750292019273745,42,11,NULL,'0','2022-09-20 00:00:00',NULL),(1574750292019273746,21,9,NULL,'0','2022-09-20 00:00:00',NULL),(1574750292019273747,41,1,NULL,'0','2022-09-20 00:00:00',NULL),(1574750292019273748,47,9,NULL,'0','2022-09-20 00:00:00',NULL),(1574750967662931970,28,11,NULL,'0','2022-09-21 00:00:00',NULL),(1574750967662931971,16,7,NULL,'0','2022-09-21 00:00:00',NULL),(1574750967662931972,36,2,NULL,'0','2022-09-21 00:00:00',NULL),(1574750967662931973,31,4,NULL,'0','2022-09-21 00:00:00',NULL),(1574750967662931974,27,4,NULL,'1','2022-09-21 00:00:00','2022-09-21 00:00:00'),(1574750967679709186,34,2,NULL,'0','2022-09-21 00:00:00',NULL),(1574750967679709187,29,10,NULL,'0','2022-09-21 00:00:00',NULL),(1574750967679709188,29,12,NULL,'1','2022-09-21 00:00:00','2022-09-21 00:00:00'),(1574750967679709189,41,2,NULL,'0','2022-09-21 00:00:00',NULL),(1574750967679709190,11,2,NULL,'0','2022-09-21 00:00:00',NULL),(1574750967679709191,4,4,NULL,'1','2022-09-21 00:00:00','2022-09-21 00:00:00'),(1574750967679709192,42,3,NULL,'0','2022-09-21 00:00:00',NULL),(1574750967679709193,20,11,NULL,'0','2022-09-21 00:00:00',NULL),(1574750967679709194,1,11,NULL,'0','2022-09-21 00:00:00',NULL),(1574750967679709195,23,12,NULL,'1','2022-09-21 00:00:00','2022-09-21 00:00:00'),(1574750967679709196,2,10,NULL,'1','2022-09-21 00:00:00','2022-09-21 00:00:00'),(1574750967679709197,2,9,NULL,'0','2022-09-21 00:00:00',NULL),(1574750967679709198,20,12,NULL,'0','2022-09-21 00:00:00',NULL),(1574750967679709199,47,9,NULL,'0','2022-09-21 00:00:00',NULL),(1574750967679709200,50,1,NULL,'0','2022-09-21 00:00:00',NULL),(1574750967679709201,31,8,NULL,'1','2022-09-21 00:00:00','2022-09-21 00:00:00'),(1574750967679709202,15,2,NULL,'0','2022-09-21 00:00:00',NULL),(1574750967679709203,15,1,NULL,'0','2022-09-21 00:00:00',NULL),(1574750967679709204,47,11,NULL,'0','2022-09-21 00:00:00',NULL),(1574750967679709205,33,8,NULL,'0','2022-09-21 00:00:00',NULL),(1574750967679709206,36,5,NULL,'0','2022-09-21 00:00:00',NULL),(1574750967679709207,26,8,NULL,'0','2022-09-21 00:00:00',NULL),(1574750967679709208,13,11,NULL,'0','2022-09-21 00:00:00',NULL),(1574750967679709209,5,10,NULL,'0','2022-09-21 00:00:00',NULL),(1574750967679709210,44,3,NULL,'0','2022-09-21 00:00:00',NULL),(1574750967679709211,33,13,NULL,'1','2022-09-21 00:00:00','2022-09-21 00:00:00'),(1574750967679709212,21,1,NULL,'0','2022-09-21 00:00:00',NULL),(1574750967679709213,11,1,NULL,'1','2022-09-21 00:00:00','2022-09-21 00:00:00'),(1574750967679709214,42,10,NULL,'0','2022-09-21 00:00:00',NULL),(1574750967679709215,4,2,NULL,'0','2022-09-21 00:00:00',NULL),(1574750967679709216,28,7,NULL,'0','2022-09-21 00:00:00',NULL),(1574750967679709217,28,6,NULL,'0','2022-09-21 00:00:00',NULL),(1574750967679709218,34,2,NULL,'0','2022-09-21 00:00:00',NULL),(1574750967679709219,41,6,NULL,'0','2022-09-21 00:00:00',NULL),(1574750967679709220,2,5,NULL,'0','2022-09-21 00:00:00',NULL),(1574750967679709221,1,13,NULL,'0','2022-09-21 00:00:00',NULL),(1574750967679709222,44,4,NULL,'0','2022-09-21 00:00:00',NULL),(1574750967679709223,35,9,NULL,'0','2022-09-21 00:00:00',NULL),(1574750967679709224,40,2,NULL,'0','2022-09-21 00:00:00',NULL),(1574750967679709225,4,1,NULL,'0','2022-09-21 00:00:00',NULL),(1574750967679709226,33,9,NULL,'0','2022-09-21 00:00:00',NULL),(1574750967679709227,2,2,NULL,'0','2022-09-21 00:00:00',NULL),(1574750967679709228,31,12,NULL,'0','2022-09-21 00:00:00',NULL),(1574750967679709229,14,8,NULL,'1','2022-09-21 00:00:00','2022-09-21 00:00:00'),(1574750967679709230,48,13,NULL,'1','2022-09-21 00:00:00','2022-09-21 00:00:00'),(1574750967679709231,38,5,NULL,'1','2022-09-21 00:00:00','2022-09-21 00:00:00'),(1574750967679709232,41,9,NULL,'0','2022-09-21 00:00:00',NULL),(1574750967679709233,10,5,NULL,'0','2022-09-21 00:00:00',NULL),(1574750967679709234,41,12,NULL,'1','2022-09-21 00:00:00','2022-09-21 00:00:00'),(1574750967679709235,30,2,NULL,'0','2022-09-21 00:00:00',NULL),(1574750967679709236,36,11,NULL,'0','2022-09-21 00:00:00',NULL),(1574750967679709237,21,5,NULL,'0','2022-09-21 00:00:00',NULL),(1574750967679709238,17,1,NULL,'0','2022-09-21 00:00:00',NULL),(1574750967679709239,22,3,NULL,'0','2022-09-21 00:00:00',NULL),(1574750967679709240,14,9,NULL,'0','2022-09-21 00:00:00',NULL),(1574750967679709241,20,6,NULL,'0','2022-09-21 00:00:00',NULL),(1574750967679709242,35,5,NULL,'0','2022-09-21 00:00:00',NULL),(1574750967679709243,22,10,NULL,'0','2022-09-21 00:00:00',NULL),(1574750967679709244,9,2,NULL,'0','2022-09-21 00:00:00',NULL),(1574750967679709245,17,10,NULL,'0','2022-09-21 00:00:00',NULL),(1574750967679709246,37,10,NULL,'0','2022-09-21 00:00:00',NULL),(1574750967679709247,15,3,NULL,'0','2022-09-21 00:00:00',NULL),(1574750967679709248,43,1,NULL,'0','2022-09-21 00:00:00',NULL),(1574750967679709249,23,10,NULL,'0','2022-09-21 00:00:00',NULL),(1574750967679709250,28,12,NULL,'0','2022-09-21 00:00:00',NULL),(1574750967679709251,29,9,NULL,'0','2022-09-21 00:00:00',NULL),(1574750967679709252,10,5,NULL,'0','2022-09-21 00:00:00',NULL),(1574750967679709253,18,10,NULL,'0','2022-09-21 00:00:00',NULL),(1574750967679709254,25,7,NULL,'0','2022-09-21 00:00:00',NULL),(1574750967679709255,18,7,NULL,'1','2022-09-21 00:00:00','2022-09-21 00:00:00'),(1574750967679709256,21,8,NULL,'0','2022-09-21 00:00:00',NULL),(1574750967679709257,24,13,NULL,'0','2022-09-21 00:00:00',NULL),(1574750967679709258,29,1,NULL,'0','2022-09-21 00:00:00',NULL),(1574750967679709259,21,4,NULL,'1','2022-09-21 00:00:00','2022-09-21 00:00:00'),(1574750967679709260,41,11,NULL,'0','2022-09-21 00:00:00',NULL),(1574750967679709261,39,12,NULL,'0','2022-09-21 00:00:00',NULL),(1574750967679709262,33,13,NULL,'1','2022-09-21 00:00:00','2022-09-21 00:00:00'),(1574750967679709263,17,11,NULL,'0','2022-09-21 00:00:00',NULL),(1574750967746818050,25,4,NULL,'0','2022-09-21 00:00:00',NULL),(1574750967746818051,50,8,NULL,'0','2022-09-21 00:00:00',NULL),(1574750967746818052,41,1,NULL,'0','2022-09-21 00:00:00',NULL),(1574750967746818053,40,1,NULL,'0','2022-09-21 00:00:00',NULL),(1574750967746818054,43,4,NULL,'0','2022-09-21 00:00:00',NULL),(1574750967746818055,2,12,NULL,'0','2022-09-21 00:00:00',NULL),(1574750967746818056,32,8,NULL,'0','2022-09-21 00:00:00',NULL),(1574750967746818057,27,13,NULL,'0','2022-09-21 00:00:00',NULL),(1574750967746818058,18,12,NULL,'0','2022-09-21 00:00:00',NULL),(1574750967746818059,18,11,NULL,'0','2022-09-21 00:00:00',NULL),(1574750967746818060,30,2,NULL,'0','2022-09-21 00:00:00',NULL),(1574750967746818061,47,10,NULL,'0','2022-09-21 00:00:00',NULL),(1574750967746818062,2,6,NULL,'0','2022-09-21 00:00:00',NULL),(1574750967746818063,41,9,NULL,'0','2022-09-21 00:00:00',NULL),(1574750967746818064,14,3,NULL,'0','2022-09-21 00:00:00',NULL),(1574750967746818065,41,7,NULL,'0','2022-09-21 00:00:00',NULL),(1574750967746818066,50,2,NULL,'1','2022-09-21 00:00:00','2022-09-21 00:00:00'),(1574751233703419905,66,5,NULL,'0','2022-09-22 00:00:00',NULL),(1574751233703419906,85,11,NULL,'0','2022-09-22 00:00:00',NULL),(1574751233703419907,26,4,NULL,'0','2022-09-22 00:00:00',NULL),(1574751233703419908,23,13,NULL,'0','2022-09-22 00:00:00',NULL),(1574751233703419909,15,1,NULL,'0','2022-09-22 00:00:00',NULL),(1574751233703419910,61,10,NULL,'0','2022-09-22 00:00:00',NULL),(1574751233703419911,10,7,NULL,'0','2022-09-22 00:00:00',NULL),(1574751233703419912,33,9,NULL,'0','2022-09-22 00:00:00',NULL),(1574751233703419913,6,7,NULL,'0','2022-09-22 00:00:00',NULL),(1574751233703419914,17,12,NULL,'0','2022-09-22 00:00:00',NULL),(1574751233703419915,59,2,NULL,'0','2022-09-22 00:00:00',NULL),(1574751233703419916,57,8,NULL,'0','2022-09-22 00:00:00',NULL),(1574751233703419917,23,13,NULL,'0','2022-09-22 00:00:00',NULL),(1574751233703419918,71,8,NULL,'0','2022-09-22 00:00:00',NULL),(1574751233703419919,2,10,NULL,'0','2022-09-22 00:00:00',NULL),(1574751233703419920,42,13,NULL,'0','2022-09-22 00:00:00',NULL),(1574751233703419921,81,6,NULL,'1','2022-09-22 00:00:00','2022-09-22 00:00:00'),(1574751233703419922,3,1,NULL,'0','2022-09-22 00:00:00',NULL),(1574751233703419923,81,5,NULL,'0','2022-09-22 00:00:00',NULL),(1574751233703419924,17,3,NULL,'0','2022-09-22 00:00:00',NULL),(1574751233703419925,96,12,NULL,'0','2022-09-22 00:00:00',NULL),(1574751233703419926,87,5,NULL,'0','2022-09-22 00:00:00',NULL),(1574751233703419927,30,1,NULL,'0','2022-09-22 00:00:00',NULL),(1574751233703419928,97,6,NULL,'0','2022-09-22 00:00:00',NULL),(1574751233703419929,24,10,NULL,'0','2022-09-22 00:00:00',NULL),(1574751233703419930,80,7,NULL,'0','2022-09-22 00:00:00',NULL),(1574751233703419931,12,4,NULL,'0','2022-09-22 00:00:00',NULL),(1574751233703419932,36,6,NULL,'0','2022-09-22 00:00:00',NULL),(1574751233703419933,89,5,NULL,'0','2022-09-22 00:00:00',NULL),(1574751233703419934,71,3,NULL,'0','2022-09-22 00:00:00',NULL),(1574751233703419935,29,9,NULL,'1','2022-09-22 00:00:00','2022-09-22 00:00:00'),(1574751233703419936,78,9,NULL,'0','2022-09-22 00:00:00',NULL),(1574751233703419937,60,13,NULL,'0','2022-09-22 00:00:00',NULL),(1574751233703419938,22,3,NULL,'0','2022-09-22 00:00:00',NULL),(1574751233703419939,44,8,NULL,'0','2022-09-22 00:00:00',NULL),(1574751233703419940,4,10,NULL,'0','2022-09-22 00:00:00',NULL),(1574751233703419941,47,7,NULL,'0','2022-09-22 00:00:00',NULL),(1574751233703419942,85,12,NULL,'1','2022-09-22 00:00:00','2022-09-22 00:00:00'),(1574751233745362946,57,11,NULL,'0','2022-09-22 00:00:00',NULL),(1574751233745362947,11,2,NULL,'0','2022-09-22 00:00:00',NULL),(1574751233745362948,67,11,NULL,'0','2022-09-22 00:00:00',NULL),(1574751233745362949,96,12,NULL,'0','2022-09-22 00:00:00',NULL),(1574751233745362950,86,4,NULL,'0','2022-09-22 00:00:00',NULL),(1574751233745362951,34,13,NULL,'0','2022-09-22 00:00:00',NULL),(1574751233745362952,40,1,NULL,'0','2022-09-22 00:00:00',NULL),(1574751233745362953,69,12,NULL,'0','2022-09-22 00:00:00',NULL),(1574751233745362954,81,7,NULL,'0','2022-09-22 00:00:00',NULL),(1574751233745362955,80,3,NULL,'0','2022-09-22 00:00:00',NULL),(1574751233745362956,12,4,NULL,'0','2022-09-22 00:00:00',NULL),(1574751233745362957,45,1,NULL,'0','2022-09-22 00:00:00',NULL),(1574751233745362958,1,7,NULL,'0','2022-09-22 00:00:00',NULL),(1574751233745362959,33,5,NULL,'0','2022-09-22 00:00:00',NULL),(1574751233745362960,84,9,NULL,'0','2022-09-22 00:00:00',NULL),(1574751233745362961,10,1,NULL,'0','2022-09-22 00:00:00',NULL),(1574751233745362962,74,13,NULL,'0','2022-09-22 00:00:00',NULL),(1574751233745362963,87,1,NULL,'0','2022-09-22 00:00:00',NULL),(1574751233745362964,15,7,NULL,'0','2022-09-22 00:00:00',NULL),(1574751233745362965,36,10,NULL,'0','2022-09-22 00:00:00',NULL),(1574751233745362966,99,10,NULL,'1','2022-09-22 00:00:00','2022-09-22 00:00:00'),(1574751233745362967,83,3,NULL,'0','2022-09-22 00:00:00',NULL),(1574751233745362968,26,5,NULL,'0','2022-09-22 00:00:00',NULL),(1574751233745362969,10,4,NULL,'0','2022-09-22 00:00:00',NULL),(1574751233745362970,88,13,NULL,'0','2022-09-22 00:00:00',NULL),(1574751233745362971,25,8,NULL,'0','2022-09-22 00:00:00',NULL),(1574751233745362972,20,8,NULL,'0','2022-09-22 00:00:00',NULL),(1574751233745362973,1,1,NULL,'1','2022-09-22 00:00:00','2022-09-22 00:00:00'),(1574751233745362974,39,6,NULL,'0','2022-09-22 00:00:00',NULL),(1574751233745362975,33,7,NULL,'0','2022-09-22 00:00:00',NULL),(1574751233745362976,34,3,NULL,'0','2022-09-22 00:00:00',NULL),(1574751233745362977,91,7,NULL,'0','2022-09-22 00:00:00',NULL),(1574751233745362978,54,11,NULL,'0','2022-09-22 00:00:00',NULL),(1574751233745362979,26,8,NULL,'0','2022-09-22 00:00:00',NULL),(1574751233745362980,82,1,NULL,'1','2022-09-22 00:00:00','2022-09-22 00:00:00'),(1574751233745362981,7,1,NULL,'0','2022-09-22 00:00:00',NULL),(1574751233745362982,4,3,NULL,'0','2022-09-22 00:00:00',NULL),(1574751233745362983,92,9,NULL,'0','2022-09-22 00:00:00',NULL),(1574751233745362984,78,1,NULL,'0','2022-09-22 00:00:00',NULL),(1574751233745362985,70,10,NULL,'0','2022-09-22 00:00:00',NULL),(1574751233745362986,99,9,NULL,'0','2022-09-22 00:00:00',NULL),(1574751233745362987,34,1,NULL,'0','2022-09-22 00:00:00',NULL),(1574751233745362988,51,10,NULL,'1','2022-09-22 00:00:00','2022-09-22 00:00:00'),(1574751233745362989,84,1,NULL,'1','2022-09-22 00:00:00','2022-09-22 00:00:00'),(1574751233745362990,20,6,NULL,'0','2022-09-22 00:00:00',NULL),(1574751233745362991,62,1,NULL,'0','2022-09-22 00:00:00',NULL),(1574751233745362992,33,9,NULL,'0','2022-09-22 00:00:00',NULL),(1574751233745362993,75,13,NULL,'0','2022-09-22 00:00:00',NULL),(1574751233745362994,85,5,NULL,'0','2022-09-22 00:00:00',NULL),(1574751233745362995,14,6,NULL,'0','2022-09-22 00:00:00',NULL),(1574751233745362996,33,7,NULL,'0','2022-09-22 00:00:00',NULL),(1574751233745362997,66,13,NULL,'0','2022-09-22 00:00:00',NULL),(1574751233745362998,53,11,NULL,'0','2022-09-22 00:00:00',NULL),(1574751233745362999,30,9,NULL,'0','2022-09-22 00:00:00',NULL),(1574751233745363000,69,12,NULL,'0','2022-09-22 00:00:00',NULL),(1574751233745363001,21,13,NULL,'0','2022-09-22 00:00:00',NULL),(1574751233745363002,25,5,NULL,'0','2022-09-22 00:00:00',NULL),(1574751233745363003,53,9,NULL,'0','2022-09-22 00:00:00',NULL),(1574751233745363004,53,5,NULL,'0','2022-09-22 00:00:00',NULL),(1574751233745363005,94,12,NULL,'0','2022-09-22 00:00:00',NULL),(1574751233745363006,49,8,NULL,'0','2022-09-22 00:00:00',NULL),(1574751233745363007,4,2,NULL,'0','2022-09-22 00:00:00',NULL),(1574751284597141506,61,3,NULL,'0','2022-09-23 00:00:00',NULL),(1574751284597141507,132,8,NULL,'0','2022-09-23 00:00:00',NULL),(1574751284597141508,102,8,NULL,'0','2022-09-23 00:00:00',NULL),(1574751284597141509,55,8,NULL,'0','2022-09-23 00:00:00',NULL),(1574751284597141510,115,9,NULL,'0','2022-09-23 00:00:00',NULL),(1574751284597141511,26,8,NULL,'0','2022-09-23 00:00:00',NULL),(1574751284597141512,87,7,NULL,'0','2022-09-23 00:00:00',NULL),(1574751284597141513,131,1,NULL,'0','2022-09-23 00:00:00',NULL),(1574751284597141514,39,10,NULL,'0','2022-09-23 00:00:00',NULL),(1574751284597141515,79,12,NULL,'0','2022-09-23 00:00:00',NULL),(1574751284597141516,139,8,NULL,'0','2022-09-23 00:00:00',NULL),(1574751284597141517,63,13,NULL,'0','2022-09-23 00:00:00',NULL),(1574751284597141518,60,4,NULL,'0','2022-09-23 00:00:00',NULL),(1574751284597141519,53,12,NULL,'0','2022-09-23 00:00:00',NULL),(1574751284597141520,76,11,NULL,'0','2022-09-23 00:00:00',NULL),(1574751284597141521,113,10,NULL,'0','2022-09-23 00:00:00',NULL),(1574751284597141522,96,12,NULL,'0','2022-09-23 00:00:00',NULL),(1574751284597141523,90,4,NULL,'0','2022-09-23 00:00:00',NULL),(1574751284597141524,10,5,NULL,'0','2022-09-23 00:00:00',NULL),(1574751284597141525,83,3,NULL,'0','2022-09-23 00:00:00',NULL),(1574751284597141526,1,11,NULL,'0','2022-09-23 00:00:00',NULL),(1574751284597141527,132,4,NULL,'0','2022-09-23 00:00:00',NULL),(1574751284597141528,21,13,NULL,'0','2022-09-23 00:00:00',NULL),(1574751284597141529,125,8,NULL,'0','2022-09-23 00:00:00',NULL),(1574751284597141530,85,2,NULL,'0','2022-09-23 00:00:00',NULL),(1574751284597141531,61,12,NULL,'0','2022-09-23 00:00:00',NULL),(1574751284597141532,126,4,NULL,'0','2022-09-23 00:00:00',NULL),(1574751284597141533,84,4,NULL,'0','2022-09-23 00:00:00',NULL),(1574751284597141534,146,11,NULL,'0','2022-09-23 00:00:00',NULL),(1574751284597141535,7,8,NULL,'0','2022-09-23 00:00:00',NULL),(1574751284597141536,149,8,NULL,'0','2022-09-23 00:00:00',NULL),(1574751284597141537,26,6,NULL,'0','2022-09-23 00:00:00',NULL),(1574751284597141538,64,2,NULL,'0','2022-09-23 00:00:00',NULL),(1574751284597141539,1,6,NULL,'0','2022-09-23 00:00:00',NULL),(1574751284597141540,145,1,NULL,'0','2022-09-23 00:00:00',NULL),(1574751284597141541,114,10,NULL,'0','2022-09-23 00:00:00',NULL),(1574751284597141542,44,7,NULL,'0','2022-09-23 00:00:00',NULL),(1574751284597141543,6,8,NULL,'0','2022-09-23 00:00:00',NULL),(1574751284597141544,52,1,NULL,'0','2022-09-23 00:00:00',NULL),(1574751284597141545,48,5,NULL,'0','2022-09-23 00:00:00',NULL),(1574751284597141546,43,10,NULL,'0','2022-09-23 00:00:00',NULL),(1574751284597141547,147,1,NULL,'0','2022-09-23 00:00:00',NULL),(1574751284597141548,32,13,NULL,'0','2022-09-23 00:00:00',NULL),(1574751284597141549,101,12,NULL,'0','2022-09-23 00:00:00',NULL),(1574751284597141550,126,4,NULL,'0','2022-09-23 00:00:00',NULL),(1574751284597141551,29,9,NULL,'0','2022-09-23 00:00:00',NULL),(1574751284597141552,132,12,NULL,'0','2022-09-23 00:00:00',NULL),(1574751284597141553,76,12,NULL,'0','2022-09-23 00:00:00',NULL),(1574751284597141554,150,11,NULL,'0','2022-09-23 00:00:00',NULL),(1574751284597141555,102,8,NULL,'0','2022-09-23 00:00:00',NULL),(1574751284597141556,95,7,NULL,'0','2022-09-23 00:00:00',NULL),(1574751284597141557,146,12,NULL,'0','2022-09-23 00:00:00',NULL),(1574751284597141558,57,12,NULL,'0','2022-09-23 00:00:00',NULL),(1574751284597141559,3,3,NULL,'0','2022-09-23 00:00:00',NULL),(1574751284597141560,1,5,NULL,'0','2022-09-23 00:00:00',NULL),(1574751284597141561,123,4,NULL,'0','2022-09-23 00:00:00',NULL),(1574751284597141562,27,8,NULL,'0','2022-09-23 00:00:00',NULL),(1574751284597141563,117,5,NULL,'0','2022-09-23 00:00:00',NULL),(1574751284597141564,144,13,NULL,'0','2022-09-23 00:00:00',NULL),(1574751284597141565,147,4,NULL,'0','2022-09-23 00:00:00',NULL),(1574751284597141566,46,5,NULL,'0','2022-09-23 00:00:00',NULL),(1574751284597141567,128,12,NULL,'0','2022-09-23 00:00:00',NULL),(1574751284597141568,140,8,NULL,'0','2022-09-23 00:00:00',NULL),(1574751284597141569,29,11,NULL,'1','2022-09-23 00:00:00','2022-09-23 00:00:00'),(1574751284597141570,30,3,NULL,'0','2022-09-23 00:00:00',NULL),(1574751284597141571,121,12,NULL,'0','2022-09-23 00:00:00',NULL),(1574751284597141572,38,5,NULL,'0','2022-09-23 00:00:00',NULL),(1574751284597141573,149,4,NULL,'1','2022-09-23 00:00:00','2022-09-23 00:00:00'),(1574751284597141574,142,1,NULL,'0','2022-09-23 00:00:00',NULL),(1574751284643278850,122,13,NULL,'0','2022-09-23 00:00:00',NULL),(1574751284643278851,91,10,NULL,'0','2022-09-23 00:00:00',NULL),(1574751284643278852,22,3,NULL,'0','2022-09-23 00:00:00',NULL),(1574751284643278853,35,4,NULL,'0','2022-09-23 00:00:00',NULL),(1574751284643278854,27,5,NULL,'0','2022-09-23 00:00:00',NULL),(1574751284643278855,92,12,NULL,'0','2022-09-23 00:00:00',NULL),(1574751284643278856,112,11,NULL,'0','2022-09-23 00:00:00',NULL),(1574751284643278857,99,5,NULL,'0','2022-09-23 00:00:00',NULL),(1574751284643278858,79,13,NULL,'0','2022-09-23 00:00:00',NULL),(1574751284643278859,15,1,NULL,'0','2022-09-23 00:00:00',NULL),(1574751284643278860,25,8,NULL,'0','2022-09-23 00:00:00',NULL),(1574751284643278861,4,4,NULL,'0','2022-09-23 00:00:00',NULL),(1574751284643278862,71,13,NULL,'0','2022-09-23 00:00:00',NULL),(1574751284643278863,20,6,NULL,'1','2022-09-23 00:00:00','2022-09-23 00:00:00'),(1574751284643278864,31,2,NULL,'0','2022-09-23 00:00:00',NULL),(1574751284643278865,131,10,NULL,'0','2022-09-23 00:00:00',NULL),(1574751284643278866,15,12,NULL,'1','2022-09-23 00:00:00','2022-09-23 00:00:00'),(1574751284643278867,121,13,NULL,'0','2022-09-23 00:00:00',NULL),(1574751284643278868,137,3,NULL,'0','2022-09-23 00:00:00',NULL),(1574751284643278869,92,3,NULL,'0','2022-09-23 00:00:00',NULL),(1574751284643278870,136,8,NULL,'0','2022-09-23 00:00:00',NULL),(1574751284643278871,66,5,NULL,'0','2022-09-23 00:00:00',NULL),(1574751284643278872,124,4,NULL,'0','2022-09-23 00:00:00',NULL),(1574751284643278873,36,12,NULL,'1','2022-09-23 00:00:00','2022-09-23 00:00:00'),(1574751284643278874,58,2,NULL,'0','2022-09-23 00:00:00',NULL),(1574751284643278875,119,1,NULL,'0','2022-09-23 00:00:00',NULL),(1574751284643278876,17,8,NULL,'0','2022-09-23 00:00:00',NULL),(1574751284643278877,22,11,NULL,'0','2022-09-23 00:00:00',NULL),(1574751284643278878,4,11,NULL,'0','2022-09-23 00:00:00',NULL),(1574751284643278879,60,1,NULL,'0','2022-09-23 00:00:00',NULL),(1574751284643278880,114,11,NULL,'0','2022-09-23 00:00:00',NULL),(1574751348388306945,125,9,NULL,'0','2022-09-24 00:00:00',NULL),(1574751348388306946,51,9,NULL,'0','2022-09-24 00:00:00',NULL),(1574751348388306947,132,6,NULL,'0','2022-09-24 00:00:00',NULL),(1574751348388306948,124,5,NULL,'0','2022-09-24 00:00:00',NULL),(1574751348388306949,81,6,NULL,'0','2022-09-24 00:00:00',NULL),(1574751348388306950,83,4,NULL,'0','2022-09-24 00:00:00',NULL),(1574751348388306951,153,2,NULL,'0','2022-09-24 00:00:00',NULL),(1574751348388306952,9,5,NULL,'0','2022-09-24 00:00:00',NULL),(1574751348388306953,80,8,NULL,'0','2022-09-24 00:00:00',NULL),(1574751348388306954,4,10,NULL,'0','2022-09-24 00:00:00',NULL),(1574751348388306955,131,11,NULL,'0','2022-09-24 00:00:00',NULL),(1574751348388306956,129,8,NULL,'0','2022-09-24 00:00:00',NULL),(1574751348388306957,199,13,NULL,'0','2022-09-24 00:00:00',NULL),(1574751348388306958,157,13,NULL,'0','2022-09-24 00:00:00',NULL),(1574751348388306959,66,4,NULL,'0','2022-09-24 00:00:00',NULL),(1574751348388306960,5,3,NULL,'0','2022-09-24 00:00:00',NULL),(1574751348388306961,99,3,NULL,'0','2022-09-24 00:00:00',NULL),(1574751348388306962,55,13,NULL,'0','2022-09-24 00:00:00',NULL),(1574751348388306963,177,12,NULL,'0','2022-09-24 00:00:00',NULL),(1574751348388306964,141,13,NULL,'0','2022-09-24 00:00:00',NULL),(1574751348388306965,121,5,NULL,'0','2022-09-24 00:00:00',NULL),(1574751348388306966,153,10,NULL,'0','2022-09-24 00:00:00',NULL),(1574751348388306967,6,12,NULL,'0','2022-09-24 00:00:00',NULL),(1574751348388306968,172,6,NULL,'0','2022-09-24 00:00:00',NULL),(1574751348388306969,103,12,NULL,'0','2022-09-24 00:00:00',NULL),(1574751348388306970,42,5,NULL,'0','2022-09-24 00:00:00',NULL),(1574751348388306971,30,5,NULL,'0','2022-09-24 00:00:00',NULL),(1574751348388306972,98,12,NULL,'0','2022-09-24 00:00:00',NULL),(1574751348388306973,23,2,NULL,'0','2022-09-24 00:00:00',NULL),(1574751348388306974,79,7,NULL,'0','2022-09-24 00:00:00',NULL),(1574751348388306975,112,8,NULL,'1','2022-09-24 00:00:00','2022-09-24 00:00:00'),(1574751348388306976,151,7,NULL,'0','2022-09-24 00:00:00',NULL),(1574751348388306977,156,12,NULL,'0','2022-09-24 00:00:00',NULL),(1574751348388306978,153,1,NULL,'0','2022-09-24 00:00:00',NULL),(1574751348388306979,158,10,NULL,'0','2022-09-24 00:00:00',NULL),(1574751348388306980,180,3,NULL,'0','2022-09-24 00:00:00',NULL),(1574751348388306981,19,13,NULL,'1','2022-09-24 00:00:00','2022-09-24 00:00:00'),(1574751348388306982,167,9,NULL,'0','2022-09-24 00:00:00',NULL),(1574751348388306983,97,13,NULL,'0','2022-09-24 00:00:00',NULL),(1574751348388306984,169,9,NULL,'0','2022-09-24 00:00:00',NULL),(1574751348388306985,100,8,NULL,'0','2022-09-24 00:00:00',NULL),(1574751348388306986,51,3,NULL,'0','2022-09-24 00:00:00',NULL),(1574751348388306987,173,6,NULL,'1','2022-09-24 00:00:00','2022-09-24 00:00:00'),(1574751348388306988,131,3,NULL,'0','2022-09-24 00:00:00',NULL),(1574751348388306989,127,1,NULL,'0','2022-09-24 00:00:00',NULL),(1574751348388306990,8,10,NULL,'1','2022-09-24 00:00:00','2022-09-24 00:00:00'),(1574751348388306991,168,12,NULL,'0','2022-09-24 00:00:00',NULL),(1574751348388306992,164,10,NULL,'0','2022-09-24 00:00:00',NULL),(1574751348388306993,104,4,NULL,'0','2022-09-24 00:00:00',NULL),(1574751348388306994,67,3,NULL,'0','2022-09-24 00:00:00',NULL),(1574751348388306995,165,7,NULL,'0','2022-09-24 00:00:00',NULL),(1574751348388306996,65,9,NULL,'0','2022-09-24 00:00:00',NULL),(1574751348388306997,120,1,NULL,'0','2022-09-24 00:00:00',NULL),(1574751348388306998,182,6,NULL,'0','2022-09-24 00:00:00',NULL),(1574751348388306999,138,3,NULL,'1','2022-09-24 00:00:00','2022-09-24 00:00:00'),(1574751348388307000,20,6,NULL,'0','2022-09-24 00:00:00',NULL),(1574751348388307001,130,8,NULL,'0','2022-09-24 00:00:00',NULL),(1574751348388307002,39,10,NULL,'0','2022-09-24 00:00:00',NULL),(1574751348388307003,199,9,NULL,'0','2022-09-24 00:00:00',NULL),(1574751348388307004,102,13,NULL,'0','2022-09-24 00:00:00',NULL),(1574751348388307005,140,4,NULL,'0','2022-09-24 00:00:00',NULL),(1574751348388307006,110,13,NULL,'0','2022-09-24 00:00:00',NULL),(1574751348388307007,73,10,NULL,'0','2022-09-24 00:00:00',NULL),(1574751348388307008,136,13,NULL,'0','2022-09-24 00:00:00',NULL),(1574751348388307009,176,8,NULL,'0','2022-09-24 00:00:00',NULL),(1574751348388307010,170,9,NULL,'0','2022-09-24 00:00:00',NULL),(1574751348388307011,70,7,NULL,'0','2022-09-24 00:00:00',NULL),(1574751348388307012,124,7,NULL,'0','2022-09-24 00:00:00',NULL),(1574751348388307013,164,2,NULL,'0','2022-09-24 00:00:00',NULL),(1574751348388307014,36,4,NULL,'0','2022-09-24 00:00:00',NULL),(1574751348388307015,24,10,NULL,'0','2022-09-24 00:00:00',NULL),(1574751348388307016,63,5,NULL,'0','2022-09-24 00:00:00',NULL),(1574751348388307017,45,11,NULL,'0','2022-09-24 00:00:00',NULL),(1574751348388307018,46,8,NULL,'0','2022-09-24 00:00:00',NULL),(1574751348388307019,23,3,NULL,'0','2022-09-24 00:00:00',NULL),(1574751348442832897,178,9,NULL,'1','2022-09-24 00:00:00','2022-09-24 00:00:00'),(1574751348442832898,46,7,NULL,'0','2022-09-24 00:00:00',NULL),(1574751348442832899,154,8,NULL,'0','2022-09-24 00:00:00',NULL),(1574751348442832900,190,10,NULL,'0','2022-09-24 00:00:00',NULL),(1574751348442832901,35,13,NULL,'0','2022-09-24 00:00:00',NULL),(1574751348442832902,147,4,NULL,'1','2022-09-24 00:00:00','2022-09-24 00:00:00'),(1574751348442832903,63,2,NULL,'1','2022-09-24 00:00:00','2022-09-24 00:00:00'),(1574751348442832904,146,3,NULL,'0','2022-09-24 00:00:00',NULL),(1574751348442832905,177,13,NULL,'0','2022-09-24 00:00:00',NULL),(1574751348442832906,186,6,NULL,'0','2022-09-24 00:00:00',NULL),(1574751348442832907,49,11,NULL,'1','2022-09-24 00:00:00','2022-09-24 00:00:00'),(1574751348442832908,24,1,NULL,'0','2022-09-24 00:00:00',NULL),(1574751348442832909,175,4,NULL,'0','2022-09-24 00:00:00',NULL),(1574751348442832910,179,7,NULL,'0','2022-09-24 00:00:00',NULL),(1574751348442832911,25,6,NULL,'0','2022-09-24 00:00:00',NULL),(1574751348442832912,103,10,NULL,'0','2022-09-24 00:00:00',NULL),(1574751348442832913,170,12,NULL,'0','2022-09-24 00:00:00',NULL),(1574751348442832914,70,4,NULL,'0','2022-09-24 00:00:00',NULL),(1574751348442832915,115,2,NULL,'0','2022-09-24 00:00:00',NULL),(1574751348442832916,163,1,NULL,'0','2022-09-24 00:00:00',NULL),(1574751348442832917,104,12,NULL,'0','2022-09-24 00:00:00',NULL),(1574751348442832918,171,9,NULL,'0','2022-09-24 00:00:00',NULL),(1574751348442832919,116,13,NULL,'0','2022-09-24 00:00:00',NULL),(1574751348442832920,123,12,NULL,'0','2022-09-24 00:00:00',NULL),(1574751348442832921,181,7,NULL,'0','2022-09-24 00:00:00',NULL);

/*Table structure for table `holiday_info` */

DROP TABLE IF EXISTS `holiday_info`;

CREATE TABLE `holiday_info` (
  `holiday_id` int(11) NOT NULL,
  `holiday_name` varchar(20) DEFAULT NULL,
  PRIMARY KEY (`holiday_id`)
) ENGINE=InnoDB DEFAULT CHARSET=utf8;

/*Data for the table `holiday_info` */

insert  into `holiday_info`(`holiday_id`,`holiday_name`) values (1,'元旦'),(2,'春节'),(3,'清明'),(4,'劳动节'),(5,'端午节'),(6,'中秋节'),(7,'国庆节');

/*Table structure for table `holiday_year` */

DROP TABLE IF EXISTS `holiday_year`;

CREATE TABLE `holiday_year` (
  `year_id` int(11) DEFAULT NULL,
  `holiday_id` int(11) DEFAULT NULL,
  `start_date_id` int(11) DEFAULT NULL,
  `end_date_id` int(11) DEFAULT NULL
) ENGINE=InnoDB DEFAULT CHARSET=utf8;

/*Data for the table `holiday_year` */

insert  into `holiday_year`(`year_id`,`holiday_id`,`start_date_id`,`end_date_id`) values (2019,2,20190204,20190210),(2019,1,20190101,20190101),(2019,3,20190405,20190407),(2019,4,20190429,20190501),(2019,5,20190607,20190609),(2019,6,20190913,20190915),(2019,7,20191001,20191007),(2020,1,20200101,20200101),(2020,2,20200119,20200201),(2020,3,20200404,20200406),(2020,4,20200501,20200505),(2020,5,20200625,20200627),(2020,7,20201001,20201008);

/*Table structure for table `order_detail` */

DROP TABLE IF EXISTS `order_detail`;

CREATE TABLE `order_detail` (
  `id` bigint(20) NOT NULL AUTO_INCREMENT COMMENT '编号',
  `order_id` bigint(20) DEFAULT NULL COMMENT '订单编号',
  `sku_id` bigint(20) DEFAULT NULL COMMENT 'sku_id',
  `sku_name` varchar(200) DEFAULT NULL COMMENT 'sku名称（冗余)',
  `img_url` varchar(200) DEFAULT NULL COMMENT '图片名称（冗余)',
  `order_price` decimal(10,2) DEFAULT NULL COMMENT '购买价格(下单时sku价格）',
  `sku_num` varchar(200) DEFAULT NULL COMMENT '购买个数',
  `create_time` datetime DEFAULT NULL COMMENT '创建时间',
  PRIMARY KEY (`id`)
) ENGINE=InnoDB AUTO_INCREMENT=8311 DEFAULT CHARSET=utf8 COMMENT='订单明细表';

/*Data for the table `order_detail` */

insert  into `order_detail`(`id`,`order_id`,`sku_id`,`sku_name`,`img_url`,`order_price`,`sku_num`,`create_time`) values (8264,3210,8,'Apple iPhoneXSMax (A2104) 256GB 深空灰色 移动联通电信4G手机 双卡双待','http://RFCTOnWWRtrJdygmPqiUXdBvyhqiTTOnXYagFJDP','8900.00','1','2022-09-20 00:00:00'),(8265,3211,11,'联想(Lenovo)拯救者Y7000 2019新款 15.6英寸游戏本笔记本电脑（i7-9750H 8GB 1TB+256GB GTX1650 4G独显 黑）','http://kAXllAQEzJWHwiExxVmyJIABfXyzbKwedeofMqwh','6399.00','2','2022-09-20 00:00:00'),(8266,3212,8,'Apple iPhoneXSMax (A2104) 256GB 深空灰色 移动联通电信4G手机 双卡双待','http://RFCTOnWWRtrJdygmPqiUXdBvyhqiTTOnXYagFJDP','8900.00','1','2022-09-20 00:00:00'),(8267,3213,6,'北纯精制黄小米（小黄米 月子米 小米粥 粗粮杂粮 大米伴侣）2.18kg','http://lMddjKYNSaxpeAqbkWcxegrrHjayrosVDeLrABhg','145.00','2','2022-09-20 00:00:00'),(8268,3214,13,'联想(Lenovo)Y9000X 2019新款 15.6英寸高性能标压轻薄本笔记本电脑(i5-9300H 16G 512GSSD FHD)深空灰','http://kAXllAQEzJWHwiExxVmyJIABfXyzbKwedeofMqwh','7299.00','1','2022-09-20 00:00:00'),(8269,3215,4,'小米Play 流光渐变AI双摄 4GB+64GB 梦幻蓝 全网通4G 双卡双待 小水滴全面屏拍照游戏智能手机','http://SXlkutIjYpDWWTEpNUiisnlsevOHVElrdngQLgyZ','1442.00','2','2022-09-20 00:00:00'),(8270,3216,1,'荣耀10青春版 幻彩渐变 2400万AI自拍 全网通版4GB+64GB 渐变蓝 移动联通电信4G全面屏手机 双卡双待','http://AOvKmfRQEBRJJllwCwCuptVAOtBBcIjWeJRsmhbJ','2220.00','3','2022-09-21 00:00:00'),(8271,3217,7,'荣耀10青春版 幻彩渐变 2400万AI自拍 全网通版4GB+64GB 渐变蓝 移动联通电信4G全面屏手机 双卡双待','http://IJwhvJSuwaMHaevQQKZUzLkOsvYFiYsRhmLSjpZb','1553.00','2','2022-09-21 00:00:00'),(8272,3217,9,'荣耀10 GT游戏加速 AIS手持夜景 6GB+64GB 幻影蓝全网通 移动联通电信','http://hNuKrFXZgFIzzZxnYeCxEDdJlbAwHUCbBChdXAKZ','2452.00','3','2022-09-21 00:00:00'),(8273,3218,13,'联想(Lenovo)Y9000X 2019新款 15.6英寸高性能标压轻薄本笔记本电脑(i5-9300H 16G 512GSSD FHD)深空灰','http://kAXllAQEzJWHwiExxVmyJIABfXyzbKwedeofMqwh','7299.00','1','2022-09-21 00:00:00'),(8274,3218,6,'北纯精制黄小米（小黄米 月子米 小米粥 粗粮杂粮 大米伴侣）2.18kg','http://lMddjKYNSaxpeAqbkWcxegrrHjayrosVDeLrABhg','145.00','2','2022-09-21 00:00:00'),(8275,3219,9,'荣耀10 GT游戏加速 AIS手持夜景 6GB+64GB 幻影蓝全网通 移动联通电信','http://hNuKrFXZgFIzzZxnYeCxEDdJlbAwHUCbBChdXAKZ','2452.00','3','2022-09-21 00:00:00'),(8276,3220,6,'北纯精制黄小米（小黄米 月子米 小米粥 粗粮杂粮 大米伴侣）2.18kg','http://lMddjKYNSaxpeAqbkWcxegrrHjayrosVDeLrABhg','145.00','1','2022-09-21 00:00:00'),(8277,3221,7,'荣耀10青春版 幻彩渐变 2400万AI自拍 全网通版4GB+64GB 渐变蓝 移动联通电信4G全面屏手机 双卡双待','http://IJwhvJSuwaMHaevQQKZUzLkOsvYFiYsRhmLSjpZb','1553.00','1','2022-09-21 00:00:00'),(8278,3222,4,'小米Play 流光渐变AI双摄 4GB+64GB 梦幻蓝 全网通4G 双卡双待 小水滴全面屏拍照游戏智能手机','http://SXlkutIjYpDWWTEpNUiisnlsevOHVElrdngQLgyZ','1442.00','3','2022-09-22 00:00:00'),(8279,3223,10,'小米（MI） 小米路由器4 双千兆路由器 无线家用穿墙1200M高速双频wifi 千兆版 千兆端口光纤适用','http://kAXllAQEzJWHwiExxVmyJIABfXyzbKwedeofMqwh','222.00','2','2022-09-22 00:00:00'),(8280,3224,4,'小米Play 流光渐变AI双摄 4GB+64GB 梦幻蓝 全网通4G 双卡双待 小水滴全面屏拍照游戏智能手机','http://SXlkutIjYpDWWTEpNUiisnlsevOHVElrdngQLgyZ','1442.00','2','2022-09-22 00:00:00'),(8281,3225,8,'Apple iPhoneXSMax (A2104) 256GB 深空灰色 移动联通电信4G手机 双卡双待','http://RFCTOnWWRtrJdygmPqiUXdBvyhqiTTOnXYagFJDP','8900.00','3','2022-09-22 00:00:00'),(8282,3226,12,'联想(Lenovo)拯救者Y7000 英特尔酷睿i7 2019新款 15.6英寸发烧游戏本笔记本电脑（i7-9750H 8GB 512GB SSD GTX1650 4G 高色域','http://kAXllAQEzJWHwiExxVmyJIABfXyzbKwedeofMqwh','6699.00','3','2022-09-22 00:00:00'),(8283,3227,5,'十月稻田 沁州黄小米 (黄小米 五谷杂粮 山西特产 真空装 大米伴侣 粥米搭档) 2.5kg','http://INNButKuTkslasORPBmHACnJuccfsxmRxNuMznPm','244.00','2','2022-09-22 00:00:00'),(8284,3228,10,'小米（MI） 小米路由器4 双千兆路由器 无线家用穿墙1200M高速双频wifi 千兆版 千兆端口光纤适用','http://kAXllAQEzJWHwiExxVmyJIABfXyzbKwedeofMqwh','222.00','1','2022-09-22 00:00:00'),(8285,3229,9,'荣耀10 GT游戏加速 AIS手持夜景 6GB+64GB 幻影蓝全网通 移动联通电信','http://hNuKrFXZgFIzzZxnYeCxEDdJlbAwHUCbBChdXAKZ','2452.00','3','2022-09-22 00:00:00'),(8286,3230,6,'北纯精制黄小米（小黄米 月子米 小米粥 粗粮杂粮 大米伴侣）2.18kg','http://lMddjKYNSaxpeAqbkWcxegrrHjayrosVDeLrABhg','145.00','1','2022-09-23 00:00:00'),(8287,3230,2,'TCL 55A950C 55英寸32核人工智能 HDR曲面超薄4K电视金属机身（枪色）','http://JfJSvAnPkErYPcUsbgCuokhjxKiLeqpDXakZqFeE','3321.00','1','2022-09-23 00:00:00'),(8288,3231,8,'Apple iPhoneXSMax (A2104) 256GB 深空灰色 移动联通电信4G手机 双卡双待','http://RFCTOnWWRtrJdygmPqiUXdBvyhqiTTOnXYagFJDP','8900.00','3','2022-09-23 00:00:00'),(8289,3232,12,'联想(Lenovo)拯救者Y7000 英特尔酷睿i7 2019新款 15.6英寸发烧游戏本笔记本电脑（i7-9750H 8GB 512GB SSD GTX1650 4G 高色域','http://kAXllAQEzJWHwiExxVmyJIABfXyzbKwedeofMqwh','6699.00','3','2022-09-23 00:00:00'),(8290,3233,9,'荣耀10 GT游戏加速 AIS手持夜景 6GB+64GB 幻影蓝全网通 移动联通电信','http://hNuKrFXZgFIzzZxnYeCxEDdJlbAwHUCbBChdXAKZ','2452.00','3','2022-09-23 00:00:00'),(8291,3233,9,'荣耀10 GT游戏加速 AIS手持夜景 6GB+64GB 幻影蓝全网通 移动联通电信','http://hNuKrFXZgFIzzZxnYeCxEDdJlbAwHUCbBChdXAKZ','2452.00','1','2022-09-23 00:00:00'),(8292,3234,2,'TCL 55A950C 55英寸32核人工智能 HDR曲面超薄4K电视金属机身（枪色）','http://JfJSvAnPkErYPcUsbgCuokhjxKiLeqpDXakZqFeE','3321.00','1','2022-09-23 00:00:00'),(8293,3235,4,'小米Play 流光渐变AI双摄 4GB+64GB 梦幻蓝 全网通4G 双卡双待 小水滴全面屏拍照游戏智能手机','http://SXlkutIjYpDWWTEpNUiisnlsevOHVElrdngQLgyZ','1442.00','1','2022-09-23 00:00:00'),(8294,3236,13,'联想(Lenovo)Y9000X 2019新款 15.6英寸高性能标压轻薄本笔记本电脑(i5-9300H 16G 512GSSD FHD)深空灰','http://kAXllAQEzJWHwiExxVmyJIABfXyzbKwedeofMqwh','7299.00','2','2022-09-23 00:00:00'),(8295,3237,10,'小米（MI） 小米路由器4 双千兆路由器 无线家用穿墙1200M高速双频wifi 千兆版 千兆端口光纤适用','http://kAXllAQEzJWHwiExxVmyJIABfXyzbKwedeofMqwh','222.00','2','2022-09-23 00:00:00'),(8296,3238,10,'小米（MI） 小米路由器4 双千兆路由器 无线家用穿墙1200M高速双频wifi 千兆版 千兆端口光纤适用','http://kAXllAQEzJWHwiExxVmyJIABfXyzbKwedeofMqwh','222.00','1','2022-09-23 00:00:00'),(8297,3239,6,'北纯精制黄小米（小黄米 月子米 小米粥 粗粮杂粮 大米伴侣）2.18kg','http://lMddjKYNSaxpeAqbkWcxegrrHjayrosVDeLrABhg','145.00','3','2022-09-24 00:00:00'),(8298,3240,3,'小米（MI）电视 55英寸曲面4K智能WiFi网络液晶电视机4S L55M5-AQ 小米电视4S 55英寸 曲面','http://LzpblavcZQeYEbwbSjsnmsgAjtpudhDradqsRgdZ','3100.00','2','2022-09-24 00:00:00'),(8299,3241,10,'小米（MI） 小米路由器4 双千兆路由器 无线家用穿墙1200M高速双频wifi 千兆版 千兆端口光纤适用','http://kAXllAQEzJWHwiExxVmyJIABfXyzbKwedeofMqwh','222.00','2','2022-09-24 00:00:00'),(8300,3241,12,'联想(Lenovo)拯救者Y7000 英特尔酷睿i7 2019新款 15.6英寸发烧游戏本笔记本电脑（i7-9750H 8GB 512GB SSD GTX1650 4G 高色域','http://kAXllAQEzJWHwiExxVmyJIABfXyzbKwedeofMqwh','6699.00','2','2022-09-24 00:00:00'),(8301,3242,6,'北纯精制黄小米（小黄米 月子米 小米粥 粗粮杂粮 大米伴侣）2.18kg','http://lMddjKYNSaxpeAqbkWcxegrrHjayrosVDeLrABhg','145.00','2','2022-09-24 00:00:00'),(8302,3243,4,'小米Play 流光渐变AI双摄 4GB+64GB 梦幻蓝 全网通4G 双卡双待 小水滴全面屏拍照游戏智能手机','http://SXlkutIjYpDWWTEpNUiisnlsevOHVElrdngQLgyZ','1442.00','2','2022-09-24 00:00:00'),(8303,3244,2,'TCL 55A950C 55英寸32核人工智能 HDR曲面超薄4K电视金属机身（枪色）','http://JfJSvAnPkErYPcUsbgCuokhjxKiLeqpDXakZqFeE','3321.00','3','2022-09-24 00:00:00'),(8304,3245,9,'荣耀10 GT游戏加速 AIS手持夜景 6GB+64GB 幻影蓝全网通 移动联通电信','http://hNuKrFXZgFIzzZxnYeCxEDdJlbAwHUCbBChdXAKZ','2452.00','1','2022-09-24 00:00:00'),(8305,3246,12,'联想(Lenovo)拯救者Y7000 英特尔酷睿i7 2019新款 15.6英寸发烧游戏本笔记本电脑（i7-9750H 8GB 512GB SSD GTX1650 4G 高色域','http://kAXllAQEzJWHwiExxVmyJIABfXyzbKwedeofMqwh','6699.00','1','2022-09-24 00:00:00'),(8306,3247,6,'北纯精制黄小米（小黄米 月子米 小米粥 粗粮杂粮 大米伴侣）2.18kg','http://lMddjKYNSaxpeAqbkWcxegrrHjayrosVDeLrABhg','145.00','1','2022-09-24 00:00:00'),(8307,3248,7,'荣耀10青春版 幻彩渐变 2400万AI自拍 全网通版4GB+64GB 渐变蓝 移动联通电信4G全面屏手机 双卡双待','http://IJwhvJSuwaMHaevQQKZUzLkOsvYFiYsRhmLSjpZb','1553.00','2','2022-09-24 00:00:00'),(8308,3249,8,'Apple iPhoneXSMax (A2104) 256GB 深空灰色 移动联通电信4G手机 双卡双待','http://RFCTOnWWRtrJdygmPqiUXdBvyhqiTTOnXYagFJDP','8900.00','1','2022-09-24 00:00:00'),(8309,3250,2,'TCL 55A950C 55英寸32核人工智能 HDR曲面超薄4K电视金属机身（枪色）','http://JfJSvAnPkErYPcUsbgCuokhjxKiLeqpDXakZqFeE','3321.00','2','2022-09-24 00:00:00'),(8310,3251,7,'荣耀10青春版 幻彩渐变 2400万AI自拍 全网通版4GB+64GB 渐变蓝 移动联通电信4G全面屏手机 双卡双待','http://IJwhvJSuwaMHaevQQKZUzLkOsvYFiYsRhmLSjpZb','1553.00','3','2022-09-24 00:00:00');

/*Table structure for table `order_info` */

DROP TABLE IF EXISTS `order_info`;

CREATE TABLE `order_info` (
  `id` bigint(20) NOT NULL AUTO_INCREMENT COMMENT '编号',
  `consignee` varchar(100) DEFAULT NULL COMMENT '收货人',
  `consignee_tel` varchar(20) DEFAULT NULL COMMENT '收件人电话',
  `final_total_amount` decimal(16,2) DEFAULT NULL COMMENT '总金额',
  `order_status` varchar(20) DEFAULT NULL COMMENT '订单状态',
  `user_id` bigint(20) DEFAULT NULL COMMENT '用户id',
  `delivery_address` varchar(1000) DEFAULT NULL COMMENT '送货地址',
  `order_comment` varchar(200) DEFAULT NULL COMMENT '订单备注',
  `out_trade_no` varchar(50) DEFAULT NULL COMMENT '订单交易编号（第三方支付用)',
  `trade_body` varchar(200) DEFAULT NULL COMMENT '订单描述(第三方支付用)',
  `create_time` datetime DEFAULT NULL COMMENT '创建时间',
  `operate_time` datetime DEFAULT NULL COMMENT '操作时间',
  `expire_time` datetime DEFAULT NULL COMMENT '失效时间',
  `tracking_no` varchar(100) DEFAULT NULL COMMENT '物流单编号',
  `parent_order_id` bigint(20) DEFAULT NULL COMMENT '父订单编号',
  `img_url` varchar(200) DEFAULT NULL COMMENT '图片路径',
  `province_id` int(20) DEFAULT NULL COMMENT '地区',
  `benefit_reduce_amount` decimal(16,2) DEFAULT NULL COMMENT '优惠金额',
  `original_total_amount` decimal(16,2) DEFAULT NULL COMMENT '原价金额',
  `feight_fee` decimal(16,2) DEFAULT NULL COMMENT '运费',
  PRIMARY KEY (`id`)
) ENGINE=InnoDB AUTO_INCREMENT=3252 DEFAULT CHARSET=utf8 COMMENT='订单表 订单表';

/*Data for the table `order_info` */

insert  into `order_info`(`id`,`consignee`,`consignee_tel`,`final_total_amount`,`order_status`,`user_id`,`delivery_address`,`order_comment`,`out_trade_no`,`trade_body`,`create_time`,`operate_time`,`expire_time`,`tracking_no`,`parent_order_id`,`img_url`,`province_id`,`benefit_reduce_amount`,`original_total_amount`,`feight_fee`) values (3210,'乐茗','13699674071','8913.00','1004',27,'第6大街第11号楼4单元591门','描述383319','621265924852634','Apple iPhoneXSMax (A2104) 256GB 深空灰色 移动联通电信4G手机 双卡双待等1件商品','2022-09-20 00:00:00','2022-09-22 00:00:00','2022-09-20 00:15:00',NULL,NULL,'http://img.gmall.com/687178.jpg',6,'0.00','8900.00','13.00'),(3211,'诸葛雁','13564182691','11836.00','1005',31,'第4大街第16号楼2单元634门','描述224668','896239443547181','联想(Lenovo)拯救者Y7000 2019新款 15.6英寸游戏本笔记本电脑（i7-9750H 8GB 1TB+256GB GTX1650 4G独显 黑）等2件商品','2022-09-20 00:00:00','2022-09-20 00:00:00','2022-09-20 00:15:00',NULL,NULL,'http://img.gmall.com/227984.jpg',4,'971.00','12798.00','9.00'),(3212,'陶雅','13304231130','8905.00','1005',12,'第8大街第32号楼1单元975门','描述183222','697366721719699','Apple iPhoneXSMax (A2104) 256GB 深空灰色 移动联通电信4G手机 双卡双待等1件商品','2022-09-20 00:00:00','2022-09-20 00:00:00','2022-09-20 00:15:00',NULL,NULL,'http://img.gmall.com/194553.jpg',32,'0.00','8900.00','5.00'),(3213,'黄辰','13104802625','305.00','1005',35,'第2大街第4号楼3单元717门','描述789779','311519479977864','北纯精制黄小米（小黄米 月子米 小米粥 粗粮杂粮 大米伴侣）2.18kg等2件商品','2022-09-20 00:00:00','2022-09-23 00:00:00','2022-09-20 00:15:00',NULL,NULL,'http://img.gmall.com/817483.jpg',4,'0.00','290.00','15.00'),(3214,'滕伦翔','13772438460','6840.00','1005',16,'第10大街第2号楼5单元384门','描述659474','754738117628439','联想(Lenovo)Y9000X 2019新款 15.6英寸高性能标压轻薄本笔记本电脑(i5-9300H 16G 512GSSD FHD)深空灰等1件商品','2022-09-20 00:00:00','2022-09-21 00:00:00','2022-09-20 00:15:00',NULL,NULL,'http://img.gmall.com/967146.jpg',24,'467.00','7299.00','8.00'),(3215,'司马永','13535611743','2897.00','1004',28,'第19大街第18号楼6单元988门','描述293346','497815531392155','小米Play 流光渐变AI双摄 4GB+64GB 梦幻蓝 全网通4G 双卡双待 小水滴全面屏拍照游戏智能手机等2件商品','2022-09-20 00:00:00','2022-09-20 00:00:00','2022-09-20 00:15:00',NULL,NULL,'http://img.gmall.com/857229.jpg',18,'0.00','2884.00','13.00'),(3216,'滕彩春','13767443552','6677.00','1004',30,'第1大街第5号楼4单元641门','描述495518','764221251847482','荣耀10青春版 幻彩渐变 2400万AI自拍 全网通版4GB+64GB 渐变蓝 移动联通电信4G全面屏手机 双卡双待等3件商品','2022-09-21 00:00:00','2022-09-22 00:00:00','2022-09-21 00:15:00',NULL,NULL,'http://img.gmall.com/833692.jpg',6,'0.00','6660.00','17.00'),(3217,'狄斌','13302697342','10468.00','1004',41,'第13大街第28号楼9单元586门','描述967425','848322768566165','荣耀10青春版 幻彩渐变 2400万AI自拍 全网通版4GB+64GB 渐变蓝 移动联通电信4G全面屏手机 双卡双待等5件商品','2022-09-21 00:00:00','2022-09-21 00:00:00','2022-09-21 00:15:00',NULL,NULL,'http://img.gmall.com/886734.jpg',29,'0.00','10462.00','6.00'),(3218,'傅秋珊','13517446597','6962.00','1005',16,'第2大街第6号楼9单元858门','描述859776','419611654955959','联想(Lenovo)Y9000X 2019新款 15.6英寸高性能标压轻薄本笔记本电脑(i5-9300H 16G 512GSSD FHD)深空灰等3件商品','2022-09-21 00:00:00','2022-09-22 00:00:00','2022-09-21 00:15:00',NULL,NULL,'http://img.gmall.com/517364.jpg',22,'636.00','7589.00','9.00'),(3219,'长孙毅','13730173216','7371.00','1005',33,'第7大街第17号楼7单元379门','描述346247','861141418215645','荣耀10 GT游戏加速 AIS手持夜景 6GB+64GB 幻影蓝全网通 移动联通电信等3件商品','2022-09-21 00:00:00','2022-09-23 00:00:00','2022-09-21 00:15:00',NULL,NULL,'http://img.gmall.com/456871.jpg',21,'0.00','7356.00','15.00'),(3220,'时辉力','13571615863','152.00','1005',37,'第8大街第26号楼4单元656门','描述896794','933392366866145','北纯精制黄小米（小黄米 月子米 小米粥 粗粮杂粮 大米伴侣）2.18kg等1件商品','2022-09-21 00:00:00','2022-09-23 00:00:00','2022-09-21 00:15:00',NULL,NULL,'http://img.gmall.com/998445.jpg',30,'0.00','145.00','7.00'),(3221,'尹予馨','13483160860','1560.00','1004',21,'第11大街第10号楼8单元237门','描述956757','234972298646116','荣耀10青春版 幻彩渐变 2400万AI自拍 全网通版4GB+64GB 渐变蓝 移动联通电信4G全面屏手机 双卡双待等1件商品','2022-09-21 00:00:00','2022-09-22 00:00:00','2022-09-21 00:15:00',NULL,NULL,'http://img.gmall.com/461631.jpg',19,'0.00','1553.00','7.00'),(3222,'郑俊','13477443657','4338.00','1001',7,'第2大街第17号楼6单元165门','描述821211','594744489136328','小米Play 流光渐变AI双摄 4GB+64GB 梦幻蓝 全网通4G 双卡双待 小水滴全面屏拍照游戏智能手机等3件商品','2022-09-22 00:00:00','2022-09-24 00:00:00','2022-09-22 00:15:00',NULL,NULL,'http://img.gmall.com/221116.jpg',11,'0.00','4326.00','12.00'),(3223,'赵勇','13236586648','453.00','1005',50,'第5大街第3号楼6单元481门','描述281425','848488725413289','小米（MI） 小米路由器4 双千兆路由器 无线家用穿墙1200M高速双频wifi 千兆版 千兆端口光纤适用等2件商品','2022-09-22 00:00:00','2022-09-24 00:00:00','2022-09-22 00:15:00',NULL,NULL,'http://img.gmall.com/413564.jpg',20,'0.00','444.00','9.00'),(3224,'南宫丽','13758669800','2895.00','1005',68,'第11大街第37号楼6单元351门','描述176378','735966178124467','小米Play 流光渐变AI双摄 4GB+64GB 梦幻蓝 全网通4G 双卡双待 小水滴全面屏拍照游戏智能手机等2件商品','2022-09-22 00:00:00','2022-09-23 00:00:00','2022-09-22 00:15:00',NULL,NULL,'http://img.gmall.com/113927.jpg',8,'0.00','2884.00','11.00'),(3225,'公孙倩婷','13576511392','26709.00','1005',97,'第10大街第34号楼7单元266门','描述162796','788593766286565','Apple iPhoneXSMax (A2104) 256GB 深空灰色 移动联通电信4G手机 双卡双待等3件商品','2022-09-22 00:00:00','2022-09-24 00:00:00','2022-09-22 00:15:00',NULL,NULL,'http://img.gmall.com/955843.jpg',33,'0.00','26700.00','9.00'),(3226,'金洁','13781107580','18573.00','1004',99,'第19大街第14号楼5单元698门','描述556616','563467512362687','联想(Lenovo)拯救者Y7000 英特尔酷睿i7 2019新款 15.6英寸发烧游戏本笔记本电脑（i7-9750H 8GB 512GB SSD GTX1650 4G 高色域等3件商品','2022-09-22 00:00:00','2022-09-23 00:00:00','2022-09-22 00:15:00',NULL,NULL,'http://img.gmall.com/451444.jpg',26,'1530.00','20097.00','6.00'),(3227,'濮阳河','13055476569','502.00','1005',36,'第14大街第26号楼6单元583门','描述961115','511648373747636','十月稻田 沁州黄小米 (黄小米 五谷杂粮 山西特产 真空装 大米伴侣 粥米搭档) 2.5kg等2件商品','2022-09-22 00:00:00','2022-09-23 00:00:00','2022-09-22 00:15:00',NULL,NULL,'http://img.gmall.com/564439.jpg',9,'0.00','488.00','14.00'),(3228,'乐友裕','13955730029','227.00','1005',8,'第12大街第13号楼1单元485门','描述724545','525492286415412','小米（MI） 小米路由器4 双千兆路由器 无线家用穿墙1200M高速双频wifi 千兆版 千兆端口光纤适用等1件商品','2022-09-22 00:00:00','2022-09-23 00:00:00','2022-09-22 00:15:00',NULL,NULL,'http://img.gmall.com/528843.jpg',15,'0.00','222.00','5.00'),(3229,'秦之轮','13339510691','7365.00','1005',33,'第5大街第21号楼5单元788门','描述774498','781359423422988','荣耀10 GT游戏加速 AIS手持夜景 6GB+64GB 幻影蓝全网通 移动联通电信等3件商品','2022-09-22 00:00:00','2022-09-23 00:00:00','2022-09-22 00:15:00',NULL,NULL,'http://img.gmall.com/432697.jpg',20,'0.00','7356.00','9.00'),(3230,'诸葛彬','13410655934','3484.00','1004',44,'第20大街第19号楼4单元299门','描述568146','836172294932192','北纯精制黄小米（小黄米 月子米 小米粥 粗粮杂粮 大米伴侣）2.18kg等2件商品','2022-09-23 00:00:00','2022-09-23 00:00:00','2022-09-23 00:15:00',NULL,NULL,'http://img.gmall.com/426725.jpg',30,'0.00','3466.00','18.00'),(3231,'轩辕宁欣','13959240126','26708.00','1005',72,'第13大街第4号楼7单元712门','描述527336','968831232196533','Apple iPhoneXSMax (A2104) 256GB 深空灰色 移动联通电信4G手机 双卡双待等3件商品','2022-09-23 00:00:00','2022-09-24 00:00:00','2022-09-23 00:15:00',NULL,NULL,'http://img.gmall.com/655397.jpg',5,'0.00','26700.00','8.00'),(3232,'窦君琴','13477845744','11248.00','1001',19,'第10大街第35号楼5单元799门','描述676573','169976697995382','联想(Lenovo)拯救者Y7000 英特尔酷睿i7 2019新款 15.6英寸发烧游戏本笔记本电脑（i7-9750H 8GB 512GB SSD GTX1650 4G 高色域等3件商品','2022-09-23 00:00:00','2022-09-24 00:00:00','2022-09-23 00:15:00',NULL,NULL,'http://img.gmall.com/846864.jpg',10,'8865.00','20097.00','16.00'),(3233,'诸葛贞莉','13043012420','9815.00','1001',33,'第5大街第35号楼1单元824门','描述276671','251192629916663','荣耀10 GT游戏加速 AIS手持夜景 6GB+64GB 幻影蓝全网通 移动联通电信等4件商品','2022-09-23 00:00:00','2022-09-24 00:00:00','2022-09-23 00:15:00',NULL,NULL,'http://img.gmall.com/319718.jpg',13,'0.00','9808.00','7.00'),(3234,'穆凤洁','13752077137','3329.00','1001',17,'第16大街第20号楼5单元699门','描述933795','926273823692272','TCL 55A950C 55英寸32核人工智能 HDR曲面超薄4K电视金属机身（枪色）等1件商品','2022-09-23 00:00:00','2022-09-24 00:00:00','2022-09-23 00:15:00',NULL,NULL,'http://img.gmall.com/352916.jpg',26,'0.00','3321.00','8.00'),(3235,'伏璐娅','13433452987','1457.00','1005',23,'第15大街第24号楼4单元453门','描述394636','998286573499487','小米Play 流光渐变AI双摄 4GB+64GB 梦幻蓝 全网通4G 双卡双待 小水滴全面屏拍照游戏智能手机等1件商品','2022-09-23 00:00:00','2022-09-24 00:00:00','2022-09-23 00:15:00',NULL,NULL,'http://img.gmall.com/391571.jpg',4,'0.00','1442.00','15.00'),(3236,'彭可姬','13600216475','13638.00','1005',147,'第20大街第24号楼4单元475门','描述898613','246215655575361','联想(Lenovo)Y9000X 2019新款 15.6英寸高性能标压轻薄本笔记本电脑(i5-9300H 16G 512GSSD FHD)深空灰等2件商品','2022-09-23 00:00:00','2022-09-24 00:00:00','2022-09-23 00:15:00',NULL,NULL,'http://img.gmall.com/842893.jpg',19,'970.00','14598.00','10.00'),(3237,'伏凝晓','13172784244','456.00','1005',67,'第18大街第16号楼2单元151门','描述656287','166474275634355','小米（MI） 小米路由器4 双千兆路由器 无线家用穿墙1200M高速双频wifi 千兆版 千兆端口光纤适用等2件商品','2022-09-23 00:00:00','2022-09-24 00:00:00','2022-09-23 00:15:00',NULL,NULL,'http://img.gmall.com/956942.jpg',28,'0.00','444.00','12.00'),(3238,'呼延邦承','13134273171','239.00','1004',46,'第9大街第15号楼2单元433门','描述949461','112495346971955','小米（MI） 小米路由器4 双千兆路由器 无线家用穿墙1200M高速双频wifi 千兆版 千兆端口光纤适用等1件商品','2022-09-23 00:00:00','2022-09-24 00:00:00','2022-09-23 00:15:00',NULL,NULL,'http://img.gmall.com/548442.jpg',31,'0.00','222.00','17.00'),(3239,'郝朗伯','13143805465','440.00','1004',49,'第17大街第40号楼5单元587门','描述438294','982778321126415','北纯精制黄小米（小黄米 月子米 小米粥 粗粮杂粮 大米伴侣）2.18kg等3件商品','2022-09-24 00:00:00','2022-09-24 00:00:00','2022-09-24 00:15:00',NULL,NULL,'http://img.gmall.com/864741.jpg',27,'0.00','435.00','5.00'),(3240,'郝固','13628268932','6205.00','1004',18,'第12大街第33号楼9单元154门','描述281137','727451781351669','小米（MI）电视 55英寸曲面4K智能WiFi网络液晶电视机4S L55M5-AQ 小米电视4S 55英寸 曲面等2件商品','2022-09-24 00:00:00','2022-09-24 00:00:00','2022-09-24 00:15:00',NULL,NULL,'http://img.gmall.com/727488.jpg',29,'0.00','6200.00','5.00'),(3241,'鲁希','13061644097','10698.00','1004',50,'第10大街第10号楼8单元698门','描述981513','799951543946357','小米（MI） 小米路由器4 双千兆路由器 无线家用穿墙1200M高速双频wifi 千兆版 千兆端口光纤适用等4件商品','2022-09-24 00:00:00','2022-09-24 00:00:00','2022-09-24 00:15:00',NULL,NULL,'http://img.gmall.com/548669.jpg',7,'3157.00','13842.00','13.00'),(3242,'张莺','13098209590','299.00','1004',36,'第3大街第29号楼8单元476门','描述289224','853934762989174','北纯精制黄小米（小黄米 月子米 小米粥 粗粮杂粮 大米伴侣）2.18kg等2件商品','2022-09-24 00:00:00','2022-09-24 00:00:00','2022-09-24 00:15:00',NULL,NULL,'http://img.gmall.com/165672.jpg',17,'0.00','290.00','9.00'),(3243,'窦家致','13524931135','2893.00','1005',24,'第1大街第27号楼3单元172门','描述856136','751443287413837','小米Play 流光渐变AI双摄 4GB+64GB 梦幻蓝 全网通4G 双卡双待 小水滴全面屏拍照游戏智能手机等2件商品','2022-09-24 00:00:00','2022-09-24 00:00:00','2022-09-24 00:15:00',NULL,NULL,'http://img.gmall.com/327661.jpg',17,'0.00','2884.00','9.00'),(3244,'计欣飘','13808818177','9979.00','1001',119,'第8大街第7号楼1单元867门','描述112637','156764254853453','TCL 55A950C 55英寸32核人工智能 HDR曲面超薄4K电视金属机身（枪色）等3件商品','2022-09-24 00:00:00','2022-09-24 00:00:00','2022-09-24 00:15:00',NULL,NULL,'http://img.gmall.com/347253.jpg',1,'0.00','9963.00','16.00'),(3245,'夏侯月','13435187698','2467.00','1004',53,'第13大街第33号楼3单元111门','描述526781','546289944785645','荣耀10 GT游戏加速 AIS手持夜景 6GB+64GB 幻影蓝全网通 移动联通电信等1件商品','2022-09-24 00:00:00','2022-09-24 00:00:00','2022-09-24 00:15:00',NULL,NULL,'http://img.gmall.com/246216.jpg',23,'0.00','2452.00','15.00'),(3246,'张毅俊','13014923734','3390.00','1004',126,'第8大街第8号楼2单元759门','描述196746','894377627366868','联想(Lenovo)拯救者Y7000 英特尔酷睿i7 2019新款 15.6英寸发烧游戏本笔记本电脑（i7-9750H 8GB 512GB SSD GTX1650 4G 高色域等1件商品','2022-09-24 00:00:00','2022-09-24 00:00:00','2022-09-24 00:15:00',NULL,NULL,'http://img.gmall.com/744114.jpg',22,'3314.00','6699.00','5.00'),(3247,'宋淑惠','13895972159','153.00','1004',130,'第11大街第16号楼5单元485门','描述227725','578733481386421','北纯精制黄小米（小黄米 月子米 小米粥 粗粮杂粮 大米伴侣）2.18kg等1件商品','2022-09-24 00:00:00','2022-09-24 00:00:00','2022-09-24 00:15:00',NULL,NULL,'http://img.gmall.com/481587.jpg',34,'0.00','145.00','8.00'),(3248,'时志','13568683379','3115.00','1004',5,'第6大街第5号楼5单元439门','描述193849','948919165976764','荣耀10青春版 幻彩渐变 2400万AI自拍 全网通版4GB+64GB 渐变蓝 移动联通电信4G全面屏手机 双卡双待等2件商品','2022-09-24 00:00:00','2022-09-24 00:00:00','2022-09-24 00:15:00',NULL,NULL,'http://img.gmall.com/763595.jpg',23,'0.00','3106.00','9.00'),(3249,'沈洁','13669763656','8908.00','1001',175,'第10大街第34号楼6单元988门','描述927349','135466592652248','Apple iPhoneXSMax (A2104) 256GB 深空灰色 移动联通电信4G手机 双卡双待等1件商品','2022-09-24 00:00:00','2022-09-24 00:00:00','2022-09-24 00:15:00',NULL,NULL,'http://img.gmall.com/793161.jpg',16,'0.00','8900.00','8.00'),(3250,'方娣','13864907243','6655.00','1004',110,'第2大街第4号楼9单元112门','描述995732','263792533171852','TCL 55A950C 55英寸32核人工智能 HDR曲面超薄4K电视金属机身（枪色）等2件商品','2022-09-24 00:00:00','2022-09-24 00:00:00','2022-09-24 00:15:00',NULL,NULL,'http://img.gmall.com/983667.jpg',28,'0.00','6642.00','13.00'),(3251,'东方娴瑾','13199956106','4675.00','1001',84,'第3大街第2号楼9单元714门','描述289446','618858438888249','荣耀10青春版 幻彩渐变 2400万AI自拍 全网通版4GB+64GB 渐变蓝 移动联通电信4G全面屏手机 双卡双待等3件商品','2022-09-24 00:00:00','2022-09-24 00:00:00','2022-09-24 00:15:00',NULL,NULL,'http://img.gmall.com/812295.jpg',18,'0.00','4659.00','16.00');

/*Table structure for table `order_refund_info` */

DROP TABLE IF EXISTS `order_refund_info`;

CREATE TABLE `order_refund_info` (
  `id` bigint(20) NOT NULL AUTO_INCREMENT COMMENT '编号',
  `user_id` bigint(20) DEFAULT NULL COMMENT '用户id',
  `order_id` bigint(20) DEFAULT NULL COMMENT '订单编号',
  `sku_id` bigint(20) DEFAULT NULL COMMENT 'skuid',
  `refund_type` varchar(20) DEFAULT NULL COMMENT '退款类型',
  `refund_num` bigint(20) DEFAULT NULL COMMENT '退货件数',
  `refund_amount` decimal(16,2) DEFAULT NULL COMMENT '退款金额',
  `refund_reason_type` varchar(200) DEFAULT NULL COMMENT '原因类型',
  `refund_reason_txt` varchar(20) DEFAULT NULL COMMENT '原因内容',
  `create_time` datetime DEFAULT NULL COMMENT '创建时间',
  PRIMARY KEY (`id`)
) ENGINE=InnoDB AUTO_INCREMENT=363 DEFAULT CHARSET=utf8 COMMENT='退单表';

/*Data for the table `order_refund_info` */

insert  into `order_refund_info`(`id`,`user_id`,`order_id`,`sku_id`,`refund_type`,`refund_num`,`refund_amount`,`refund_reason_type`,`refund_reason_txt`,`create_time`) values (345,31,3211,11,'1502',2,'12798.00','1301','退款原因具体：8882332868','2022-09-20 00:00:00'),(346,12,3212,8,'1501',1,'8900.00','1303','退款原因具体：5651213602','2022-09-20 00:00:00'),(347,16,3214,13,'1502',1,'7299.00','1307','退款原因具体：5848168731','2022-09-21 00:00:00'),(348,16,3218,13,'1502',1,'7299.00','1302','退款原因具体：0761932962','2022-09-22 00:00:00'),(349,35,3213,6,'1501',2,'290.00','1306','退款原因具体：7809608420','2022-09-23 00:00:00'),(350,33,3219,9,'1502',3,'7356.00','1301','退款原因具体：7851388611','2022-09-23 00:00:00'),(351,37,3220,6,'1502',1,'145.00','1301','退款原因具体：6320165225','2022-09-23 00:00:00'),(352,68,3224,4,'1502',2,'2884.00','1304','退款原因具体：4278714154','2022-09-23 00:00:00'),(353,36,3227,5,'1502',2,'488.00','1304','退款原因具体：2517969592','2022-09-23 00:00:00'),(354,8,3228,10,'1502',1,'222.00','1302','退款原因具体：1583280757','2022-09-23 00:00:00'),(355,33,3229,9,'1502',3,'7356.00','1306','退款原因具体：7436613111','2022-09-23 00:00:00'),(356,50,3223,10,'1502',2,'444.00','1301','退款原因具体：2026447036','2022-09-24 00:00:00'),(357,97,3225,8,'1502',3,'26700.00','1302','退款原因具体：3564464297','2022-09-24 00:00:00'),(358,72,3231,8,'1502',3,'26700.00','1303','退款原因具体：1026160942','2022-09-24 00:00:00'),(359,23,3235,4,'1502',1,'1442.00','1304','退款原因具体：8572098178','2022-09-24 00:00:00'),(360,147,3236,13,'1502',2,'14598.00','1302','退款原因具体：8009790013','2022-09-24 00:00:00'),(361,67,3237,10,'1501',2,'444.00','1301','退款原因具体：7021083848','2022-09-24 00:00:00'),(362,24,3243,4,'1502',2,'2884.00','1302','退款原因具体：5393237091','2022-09-24 00:00:00');

/*Table structure for table `order_status_log` */

DROP TABLE IF EXISTS `order_status_log`;

CREATE TABLE `order_status_log` (
  `id` bigint(11) NOT NULL AUTO_INCREMENT,
  `order_id` bigint(11) DEFAULT NULL,
  `order_status` varchar(11) DEFAULT NULL,
  `operate_time` datetime DEFAULT NULL,
  PRIMARY KEY (`id`)
) ENGINE=InnoDB AUTO_INCREMENT=77269 DEFAULT CHARSET=utf8;

/*Data for the table `order_status_log` */

insert  into `order_status_log`(`id`,`order_id`,`order_status`,`operate_time`) values (77121,3210,'1001','2022-09-20 00:00:00'),(77122,3211,'1001','2022-09-20 00:00:00'),(77123,3212,'1001','2022-09-20 00:00:00'),(77124,3213,'1001','2022-09-20 00:00:00'),(77125,3214,'1001','2022-09-20 00:00:00'),(77126,3215,'1001','2022-09-20 00:00:00'),(77127,3210,'1001','2022-09-20 00:00:00'),(77128,3211,'1002','2022-09-20 00:00:00'),(77129,3212,'1002','2022-09-20 00:00:00'),(77130,3213,'1002','2022-09-20 00:00:00'),(77131,3214,'1002','2022-09-20 00:00:00'),(77132,3215,'1002','2022-09-20 00:00:00'),(77133,3211,'1005','2022-09-20 00:00:00'),(77134,3212,'1005','2022-09-20 00:00:00'),(77135,3213,'1004','2022-09-20 00:00:00'),(77136,3214,'1004','2022-09-20 00:00:00'),(77137,3215,'1004','2022-09-20 00:00:00'),(77138,3216,'1001','2022-09-21 00:00:00'),(77139,3217,'1001','2022-09-21 00:00:00'),(77140,3218,'1001','2022-09-21 00:00:00'),(77141,3219,'1001','2022-09-21 00:00:00'),(77142,3220,'1001','2022-09-21 00:00:00'),(77143,3221,'1001','2022-09-21 00:00:00'),(77144,3210,'1001','2022-09-21 00:00:00'),(77145,3216,'1001','2022-09-21 00:00:00'),(77146,3217,'1002','2022-09-21 00:00:00'),(77147,3218,'1001','2022-09-21 00:00:00'),(77148,3219,'1001','2022-09-21 00:00:00'),(77149,3220,'1002','2022-09-21 00:00:00'),(77150,3221,'1001','2022-09-21 00:00:00'),(77151,3214,'1005','2022-09-21 00:00:00'),(77152,3217,'1004','2022-09-21 00:00:00'),(77153,3220,'1004','2022-09-21 00:00:00'),(77154,3222,'1001','2022-09-22 00:00:00'),(77155,3223,'1001','2022-09-22 00:00:00'),(77156,3224,'1001','2022-09-22 00:00:00'),(77157,3225,'1001','2022-09-22 00:00:00'),(77158,3226,'1001','2022-09-22 00:00:00'),(77159,3227,'1001','2022-09-22 00:00:00'),(77160,3228,'1001','2022-09-22 00:00:00'),(77161,3229,'1001','2022-09-22 00:00:00'),(77162,3210,'1002','2022-09-22 00:00:00'),(77163,3216,'1002','2022-09-22 00:00:00'),(77164,3218,'1002','2022-09-22 00:00:00'),(77165,3219,'1002','2022-09-22 00:00:00'),(77166,3221,'1002','2022-09-22 00:00:00'),(77167,3222,'1001','2022-09-22 00:00:00'),(77168,3223,'1001','2022-09-22 00:00:00'),(77169,3224,'1002','2022-09-22 00:00:00'),(77170,3225,'1001','2022-09-22 00:00:00'),(77171,3226,'1001','2022-09-22 00:00:00'),(77172,3227,'1002','2022-09-22 00:00:00'),(77173,3228,'1002','2022-09-22 00:00:00'),(77174,3229,'1001','2022-09-22 00:00:00'),(77175,3210,'1004','2022-09-22 00:00:00'),(77176,3216,'1004','2022-09-22 00:00:00'),(77177,3218,'1005','2022-09-22 00:00:00'),(77178,3219,'1004','2022-09-22 00:00:00'),(77179,3221,'1004','2022-09-22 00:00:00'),(77180,3224,'1004','2022-09-22 00:00:00'),(77181,3227,'1004','2022-09-22 00:00:00'),(77182,3228,'1004','2022-09-22 00:00:00'),(77183,3230,'1001','2022-09-23 00:00:00'),(77184,3231,'1001','2022-09-23 00:00:00'),(77185,3232,'1001','2022-09-23 00:00:00'),(77186,3233,'1001','2022-09-23 00:00:00'),(77187,3234,'1001','2022-09-23 00:00:00'),(77188,3235,'1001','2022-09-23 00:00:00'),(77189,3236,'1001','2022-09-23 00:00:00'),(77190,3237,'1001','2022-09-23 00:00:00'),(77191,3238,'1001','2022-09-23 00:00:00'),(77192,3222,'1001','2022-09-23 00:00:00'),(77193,3223,'1002','2022-09-23 00:00:00'),(77194,3225,'1002','2022-09-23 00:00:00'),(77195,3226,'1002','2022-09-23 00:00:00'),(77196,3229,'1002','2022-09-23 00:00:00'),(77197,3230,'1002','2022-09-23 00:00:00'),(77198,3231,'1002','2022-09-23 00:00:00'),(77199,3232,'1001','2022-09-23 00:00:00'),(77200,3233,'1001','2022-09-23 00:00:00'),(77201,3234,'1001','2022-09-23 00:00:00'),(77202,3235,'1002','2022-09-23 00:00:00'),(77203,3236,'1001','2022-09-23 00:00:00'),(77204,3237,'1002','2022-09-23 00:00:00'),(77205,3238,'1001','2022-09-23 00:00:00'),(77206,3213,'1005','2022-09-23 00:00:00'),(77207,3219,'1005','2022-09-23 00:00:00'),(77208,3220,'1005','2022-09-23 00:00:00'),(77209,3223,'1004','2022-09-23 00:00:00'),(77210,3224,'1005','2022-09-23 00:00:00'),(77211,3225,'1004','2022-09-23 00:00:00'),(77212,3226,'1004','2022-09-23 00:00:00'),(77213,3227,'1005','2022-09-23 00:00:00'),(77214,3228,'1005','2022-09-23 00:00:00'),(77215,3229,'1005','2022-09-23 00:00:00'),(77216,3230,'1004','2022-09-23 00:00:00'),(77217,3231,'1004','2022-09-23 00:00:00'),(77218,3235,'1004','2022-09-23 00:00:00'),(77219,3237,'1004','2022-09-23 00:00:00'),(77220,3239,'1001','2022-09-24 00:00:00'),(77221,3240,'1001','2022-09-24 00:00:00'),(77222,3241,'1001','2022-09-24 00:00:00'),(77223,3242,'1001','2022-09-24 00:00:00'),(77224,3243,'1001','2022-09-24 00:00:00'),(77225,3244,'1001','2022-09-24 00:00:00'),(77226,3245,'1001','2022-09-24 00:00:00'),(77227,3246,'1001','2022-09-24 00:00:00'),(77228,3247,'1001','2022-09-24 00:00:00'),(77229,3248,'1001','2022-09-24 00:00:00'),(77230,3249,'1001','2022-09-24 00:00:00'),(77231,3250,'1001','2022-09-24 00:00:00'),(77232,3251,'1001','2022-09-24 00:00:00'),(77233,3222,'1001','2022-09-24 00:00:00'),(77234,3232,'1001','2022-09-24 00:00:00'),(77235,3233,'1001','2022-09-24 00:00:00'),(77236,3234,'1001','2022-09-24 00:00:00'),(77237,3236,'1002','2022-09-24 00:00:00'),(77238,3238,'1002','2022-09-24 00:00:00'),(77239,3239,'1002','2022-09-24 00:00:00'),(77240,3240,'1002','2022-09-24 00:00:00'),(77241,3241,'1002','2022-09-24 00:00:00'),(77242,3242,'1002','2022-09-24 00:00:00'),(77243,3243,'1002','2022-09-24 00:00:00'),(77244,3244,'1001','2022-09-24 00:00:00'),(77245,3245,'1002','2022-09-24 00:00:00'),(77246,3246,'1002','2022-09-24 00:00:00'),(77247,3247,'1002','2022-09-24 00:00:00'),(77248,3248,'1002','2022-09-24 00:00:00'),(77249,3249,'1001','2022-09-24 00:00:00'),(77250,3250,'1002','2022-09-24 00:00:00'),(77251,3251,'1001','2022-09-24 00:00:00'),(77252,3223,'1005','2022-09-24 00:00:00'),(77253,3225,'1005','2022-09-24 00:00:00'),(77254,3231,'1005','2022-09-24 00:00:00'),(77255,3235,'1005','2022-09-24 00:00:00'),(77256,3236,'1005','2022-09-24 00:00:00'),(77257,3237,'1005','2022-09-24 00:00:00'),(77258,3238,'1004','2022-09-24 00:00:00'),(77259,3239,'1004','2022-09-24 00:00:00'),(77260,3240,'1004','2022-09-24 00:00:00'),(77261,3241,'1004','2022-09-24 00:00:00'),(77262,3242,'1004','2022-09-24 00:00:00'),(77263,3243,'1005','2022-09-24 00:00:00'),(77264,3245,'1004','2022-09-24 00:00:00'),(77265,3246,'1004','2022-09-24 00:00:00'),(77266,3247,'1004','2022-09-24 00:00:00'),(77267,3248,'1004','2022-09-24 00:00:00'),(77268,3250,'1004','2022-09-24 00:00:00');

/*Table structure for table `payment_info` */

DROP TABLE IF EXISTS `payment_info`;

CREATE TABLE `payment_info` (
  `id` bigint(20) NOT NULL AUTO_INCREMENT COMMENT '编号',
  `out_trade_no` varchar(20) DEFAULT NULL COMMENT '对外业务编号',
  `order_id` bigint(20) DEFAULT NULL COMMENT '订单编号',
  `user_id` bigint(20) DEFAULT NULL COMMENT '用户编号',
  `alipay_trade_no` varchar(100) DEFAULT NULL COMMENT '支付宝交易流水编号',
  `total_amount` decimal(16,2) DEFAULT NULL COMMENT '支付金额',
  `subject` varchar(200) DEFAULT NULL COMMENT '交易内容',
  `payment_type` varchar(20) DEFAULT NULL COMMENT '支付方式',
  `payment_time` datetime DEFAULT NULL COMMENT '支付时间',
  PRIMARY KEY (`id`)
) ENGINE=InnoDB AUTO_INCREMENT=4938 DEFAULT CHARSET=utf8 COMMENT='支付流水表';

/*Data for the table `payment_info` */

insert  into `payment_info`(`id`,`out_trade_no`,`order_id`,`user_id`,`alipay_trade_no`,`total_amount`,`subject`,`payment_type`,`payment_time`) values (4903,'896239443547181',3211,31,'9677971575761396721826157979819777','11836.00','联想(Lenovo)拯救者Y7000 2019新款 15.6英寸游戏本笔记本电脑（i7-9750H 8GB 1TB+256GB GTX1650 4G独显 黑）等2件商品','1102','2022-09-20 00:00:00'),(4904,'697366721719699',3212,12,'5742548715298615532242316795124942','8905.00','Apple iPhoneXSMax (A2104) 256GB 深空灰色 移动联通电信4G手机 双卡双待等1件商品','1102','2022-09-20 00:00:00'),(4905,'311519479977864',3213,35,'4971984438884485789865152125994715','305.00','北纯精制黄小米（小黄米 月子米 小米粥 粗粮杂粮 大米伴侣）2.18kg等2件商品','1102','2022-09-20 00:00:00'),(4906,'754738117628439',3214,16,'1319221295863519429838336613842173','6840.00','联想(Lenovo)Y9000X 2019新款 15.6英寸高性能标压轻薄本笔记本电脑(i5-9300H 16G 512GSSD FHD)深空灰等1件商品','1103','2022-09-20 00:00:00'),(4907,'497815531392155',3215,28,'2385116599986378211519741726327722','2897.00','小米Play 流光渐变AI双摄 4GB+64GB 梦幻蓝 全网通4G 双卡双待 小水滴全面屏拍照游戏智能手机等2件商品','1102','2022-09-20 00:00:00'),(4908,'848322768566165',3217,41,'4851557932377111775754698181653636','10468.00','荣耀10青春版 幻彩渐变 2400万AI自拍 全网通版4GB+64GB 渐变蓝 移动联通电信4G全面屏手机 双卡双待等5件商品','1102','2022-09-21 00:00:00'),(4909,'933392366866145',3220,37,'9364445527772544739672617294149382','152.00','北纯精制黄小米（小黄米 月子米 小米粥 粗粮杂粮 大米伴侣）2.18kg等1件商品','1102','2022-09-21 00:00:00'),(4910,'621265924852634',3210,27,'1754465226894245782633478827656471','8913.00','Apple iPhoneXSMax (A2104) 256GB 深空灰色 移动联通电信4G手机 双卡双待等1件商品','1101','2022-09-22 00:00:00'),(4911,'764221251847482',3216,30,'8583826947731233411116586421272164','6677.00','荣耀10青春版 幻彩渐变 2400万AI自拍 全网通版4GB+64GB 渐变蓝 移动联通电信4G全面屏手机 双卡双待等3件商品','1103','2022-09-22 00:00:00'),(4912,'419611654955959',3218,16,'6562155438712734563746158948283787','6962.00','联想(Lenovo)Y9000X 2019新款 15.6英寸高性能标压轻薄本笔记本电脑(i5-9300H 16G 512GSSD FHD)深空灰等3件商品','1102','2022-09-22 00:00:00'),(4913,'861141418215645',3219,33,'7586227857543529175387561386719657','7371.00','荣耀10 GT游戏加速 AIS手持夜景 6GB+64GB 幻影蓝全网通 移动联通电信等3件商品','1102','2022-09-22 00:00:00'),(4914,'234972298646116',3221,21,'7229752881925782712918472597998929','1560.00','荣耀10青春版 幻彩渐变 2400万AI自拍 全网通版4GB+64GB 渐变蓝 移动联通电信4G全面屏手机 双卡双待等1件商品','1102','2022-09-22 00:00:00'),(4915,'735966178124467',3224,68,'9877638589819495554245424854971696','2895.00','小米Play 流光渐变AI双摄 4GB+64GB 梦幻蓝 全网通4G 双卡双待 小水滴全面屏拍照游戏智能手机等2件商品','1101','2022-09-22 00:00:00'),(4916,'511648373747636',3227,36,'1665144397692339557823256599346138','502.00','十月稻田 沁州黄小米 (黄小米 五谷杂粮 山西特产 真空装 大米伴侣 粥米搭档) 2.5kg等2件商品','1101','2022-09-22 00:00:00'),(4917,'525492286415412',3228,8,'8493781173454231324982484522122524','227.00','小米（MI） 小米路由器4 双千兆路由器 无线家用穿墙1200M高速双频wifi 千兆版 千兆端口光纤适用等1件商品','1101','2022-09-22 00:00:00'),(4918,'848488725413289',3223,50,'9428514147791518159433463443598613','453.00','小米（MI） 小米路由器4 双千兆路由器 无线家用穿墙1200M高速双频wifi 千兆版 千兆端口光纤适用等2件商品','1101','2022-09-23 00:00:00'),(4919,'788593766286565',3225,97,'5722845632474831432227227957565479','26709.00','Apple iPhoneXSMax (A2104) 256GB 深空灰色 移动联通电信4G手机 双卡双待等3件商品','1103','2022-09-23 00:00:00'),(4920,'563467512362687',3226,99,'9258645426567788113927964558324854','18573.00','联想(Lenovo)拯救者Y7000 英特尔酷睿i7 2019新款 15.6英寸发烧游戏本笔记本电脑（i7-9750H 8GB 512GB SSD GTX1650 4G 高色域等3件商品','1101','2022-09-23 00:00:00'),(4921,'781359423422988',3229,33,'9364215816977581438923495633737399','7365.00','荣耀10 GT游戏加速 AIS手持夜景 6GB+64GB 幻影蓝全网通 移动联通电信等3件商品','1102','2022-09-23 00:00:00'),(4922,'836172294932192',3230,44,'2171953362489988936237974142398466','3484.00','北纯精制黄小米（小黄米 月子米 小米粥 粗粮杂粮 大米伴侣）2.18kg等2件商品','1102','2022-09-23 00:00:00'),(4923,'968831232196533',3231,72,'8752523473124961197472687647598289','26708.00','Apple iPhoneXSMax (A2104) 256GB 深空灰色 移动联通电信4G手机 双卡双待等3件商品','1103','2022-09-23 00:00:00'),(4924,'998286573499487',3235,23,'5218421193423549226953497771646342','1457.00','小米Play 流光渐变AI双摄 4GB+64GB 梦幻蓝 全网通4G 双卡双待 小水滴全面屏拍照游戏智能手机等1件商品','1102','2022-09-23 00:00:00'),(4925,'166474275634355',3237,67,'8586645932178888319436779981414557','456.00','小米（MI） 小米路由器4 双千兆路由器 无线家用穿墙1200M高速双频wifi 千兆版 千兆端口光纤适用等2件商品','1102','2022-09-23 00:00:00'),(4926,'246215655575361',3236,147,'2227524923777969625824612516892662','13638.00','联想(Lenovo)Y9000X 2019新款 15.6英寸高性能标压轻薄本笔记本电脑(i5-9300H 16G 512GSSD FHD)深空灰等2件商品','1102','2022-09-24 00:00:00'),(4927,'112495346971955',3238,46,'9416489754758853932719125385185917','239.00','小米（MI） 小米路由器4 双千兆路由器 无线家用穿墙1200M高速双频wifi 千兆版 千兆端口光纤适用等1件商品','1101','2022-09-24 00:00:00'),(4928,'982778321126415',3239,49,'9258963535863541632326346336724786','440.00','北纯精制黄小米（小黄米 月子米 小米粥 粗粮杂粮 大米伴侣）2.18kg等3件商品','1102','2022-09-24 00:00:00'),(4929,'727451781351669',3240,18,'2619548488212435541674414373478356','6205.00','小米（MI）电视 55英寸曲面4K智能WiFi网络液晶电视机4S L55M5-AQ 小米电视4S 55英寸 曲面等2件商品','1102','2022-09-24 00:00:00'),(4930,'799951543946357',3241,50,'6279765487458685429372959921348864','10698.00','小米（MI） 小米路由器4 双千兆路由器 无线家用穿墙1200M高速双频wifi 千兆版 千兆端口光纤适用等4件商品','1101','2022-09-24 00:00:00'),(4931,'853934762989174',3242,36,'4717358159393554968252615956469871','299.00','北纯精制黄小米（小黄米 月子米 小米粥 粗粮杂粮 大米伴侣）2.18kg等2件商品','1101','2022-09-24 00:00:00'),(4932,'751443287413837',3243,24,'1417479389687721947599822393565517','2893.00','小米Play 流光渐变AI双摄 4GB+64GB 梦幻蓝 全网通4G 双卡双待 小水滴全面屏拍照游戏智能手机等2件商品','1102','2022-09-24 00:00:00'),(4933,'546289944785645',3245,53,'9217477398542788827445854374694422','2467.00','荣耀10 GT游戏加速 AIS手持夜景 6GB+64GB 幻影蓝全网通 移动联通电信等1件商品','1102','2022-09-24 00:00:00'),(4934,'894377627366868',3246,126,'1744331558387221436625132293652894','3390.00','联想(Lenovo)拯救者Y7000 英特尔酷睿i7 2019新款 15.6英寸发烧游戏本笔记本电脑（i7-9750H 8GB 512GB SSD GTX1650 4G 高色域等1件商品','1101','2022-09-24 00:00:00'),(4935,'578733481386421',3247,130,'1237515729298637387283983619558216','153.00','北纯精制黄小米（小黄米 月子米 小米粥 粗粮杂粮 大米伴侣）2.18kg等1件商品','1101','2022-09-24 00:00:00'),(4936,'948919165976764',3248,5,'1876998646768956651864885588363691','3115.00','荣耀10青春版 幻彩渐变 2400万AI自拍 全网通版4GB+64GB 渐变蓝 移动联通电信4G全面屏手机 双卡双待等2件商品','1103','2022-09-24 00:00:00'),(4937,'263792533171852',3250,110,'6814686614679263376844784521187487','6655.00','TCL 55A950C 55英寸32核人工智能 HDR曲面超薄4K电视金属机身（枪色）等2件商品','1102','2022-09-24 00:00:00');

/*Table structure for table `sku_info` */

DROP TABLE IF EXISTS `sku_info`;

CREATE TABLE `sku_info` (
  `id` bigint(20) NOT NULL AUTO_INCREMENT COMMENT 'skuid(itemID)',
  `spu_id` bigint(20) DEFAULT NULL COMMENT 'spuid',
  `price` decimal(10,0) DEFAULT NULL COMMENT '价格',
  `sku_name` varchar(200) DEFAULT NULL COMMENT 'sku名称',
  `sku_desc` varchar(2000) DEFAULT NULL COMMENT '商品规格描述',
  `weight` decimal(10,2) DEFAULT NULL COMMENT '重量',
  `tm_id` bigint(20) DEFAULT NULL COMMENT '品牌(冗余)',
  `category3_id` bigint(20) DEFAULT NULL COMMENT '三级分类id（冗余)',
  `sku_default_img` varchar(200) DEFAULT NULL COMMENT '默认显示图片(冗余)',
  `create_time` datetime DEFAULT NULL COMMENT '创建时间',
  PRIMARY KEY (`id`)
) ENGINE=InnoDB AUTO_INCREMENT=14 DEFAULT CHARSET=utf8 COMMENT='库存单元表';

/*Data for the table `sku_info` */

insert  into `sku_info`(`id`,`spu_id`,`price`,`sku_name`,`sku_desc`,`weight`,`tm_id`,`category3_id`,`sku_default_img`,`create_time`) values (1,1,'2220','荣耀10青春版 幻彩渐变 2400万AI自拍 全网通版4GB+64GB 渐变蓝 移动联通电信4G全面屏手机 双卡双待','荣耀10青春版 幻彩渐变 2400万AI自拍 全网通版4GB+64GB 渐变蓝 移动联通电信4G全面屏手机 双卡双待','0.24',2,61,'http://AOvKmfRQEBRJJllwCwCuptVAOtBBcIjWeJRsmhbJ','2019-02-14 21:25:54'),(2,2,'3321','TCL 55A950C 55英寸32核人工智能 HDR曲面超薄4K电视金属机身（枪色）','TCL 55A950C 55英寸32核人工智能 HDR曲面超薄4K电视金属机身（枪色）','15.24',4,86,'http://JfJSvAnPkErYPcUsbgCuokhjxKiLeqpDXakZqFeE','2019-02-14 21:25:54'),(3,3,'3100','小米（MI）电视 55英寸曲面4K智能WiFi网络液晶电视机4S L55M5-AQ 小米电视4S 55英寸 曲面','小米（MI）电视 55英寸曲面4K智能WiFi网络液晶电视机4S L55M5-AQ 小米电视4S 55英寸 曲面','15.24',1,86,'http://LzpblavcZQeYEbwbSjsnmsgAjtpudhDradqsRgdZ','2019-02-14 21:25:54'),(4,4,'1442','小米Play 流光渐变AI双摄 4GB+64GB 梦幻蓝 全网通4G 双卡双待 小水滴全面屏拍照游戏智能手机','小米Play 流光渐变AI双摄 4GB+64GB 梦幻蓝 全网通4G 双卡双待 小水滴全面屏拍照游戏智能手机','0.24',1,61,'http://SXlkutIjYpDWWTEpNUiisnlsevOHVElrdngQLgyZ','2019-02-14 21:25:54'),(5,5,'244','十月稻田 沁州黄小米 (黄小米 五谷杂粮 山西特产 真空装 大米伴侣 粥米搭档) 2.5kg','十月稻田 沁州黄小米 (黄小米 五谷杂粮 山西特产 真空装 大米伴侣 粥米搭档) 2.5kg','2.50',5,803,'http://INNButKuTkslasORPBmHACnJuccfsxmRxNuMznPm','2019-02-14 21:25:54'),(6,6,'145','北纯精制黄小米（小黄米 月子米 小米粥 粗粮杂粮 大米伴侣）2.18kg','北纯 精制 黄小米（小黄米 月子米 小米粥 粗粮杂粮 大米伴侣）2.18kg','2.20',5,803,'http://lMddjKYNSaxpeAqbkWcxegrrHjayrosVDeLrABhg','2019-02-14 21:25:54'),(7,1,'1553','荣耀10青春版 幻彩渐变 2400万AI自拍 全网通版4GB+64GB 渐变蓝 移动联通电信4G全面屏手机 双卡双待','荣耀10青春版 幻彩渐变 2400万AI自拍 全网通版4GB+64GB 渐变蓝 移动联通电信4G全面屏手机 双卡双待','0.24',2,61,'http://IJwhvJSuwaMHaevQQKZUzLkOsvYFiYsRhmLSjpZb','2019-02-14 21:25:54'),(8,7,'8900','Apple iPhoneXSMax (A2104) 256GB 深空灰色 移动联通电信4G手机 双卡双待','Apple iPhone XS Max (A2104) 256GB 深空灰色 移动联通电信4G手机 双卡双待','0.24',3,61,'http://RFCTOnWWRtrJdygmPqiUXdBvyhqiTTOnXYagFJDP','2019-02-14 21:25:54'),(9,8,'2452','荣耀10 GT游戏加速 AIS手持夜景 6GB+64GB 幻影蓝全网通 移动联通电信','荣耀10 GT游戏加速 AIS手持夜景 6GB+64GB 幻影蓝全网通 移动联通电信','0.24',2,61,'http://hNuKrFXZgFIzzZxnYeCxEDdJlbAwHUCbBChdXAKZ','2019-02-14 21:25:54'),(10,9,'222','小米（MI） 小米路由器4 双千兆路由器 无线家用穿墙1200M高速双频wifi 千兆版 千兆端口光纤适用','小米（MI） 小米路由器4 双千兆路由器 无线家用穿墙1200M高速双频wifi 千兆版 千兆端口光纤适用','1.24',1,329,'http://kAXllAQEzJWHwiExxVmyJIABfXyzbKwedeofMqwh','2019-02-14 21:25:54'),(11,10,'6399','联想(Lenovo)拯救者Y7000 2019新款 15.6英寸游戏本笔记本电脑（i7-9750H 8GB 1TB+256GB GTX1650 4G独显 黑）','联想(Lenovo) 拯救者Y7000 2019新款 15.6英寸游戏本笔记本电脑（i7-9750H 8GB 1TB+256GB GTX1650 4G独显 黑）','4.25',6,285,'http://kAXllAQEzJWHwiExxVmyJIABfXyzbKwedeofMqwh','2020-02-27 11:21:13'),(12,10,'6699','联想(Lenovo)拯救者Y7000 英特尔酷睿i7 2019新款 15.6英寸发烧游戏本笔记本电脑（i7-9750H 8GB 512GB SSD GTX1650 4G 高色域','联想(Lenovo) 拯救者Y7000 英特尔酷睿i7 2019新款 15.6英寸发烧游戏本笔记本电脑（i7-9750H 8GB 512GB SSD GTX1650 4G 高色域','4.25',6,285,'http://kAXllAQEzJWHwiExxVmyJIABfXyzbKwedeofMqwh','2020-02-27 11:21:13'),(13,10,'7299','联想(Lenovo)Y9000X 2019新款 15.6英寸高性能标压轻薄本笔记本电脑(i5-9300H 16G 512GSSD FHD)深空灰','联想(Lenovo) Y9000X 2019新款 15.6英寸高性能标压轻薄本笔记本电脑(i5-9300H 16G 512GSSD FHD)深空灰','4.25',6,285,'http://kAXllAQEzJWHwiExxVmyJIABfXyzbKwedeofMqwh','2020-02-27 11:21:13');

/*Table structure for table `spu_info` */

DROP TABLE IF EXISTS `spu_info`;

CREATE TABLE `spu_info` (
  `id` bigint(20) NOT NULL AUTO_INCREMENT COMMENT '商品id',
  `spu_name` varchar(200) DEFAULT NULL COMMENT '商品名称',
  `description` varchar(1000) DEFAULT NULL COMMENT '商品描述(后台简述）',
  `category3_id` bigint(20) DEFAULT NULL COMMENT '三级分类id',
  `tm_id` bigint(20) DEFAULT NULL COMMENT '品牌id',
  PRIMARY KEY (`id`)
) ENGINE=InnoDB AUTO_INCREMENT=11 DEFAULT CHARSET=utf8 COMMENT='商品表';

/*Data for the table `spu_info` */

insert  into `spu_info`(`id`,`spu_name`,`description`,`category3_id`,`tm_id`) values (1,'荣耀10青春版 幻彩渐变 ','共2个sku',61,2),(2,'TCL 55A950C ','共1个sku',86,4),(3,'小米（MI）电视 ','共1个sku',86,1),(4,'小米Play 流光渐变AI双摄 ','共1个sku',61,1),(5,'十月稻田 沁州黄小米 ','共1个sku',803,5),(6,'北纯精制黄小米（小黄米 ','共1个sku',803,5),(7,'Apple iPhoneXSMax ','共1个sku',61,3),(8,'荣耀10 GT游戏加速 ','共1个sku',61,2),(9,'小米（MI） 小米路由器4 ','共1个sku',329,1),(10,'联想(Lenovo)拯救者Y7000 ','共3个sku',285,6);

/*Table structure for table `user_info` */

DROP TABLE IF EXISTS `user_info`;

CREATE TABLE `user_info` (
  `id` bigint(20) NOT NULL AUTO_INCREMENT COMMENT '编号',
  `login_name` varchar(200) DEFAULT NULL COMMENT '用户名称',
  `nick_name` varchar(200) DEFAULT NULL COMMENT '用户昵称',
  `passwd` varchar(200) DEFAULT NULL COMMENT '用户密码',
  `name` varchar(200) DEFAULT NULL COMMENT '用户姓名',
  `phone_num` varchar(200) DEFAULT NULL COMMENT '手机号',
  `email` varchar(200) DEFAULT NULL COMMENT '邮箱',
  `head_img` varchar(200) DEFAULT NULL COMMENT '头像',
  `user_level` varchar(200) DEFAULT NULL COMMENT '用户级别',
  `birthday` date DEFAULT NULL COMMENT '用户生日',
  `gender` varchar(1) DEFAULT NULL COMMENT '性别 M男,F女',
  `create_time` datetime DEFAULT NULL COMMENT '创建时间',
  `operate_time` datetime DEFAULT NULL COMMENT '修改时间',
  PRIMARY KEY (`id`)
) ENGINE=InnoDB AUTO_INCREMENT=251 DEFAULT CHARSET=utf8 COMMENT='用户表';

/*Data for the table `user_info` */

insert  into `user_info`(`id`,`login_name`,`nick_name`,`passwd`,`name`,`phone_num`,`email`,`head_img`,`user_level`,`birthday`,`gender`,`create_time`,`operate_time`) values (1,'rt81df','岚岚',NULL,'萧雪','13538297831','rt81df@aol.com',NULL,'2','1975-09-20','F','2022-09-20 00:00:00','2022-09-24 00:00:00'),(2,'b7ikdqllkgac','阿元',NULL,'公孙之轮','13456429269','b7ikdqllkgac@163.net',NULL,'1','2001-09-20','M','2022-09-20 00:00:00','2022-09-24 00:00:00'),(3,'q3v4gvqspfux','茜茜',NULL,'茅霞','13659252771','q3v4gvqspfux@googlemail.com',NULL,'2','1967-09-20','F','2022-09-20 00:00:00','2022-09-24 00:00:00'),(4,'jcphd2u','叶璧',NULL,'凤冰爽','13393453731','1h26n5o1@live.com',NULL,'3','1971-09-20','F','2022-09-20 00:00:00','2022-09-24 00:00:00'),(5,'rgfptiiel','荔枝',NULL,'呼延予','13422149128','yvebidsbv4@163.net',NULL,'1','1987-09-20','F','2022-09-20 00:00:00','2022-09-23 00:00:00'),(6,'1z1wuq','萍玲',NULL,'余凤洁','13683366698','l40i5o78bs@gmail.com',NULL,'2','2000-09-20','F','2022-09-20 00:00:00','2022-09-24 00:00:00'),(7,'j8p7g7g','素素',NULL,'独孤岚艺','13232839843','qya0jdll@yeah.net',NULL,'1','1970-09-20','F','2022-09-20 00:00:00','2022-09-24 00:00:00'),(8,'dlb42ew','昭昭',NULL,'何悦','13429384684','5e2a1gcu0@sina.com',NULL,'1','2000-09-20','F','2022-09-20 00:00:00','2022-09-24 00:00:00'),(9,'rpr2a6kb5vw','策腾',NULL,'傅策腾','13757728296','chksdi@126.com',NULL,'1','2002-09-20','M','2022-09-20 00:00:00','2022-09-24 00:00:00'),(10,'gok0qi9gvb','阿永',NULL,'上官振','13216438512','3n3407@msn.com',NULL,'3','1988-09-20','M','2022-09-20 00:00:00','2022-09-24 00:00:00'),(11,'3hdloy95','妹霞',NULL,'杨真环','13669426543','3hdloy95@263.net',NULL,'1','2005-09-20','F','2022-09-20 00:00:00','2022-09-24 00:00:00'),(12,'gex3impb3t','君琴',NULL,'司空咏卿','13725599251','gex3impb3t@live.com',NULL,'1','1999-09-20','F','2022-09-20 00:00:00','2022-09-24 00:00:00'),(13,'fe0owqoktcao','霞香',NULL,'臧凡','13398314967','s70enldq@msn.com',NULL,'1','1978-09-20','F','2022-09-20 00:00:00','2022-09-24 00:00:00'),(14,'pd6o2uf6','丽丽',NULL,'潘华慧','13252413238','pd6o2uf6@163.net',NULL,'1','1977-09-20','F','2022-09-20 00:00:00','2022-09-24 00:00:00'),(15,'jhvh4dg1jx','兴良',NULL,'臧辉','13326383425','7jrlyvq0rxof@163.net',NULL,'2','2006-09-20','M','2022-09-20 00:00:00','2022-09-24 00:00:00'),(16,'wl9xvjcg','贞莉',NULL,'宇文素云','13616216792','wjcghc@163.com',NULL,'1','1987-09-20','F','2022-09-20 00:00:00','2022-09-24 00:00:00'),(17,'fpk9zfp30','娣叶',NULL,'毛欢霄','13174739355','7jssot7c@yahoo.com',NULL,'1','1977-09-20','F','2022-09-20 00:00:00','2022-09-24 00:00:00'),(18,'k0two9dsg','怡怡',NULL,'纪媛','13426747853','u3f1wqe@msn.com',NULL,'3','1967-09-20','F','2022-09-20 00:00:00','2022-09-24 00:00:00'),(19,'shm6sw06or','秋珊',NULL,'计晶妍','13846825373','vjrizou6l4@126.com',NULL,'1','1974-09-20','F','2022-09-20 00:00:00','2022-09-24 00:00:00'),(20,'h3mgnoma4','飞彬',NULL,'郝有','13326786746','h3mgnoma4@hotmail.com',NULL,'1','1979-09-20','M','2022-09-20 00:00:00','2022-09-24 00:00:00'),(21,'us72zg5b','寒寒',NULL,'殷萍','13128641673','us72zg5b@live.com',NULL,'3','2000-09-20','F','2022-09-20 00:00:00','2022-09-23 00:00:00'),(22,'cl2z3kfaa','舒影',NULL,'柳宜可','13588887831','cl2z3kfaa@263.net',NULL,'1','1978-09-20','F','2022-09-20 00:00:00','2022-09-24 00:00:00'),(23,'j98f4ufy','霞香',NULL,'赵澜纯','13422829873','j98f4ufy@aol.com',NULL,'1','2004-09-20','F','2022-09-20 00:00:00','2022-09-24 00:00:00'),(24,'6r4ql4n','树炎',NULL,'凤成康','13871998323','6r4ql4n@sohu.com',NULL,'1','1975-09-20','M','2022-09-20 00:00:00','2022-09-23 00:00:00'),(25,'5d1uny','诚先',NULL,'和东','13375187713','dkvqie17f1@qq.com',NULL,'1','1973-09-20','M','2022-09-20 00:00:00','2022-09-24 00:00:00'),(26,'c59laihi','娴瑾',NULL,'姜宜','13572886876','yc1zks4z0@yahoo.com.cn',NULL,'1','1996-09-20','F','2022-09-20 00:00:00','2022-09-24 00:00:00'),(27,'mbpbi7wc','阿义',NULL,'毕磊','13865593795','mbpbi7wc@live.com',NULL,'1','1985-09-20','M','2022-09-20 00:00:00','2022-09-24 00:00:00'),(28,'cyrrdz5','颖露',NULL,'任纯','13327883295','cyrrdz5@gmail.com',NULL,'3','2005-09-20','F','2022-09-20 00:00:00','2022-09-24 00:00:00'),(29,'7vwhp3l50','秋秋',NULL,'邬怡','13653619713','evmf4ul@163.com',NULL,'1','1971-09-20','F','2022-09-20 00:00:00','2022-09-24 00:00:00'),(30,'rdvmwc1ysh9','阿勇',NULL,'俞民','13487991719','rdvmwc1ysh9@sina.com',NULL,'2','1976-09-20','M','2022-09-20 00:00:00','2022-09-23 00:00:00'),(31,'c7fm4ymx','瑶怡',NULL,'南门欣飘','13865144389','c7fm4ymx@sohu.com',NULL,'2','1999-09-20','F','2022-09-20 00:00:00','2022-09-24 00:00:00'),(32,'ex695yot','阿辉',NULL,'苗学','13192387958','ex695yot@yeah.net',NULL,'2','1982-09-20','M','2022-09-20 00:00:00','2022-09-24 00:00:00'),(33,'clxazm','若鸣',NULL,'和博','13118465134','54o45iurkz@qq.com',NULL,'3','1976-09-20','M','2022-09-20 00:00:00','2022-09-24 00:00:00'),(34,'qmyafk','春菊',NULL,'沈兰凤','13126497642','sddlq1w5eeu9@sohu.com',NULL,'2','1970-09-20','F','2022-09-20 00:00:00','2022-09-24 00:00:00'),(35,'7o91gomjg','瑾颖',NULL,'汤筠','13899368687','4u51a91@163.com',NULL,'1','1984-09-20','F','2022-09-20 00:00:00','2022-09-24 00:00:00'),(36,'hf50wn5zy','毓悦',NULL,'慕容姣','13188498756','fgbogg@263.net',NULL,'1','2007-09-20','F','2022-09-20 00:00:00','2022-09-24 00:00:00'),(37,'tacfwwt9','凡佳',NULL,'尉迟凝','13292665983','tacfwwt9@googlemail.com',NULL,'1','2000-09-20','F','2022-09-20 00:00:00','2022-09-24 00:00:00'),(38,'f0f0cunez','庆磊',NULL,'常昌成','13885127233','f0f0cunez@263.net',NULL,'1','1997-09-20','M','2022-09-20 00:00:00','2022-09-23 00:00:00'),(39,'gzjmiyy1w','宁贵',NULL,'王达安','13594639796','gzjmiyy1w@aol.com',NULL,'2','1982-09-20','M','2022-09-20 00:00:00','2022-09-24 00:00:00'),(40,'unt2ixt40i3t','澜纯',NULL,'郑亚宜','13691477358','1pfab36roca@msn.com',NULL,'1','1990-09-20','F','2022-09-20 00:00:00','2022-09-24 00:00:00'),(41,'ineu54rlrsd','荷丹',NULL,'滕香','13969928681','ineu54rlrsd@aol.com',NULL,'1','1990-09-20','F','2022-09-20 00:00:00','2022-09-24 00:00:00'),(42,'e5hb37wc','萍萍',NULL,'司徒卿聪','13587669473','e5hb37wc@yahoo.com.cn',NULL,'1','1976-09-20','F','2022-09-20 00:00:00','2022-09-24 00:00:00'),(43,'nej0o38b','壮会',NULL,'濮阳博','13565387896','nej0o38b@hotmail.com',NULL,'1','1999-09-20','M','2022-09-20 00:00:00','2022-09-24 00:00:00'),(44,'tdbs3gvtqsu','阿伯',NULL,'柏元','13758435266','0be224qydc@163.com',NULL,'2','1997-09-20','M','2022-09-20 00:00:00','2022-09-24 00:00:00'),(45,'3kgbu1aos','筠柔',NULL,'熊晶','13713964513','3kgbu1aos@0355.net',NULL,'1','1975-09-20','F','2022-09-20 00:00:00','2022-09-24 00:00:00'),(46,'v1ugrt','瑶瑶',NULL,'卞娣叶','13758363985','v1ugrt@163.net',NULL,'1','1992-09-20','F','2022-09-20 00:00:00','2022-09-24 00:00:00'),(47,'aiowrs49t6','荣爱',NULL,'慕容荣爱','13758923713','9q4kcak@gmail.com',NULL,'3','1986-09-20','F','2022-09-20 00:00:00','2022-09-24 00:00:00'),(48,'37dixq0brx','思丽',NULL,'伏芸菲','13187863665','o5oipha3@0355.net',NULL,'1','2005-09-20','F','2022-09-20 00:00:00','2022-09-24 00:00:00'),(49,'e0efx8zpk','婵婵',NULL,'唐芸菲','13454341552','e0efx8zpk@yahoo.com',NULL,'2','1982-09-20','F','2022-09-20 00:00:00','2022-09-24 00:00:00'),(50,'qqbyqytyq2','冰爽',NULL,'朱雅','13485967384','ys38szq@gmail.com',NULL,'2','1977-09-20','F','2022-09-20 00:00:00','2022-09-24 00:00:00'),(51,'fekrl0sen','婷婷',NULL,'独孤颖露','13224421629','fekrl0sen@yeah.net',NULL,'1','1992-09-21','F','2022-09-21 00:00:00','2022-09-24 00:00:00'),(52,'91qyva0hsu','阿行',NULL,'卫腾','13675879146','ttdefbidgaj@msn.com',NULL,'1','1989-09-21','M','2022-09-21 00:00:00','2022-09-24 00:00:00'),(53,'0s6p2yfpz2','毓毓',NULL,'诸葛娣','13575733911','0s6p2yfpz2@gmail.com',NULL,'1','1989-09-21','F','2022-09-21 00:00:00','2022-09-24 00:00:00'),(54,'ycugoit7a','阿俊',NULL,'周刚','13613239384','ycugoit7a@aol.com',NULL,'2','1983-09-21','M','2022-09-21 00:00:00','2022-09-24 00:00:00'),(55,'z90rtjkiq2f','璧璐',NULL,'唐璧璐','13237891978','y79aqmkf1@hotmail.com',NULL,'1','1992-09-21','F','2022-09-21 00:00:00','2022-09-24 00:00:00'),(56,'24qtctr4ekf','香香',NULL,'韦娟','13122325336','24qtctr4ekf@yahoo.com',NULL,'1','1985-09-21','F','2022-09-21 00:00:00','2022-09-24 00:00:00'),(57,'wq682wv','璧璐',NULL,'郑玲','13113999797','tqywjf@263.net',NULL,'1','1995-09-21','F','2022-09-21 00:00:00','2022-09-24 00:00:00'),(58,'kj9hq4','萍玲',NULL,'贺伊','13954271347','kj9hq4@gmail.com',NULL,'1','1979-09-21','F','2022-09-21 00:00:00','2022-09-24 00:00:00'),(59,'slj20mxiz9','飘育',NULL,'狄飘育','13762758415','h3oj3z1xi@aol.com',NULL,'1','1973-09-21','F','2022-09-21 00:00:00','2022-09-24 00:00:00'),(60,'jh0i0hnao','盛雄',NULL,'陈盛雄','13284546934','e2u9y9z@163.com',NULL,'1','2004-09-21','M','2022-09-21 00:00:00','2022-09-23 00:00:00'),(61,'dlirv4xpp0re','阿飞',NULL,'淳于广志','13819881494','dlirv4xpp0re@0355.net',NULL,'1','1987-09-21','M','2022-09-21 00:00:00','2022-09-24 00:00:00'),(62,'zifh5l6lqms','凤洁',NULL,'张芳燕','13588128312','zifh5l6lqms@0355.net',NULL,'1','1976-09-21','F','2022-09-21 00:00:00','2022-09-24 00:00:00'),(63,'ed2m6cmehx','露露',NULL,'王亚','13372979736','ed2m6cmehx@live.com',NULL,'1','1987-09-21','F','2022-09-21 00:00:00','2022-09-24 00:00:00'),(64,'n7ynyb','亚亚',NULL,'长孙羽','13773534796','n7ynyb@gmail.com',NULL,'1','1996-09-21','F','2022-09-21 00:00:00','2022-09-24 00:00:00'),(65,'vmpgqe','柔柔',NULL,'伍寒','13246139314','vmpgqe@yahoo.com.cn',NULL,'1','1975-09-21','F','2022-09-21 00:00:00','2022-09-24 00:00:00'),(66,'uyhhop','兰凤',NULL,'雷柔竹','13167485388','lbcyiova5@sina.com',NULL,'1','1983-09-21','F','2022-09-21 00:00:00','2022-09-24 00:00:00'),(67,'qqpzgs','宁欣',NULL,'汪欢','13357624911','qqpzgs@yahoo.com.cn',NULL,'1','1973-09-21','F','2022-09-21 00:00:00','2022-09-24 00:00:00'),(68,'877dz2','眉君',NULL,'宇文岚艺','13783248742','877dz2@yeah.net',NULL,'1','2001-09-21','F','2022-09-21 00:00:00','2022-09-24 00:00:00'),(69,'kpsxxc5uva2t','颖颖',NULL,'孙雪荣','13123238418','kpsxxc5uva2t@msn.com',NULL,'1','2005-09-21','F','2022-09-21 00:00:00','2022-09-24 00:00:00'),(70,'ly952srf037','舒影',NULL,'施勤珍','13565332326','ly952srf037@ask.com',NULL,'1','1996-09-21','F','2022-09-21 00:00:00','2022-09-24 00:00:00'),(71,'hzeq4tok','欣欣',NULL,'黄珍','13226942346','gealw9t@aol.com',NULL,'3','1983-09-21','F','2022-09-21 00:00:00','2022-09-24 00:00:00'),(72,'qzpjls0f','育育',NULL,'钱芳燕','13258467787','qzpjls0f@3721.net',NULL,'1','2000-09-21','F','2022-09-21 00:00:00','2022-09-24 00:00:00'),(73,'aul7sxb','兰兰',NULL,'何馥筠','13446972279','aul7sxb@sohu.com',NULL,'2','1983-09-21','F','2022-09-21 00:00:00','2022-09-24 00:00:00'),(74,'0nr41d','兰兰',NULL,'茅滢','13188441964','0nr41d@live.com',NULL,'1','1987-09-21','F','2022-09-21 00:00:00','2022-09-24 00:00:00'),(75,'k8vwa2ytj','瑞瑞',NULL,'钟离秀','13799796262','etdbbadv97gs@sohu.com',NULL,'1','1981-09-21','F','2022-09-21 00:00:00','2022-09-24 00:00:00'),(76,'umv09gjg','梅梅',NULL,'史菊兰','13572535188','umv09gjg@qq.com',NULL,'1','1980-09-21','F','2022-09-21 00:00:00','2022-09-24 00:00:00'),(77,'lrk7jxxeb','辰士',NULL,'俞策腾','13292871449','lrk7jxxeb@live.com',NULL,'2','1969-09-21','M','2022-09-21 00:00:00','2022-09-24 00:00:00'),(78,'0348xx4zv','怡怡',NULL,'毕宜','13284178994','0348xx4zv@163.com',NULL,'2','1985-09-21','F','2022-09-21 00:00:00','2022-09-24 00:00:00'),(79,'okft1kni1','筠筠',NULL,'司马娅','13859958638','okft1kni1@qq.com',NULL,'1','1985-09-21','F','2022-09-21 00:00:00','2022-09-24 00:00:00'),(80,'xpyrep','娅娅',NULL,'黄岚艺','13536127195','xpyrep@263.net',NULL,'1','1972-09-21','F','2022-09-21 00:00:00','2022-09-24 00:00:00'),(81,'bj4t37re','芳燕',NULL,'柏慧巧','13372873128','bj4t37re@hotmail.com',NULL,'1','1979-09-21','F','2022-09-21 00:00:00','2022-09-24 00:00:00'),(82,'lz4by3b','艺咏',NULL,'韩婉','13321661738','lz4by3b@sohu.com',NULL,'1','1994-09-21','F','2022-09-21 00:00:00','2022-09-24 00:00:00'),(83,'jfyceasxz4','荔枝',NULL,'熊荔枝','13871165983','fdy400nbuj@126.com',NULL,'1','1967-09-21','F','2022-09-21 00:00:00','2022-09-24 00:00:00'),(84,'e77mlvubsq','月月',NULL,'尤素云','13952289966','e77mlvubsq@126.com',NULL,'1','1984-09-21','F','2022-09-21 00:00:00','2022-09-24 00:00:00'),(85,'j8i4npfkt','翠雅',NULL,'朱羽','13978924758','lc0ols5r12x@aol.com',NULL,'1','1974-09-21','F','2022-09-21 00:00:00','2022-09-24 00:00:00'),(86,'2tzndfxvj0','梦梦',NULL,'苗欣','13899953454','2tzndfxvj0@aol.com',NULL,'1','1985-09-21','F','2022-09-21 00:00:00','2022-09-24 00:00:00'),(87,'3jcabmznn5','璧璐',NULL,'伏怡','13848339616','3jcabmznn5@163.com',NULL,'1','1987-09-21','F','2022-09-21 00:00:00','2022-09-23 00:00:00'),(88,'koc60h0v090g','丹蓉',NULL,'苗春','13381555775','je2yuu7t2x@263.net',NULL,'1','1989-09-21','F','2022-09-21 00:00:00','2022-09-24 00:00:00'),(89,'5qxh61h3g0','波宁',NULL,'苏鸣朋','13439526924','siu6hjw3mxiz@263.net',NULL,'1','1995-09-21','M','2022-09-21 00:00:00','2022-09-23 00:00:00'),(90,'x05dgm9bf','阿茂',NULL,'司徒元全','13452935245','x05dgm9bf@163.net',NULL,'1','1974-09-21','M','2022-09-21 00:00:00','2022-09-23 00:00:00'),(91,'b4efc34pn9','婵婵',NULL,'邬娅琦','13753568779','gsdplfn@aol.com',NULL,'1','1992-09-21','F','2022-09-21 00:00:00','2022-09-24 00:00:00'),(92,'650lqabm5','嘉嘉',NULL,'时霭凝','13866776651','650lqabm5@yeah.net',NULL,'1','2000-09-21','F','2022-09-21 00:00:00','2022-09-24 00:00:00'),(93,'lu7tmbvvpyp','勤珍',NULL,'黄梦岚','13922336877','lu7tmbvvpyp@ask.com',NULL,'1','1972-09-21','F','2022-09-21 00:00:00','2022-09-24 00:00:00'),(94,'0ic78vwets1','颖露',NULL,'黄瑶怡','13859368181','3e8f2eax6@263.net',NULL,'1','2001-09-21','F','2022-09-21 00:00:00','2022-09-24 00:00:00'),(95,'vug44zmn6','晓晓',NULL,'韩荷','13654248674','vug44zmn6@hotmail.com',NULL,'1','1971-09-21','F','2022-09-21 00:00:00','2022-09-24 00:00:00'),(96,'bgmtnvifmcqb','玲玲',NULL,'施爱','13964215164','5loekp@163.net',NULL,'1','1979-09-21','F','2022-09-21 00:00:00','2022-09-24 00:00:00'),(97,'jm2vmj0ntv','善厚',NULL,'罗维','13387532978','jm2vmj0ntv@qq.com',NULL,'1','1986-09-21','M','2022-09-21 00:00:00','2022-09-23 00:00:00'),(98,'sh7004','玲芬',NULL,'潘菲寒','13292548327','jqltqnjnuil0@aol.com',NULL,'1','1989-09-21','F','2022-09-21 00:00:00','2022-09-24 00:00:00'),(99,'tqvyo3xwx7e','凝晓',NULL,'舒凝晓','13831236429','tqvyo3xwx7e@gmail.com',NULL,'2','2006-09-21','F','2022-09-21 00:00:00','2022-09-23 00:00:00'),(100,'h37m0dv','露瑶',NULL,'夏侯柔','13567951369','h37m0dv@3721.net',NULL,'3','1992-09-21','F','2022-09-21 00:00:00','2022-09-24 00:00:00'),(101,'cz0xzf2','姬姬',NULL,'朱芳','13647959175','wq0942ajumnr@live.com',NULL,'1','1978-09-22','F','2022-09-22 00:00:00','2022-09-24 00:00:00'),(102,'v7oztdx30lv','姣姣',NULL,'顾姣','13555551447','5v78khx6wle2@163.net',NULL,'2','2005-09-22','F','2022-09-22 00:00:00','2022-09-24 00:00:00'),(103,'5697d545ffb','黛黛',NULL,'齐育','13767566863','ne9yuhn3uf@163.net',NULL,'2','1986-09-22','F','2022-09-22 00:00:00','2022-09-24 00:00:00'),(104,'21qtpwi5ne6','凤洁',NULL,'罗秋珊','13788127757','21qtpwi5ne6@sohu.com',NULL,'2','2003-09-22','F','2022-09-22 00:00:00','2022-09-24 00:00:00'),(105,'d0hpb0','珠珠',NULL,'陶璧','13655552428','s7rdc3qckf@gmail.com',NULL,'3','1997-09-22','F','2022-09-22 00:00:00','2022-09-24 00:00:00'),(106,'xg5j17','寒寒',NULL,'茅寒','13369977837','xg5j17@ask.com',NULL,'3','1969-09-22','F','2022-09-22 00:00:00','2022-09-23 00:00:00'),(107,'egyeoa101eyi','伊伊',NULL,'魏伊','13338535552','egyeoa101eyi@aol.com',NULL,'1','1989-09-22','F','2022-09-22 00:00:00','2022-09-24 00:00:00'),(108,'6uivitl541','蓉眉',NULL,'闻人寒伊','13182362898','6uivitl541@gmail.com',NULL,'2','2001-09-22','F','2022-09-22 00:00:00','2022-09-24 00:00:00'),(109,'x0djbn','浩亮',NULL,'和浩亮','13195821142','jf5k0md4@263.net',NULL,'1','1993-09-22','M','2022-09-22 00:00:00','2022-09-24 00:00:00'),(110,'7uvxuq','仪荷',NULL,'袁仪荷','13567675436','7uvxuq@aol.com',NULL,'2','1981-09-22','F','2022-09-22 00:00:00','2022-09-24 00:00:00'),(111,'66jvxb','玲玲',NULL,'汪玲','13774651329','66jvxb@googlemail.com',NULL,'3','1980-09-22','F','2022-09-22 00:00:00','2022-09-24 00:00:00'),(112,'oqcmquvbe8f8','韶涵',NULL,'何秋','13687459174','oqcmquvbe8f8@yeah.net',NULL,'1','1990-09-22','F','2022-09-22 00:00:00','2022-09-24 00:00:00'),(113,'carm2s8','丽丽',NULL,'邬丽','13538412499','carm2s8@gmail.com',NULL,'1','1994-09-22','F','2022-09-22 00:00:00','2022-09-24 00:00:00'),(114,'vxdlgl4','松善',NULL,'令狐保东','13645322755','vxdlgl4@live.com',NULL,'1','1993-09-22','M','2022-09-22 00:00:00','2022-09-24 00:00:00'),(115,'t4u772nlr','善厚',NULL,'韦晨','13223566285','t4u772nlr@sina.com',NULL,'3','1989-09-22','M','2022-09-22 00:00:00','2022-09-24 00:00:00'),(116,'8wsckvd9bzk','宁贵',NULL,'钟离清','13741411966','8wsckvd9bzk@163.net',NULL,'1','1983-09-22','M','2022-09-22 00:00:00','2022-09-24 00:00:00'),(117,'p74voe2','芳燕',NULL,'赵慧巧','13174827181','p74voe2@yahoo.com',NULL,'1','1971-09-22','F','2022-09-22 00:00:00','2022-09-24 00:00:00'),(118,'xtdtcunm','婷婷',NULL,'宋霄','13437661548','xtdtcunm@qq.com',NULL,'2','1999-09-22','F','2022-09-22 00:00:00','2022-09-24 00:00:00'),(119,'zcwjm5dqjr5','琦晶',NULL,'孔琦晶','13953848166','zcwjm5dqjr5@aol.com',NULL,'1','1993-09-22','F','2022-09-22 00:00:00',NULL),(120,'myd58yf2royl','梦岚',NULL,'汤婉','13281979123','myd58yf2royl@yeah.net',NULL,'1','1987-09-22','F','2022-09-22 00:00:00','2022-09-24 00:00:00'),(121,'95fs7l','倩婷',NULL,'金锦黛','13528614113','uuh83abg@yahoo.com.cn',NULL,'1','1999-09-22','F','2022-09-22 00:00:00','2022-09-24 00:00:00'),(122,'7314mmjgjm','丽丽',NULL,'东郭燕彩','13947283675','9kl2dpxty0yo@gmail.com',NULL,'3','2006-09-22','F','2022-09-22 00:00:00','2022-09-24 00:00:00'),(123,'94gr5nh7u7lk','芸菲',NULL,'严美','13216768241','94gr5nh7u7lk@aol.com',NULL,'3','1973-09-22','F','2022-09-22 00:00:00','2022-09-24 00:00:00'),(124,'vgkst3v','丹蓉',NULL,'郑巧美','13435136992','vgkst3v@163.com',NULL,'3','2005-09-22','F','2022-09-22 00:00:00','2022-09-24 00:00:00'),(125,'zzq5iisx2bw6','华华',NULL,'马娅','13359368136','zsizvcua@ask.com',NULL,'2','1969-09-22','F','2022-09-22 00:00:00','2022-09-24 00:00:00'),(126,'xah24yqq7','蓓蓓',NULL,'赵慧巧','13514338713','xah24yqq7@163.com',NULL,'2','1970-09-22','F','2022-09-22 00:00:00','2022-09-24 00:00:00'),(127,'6ndg5tr','燕燕',NULL,'余燕','13266149297','6ndg5tr@yahoo.com',NULL,'1','1970-09-22','F','2022-09-22 00:00:00','2022-09-24 00:00:00'),(128,'uaglmhx6d1','莲真',NULL,'吕琬茗','13715181566','uaglmhx6d1@yahoo.com.cn',NULL,'1','1997-09-22','F','2022-09-22 00:00:00','2022-09-24 00:00:00'),(129,'1vsj3o0if4','眉君',NULL,'东方眉君','13132657571','2omvufx96sz@sohu.com',NULL,'3','1987-09-22','F','2022-09-22 00:00:00','2022-09-24 00:00:00'),(130,'6bwg9v','琳琳',NULL,'周琳','13422167522','o9brt84g@aol.com',NULL,'1','1967-09-22','F','2022-09-22 00:00:00','2022-09-24 00:00:00'),(131,'bjwc7j7','飞彬',NULL,'金有','13824882984','ojq17ya@msn.com',NULL,'1','2003-09-22','M','2022-09-22 00:00:00','2022-09-24 00:00:00'),(132,'f0y3f362xq0l','娴瑾',NULL,'苗雪','13627438982','oacfdufa3pj@live.com',NULL,'1','2000-09-22','F','2022-09-22 00:00:00','2022-09-24 00:00:00'),(133,'88mffrh','韶涵',NULL,'鲁韶涵','13723783537','88mffrh@hotmail.com',NULL,'1','1994-09-22','F','2022-09-22 00:00:00','2022-09-24 00:00:00'),(134,'5vw31da2','阿广',NULL,'尹昌','13664182992','5vw31da2@hotmail.com',NULL,'3','1975-09-22','M','2022-09-22 00:00:00','2022-09-24 00:00:00'),(135,'rt41rrw2cd6k','娣娣',NULL,'罗燕','13165819745','rt41rrw2cd6k@hotmail.com',NULL,'1','2006-09-22','F','2022-09-22 00:00:00','2022-09-24 00:00:00'),(136,'vulcpsd3y5','纯纯',NULL,'长孙馥','13269619157','vulcpsd3y5@263.net',NULL,'2','1972-09-22','F','2022-09-22 00:00:00','2022-09-24 00:00:00'),(137,'l43is32','婷姣',NULL,'许欢霄','13879426945','tchtp3y@263.net',NULL,'1','1994-09-22','F','2022-09-22 00:00:00','2022-09-24 00:00:00'),(138,'ib078ma55ge','慧慧',NULL,'李姬','13131633159','ib078ma55ge@163.com',NULL,'1','1997-09-22','F','2022-09-22 00:00:00','2022-09-24 00:00:00'),(139,'8q96s0x20y8','姣姣',NULL,'顾薇菁','13295552669','8q96s0x20y8@live.com',NULL,'1','1999-09-22','F','2022-09-22 00:00:00','2022-09-24 00:00:00'),(140,'u6xzxa7','阿庆',NULL,'慕容绍','13664692137','u6xzxa7@qq.com',NULL,'3','2007-09-22','M','2022-09-22 00:00:00','2022-09-24 00:00:00'),(141,'jhz23vpbyo','珍贞',NULL,'钟离月莺','13526318815','jhz23vpbyo@aol.com',NULL,'1','2002-09-22','F','2022-09-22 00:00:00','2022-09-24 00:00:00'),(142,'15sr4co','荷荷',NULL,'傅洁梅','13928335196','15sr4co@msn.com',NULL,'1','1994-09-22','F','2022-09-22 00:00:00','2022-09-24 00:00:00'),(143,'n9yanb63fkm','翠雅',NULL,'郑枫','13439931193','n9yanb63fkm@163.com',NULL,'1','1977-09-22','F','2022-09-22 00:00:00','2022-09-24 00:00:00'),(144,'aner2anb2wt','阿先',NULL,'宇文会思','13335331534','aner2anb2wt@163.net',NULL,'1','1998-09-22','M','2022-09-22 00:00:00','2022-09-24 00:00:00'),(145,'hx1dthbxu','婵婵',NULL,'夏侯欣','13837929311','hx1dthbxu@yahoo.com',NULL,'1','2000-09-22','F','2022-09-22 00:00:00','2022-09-24 00:00:00'),(146,'rpns2uxlm','冠策',NULL,'独孤家致','13921536921','rpns2uxlm@googlemail.com',NULL,'1','2005-09-22','M','2022-09-22 00:00:00','2022-09-24 00:00:00'),(147,'f94oslb','倩婷',NULL,'时香','13761296297','f94oslb@hotmail.com',NULL,'1','1996-09-22','F','2022-09-22 00:00:00','2022-09-24 00:00:00'),(148,'e704o3k','春菊',NULL,'百里春菊','13394536584','pexwrze8@3721.net',NULL,'2','2005-09-22','F','2022-09-22 00:00:00','2022-09-23 00:00:00'),(149,'llckv4','纯纯',NULL,'宇文芸菲','13688463539','llckv4@yeah.net',NULL,'1','1969-09-22','F','2022-09-22 00:00:00','2022-09-24 00:00:00'),(150,'fphl0wx','震振',NULL,'南门言','13989351563','bvovybnodr@msn.com',NULL,'1','1999-09-22','M','2022-09-22 00:00:00','2022-09-24 00:00:00'),(151,'a4t4yamn','雁雁',NULL,'韦雁','13452175432','sduiwsl@163.net',NULL,'1','1995-09-23','F','2022-09-23 00:00:00','2022-09-24 00:00:00'),(152,'1qvmuor9q','黛黛',NULL,'毕黛','13697355885','1qvmuor9q@263.net',NULL,'1','1981-09-23','F','2022-09-23 00:00:00','2022-09-24 00:00:00'),(153,'pmambbucms','君君',NULL,'许君','13424661999','pmambbucms@sohu.com',NULL,'1','1967-09-23','F','2022-09-23 00:00:00','2022-09-24 00:00:00'),(154,'der2dzu1qp','馨馨',NULL,'孟馨','13421284956','drs171fj75o@googlemail.com',NULL,'1','1969-09-23','F','2022-09-23 00:00:00','2022-09-24 00:00:00'),(155,'xzeoexje8','阿壮',NULL,'贺壮','13461181473','xzeoexje8@163.com',NULL,'1','2007-09-23','M','2022-09-23 00:00:00',NULL),(156,'krzbio7cgu','韶韶',NULL,'华韶','13289152814','krzbio7cgu@hotmail.com',NULL,'3','1969-09-23','F','2022-09-23 00:00:00',NULL),(157,'frvx7246','阿思',NULL,'汪福','13232869873','frvx7246@live.com',NULL,'1','1975-09-23','M','2022-09-23 00:00:00','2022-09-24 00:00:00'),(158,'dtrzejfvb','真真',NULL,'臧黛青','13494365285','dtrzejfvb@yahoo.com.cn',NULL,'1','1972-09-23','F','2022-09-23 00:00:00','2022-09-24 00:00:00'),(159,'4vgu9g9ik','育滢',NULL,'西门嘉琼','13258283472','4vgu9g9ik@googlemail.com',NULL,'1','1970-09-23','F','2022-09-23 00:00:00','2022-09-24 00:00:00'),(160,'sfxiou8','影荔',NULL,'潘琴蕊','13294937891','sfxiou8@hotmail.com',NULL,'1','1993-09-23','F','2022-09-23 00:00:00','2022-09-24 00:00:00'),(161,'zqz5k9es2d','飞彬',NULL,'陶翰','13164213582','zqz5k9es2d@ask.com',NULL,'1','1980-09-23','M','2022-09-23 00:00:00','2022-09-24 00:00:00'),(162,'ju7qisijhp','澜纯',NULL,'汤惠','13993473439','ju7qisijhp@msn.com',NULL,'1','2002-09-23','F','2022-09-23 00:00:00','2022-09-24 00:00:00'),(163,'e3imlbd6','素云',NULL,'安婉娴','13426785342','e3imlbd6@sina.com',NULL,'1','1996-09-23','F','2022-09-23 00:00:00','2022-09-24 00:00:00'),(164,'5akcdbn4wb','欣欣',NULL,'杨欣','13142237842','5akcdbn4wb@aol.com',NULL,'1','1980-09-23','F','2022-09-23 00:00:00','2022-09-24 00:00:00'),(165,'7mtstn','雁蓓',NULL,'姚雁蓓','13251765376','1lw57yjnvrdc@msn.com',NULL,'2','2005-09-23','F','2022-09-23 00:00:00','2022-09-24 00:00:00'),(166,'sehodjfzjklh','枫枫',NULL,'戴枫','13344342747','sehodjfzjklh@3721.net',NULL,'1','1968-09-23','F','2022-09-23 00:00:00','2022-09-24 00:00:00'),(167,'hmo9gcnw8k1','彬富',NULL,'乐彬富','13218487163','hmo9gcnw8k1@googlemail.com',NULL,'1','1974-09-23','M','2022-09-23 00:00:00','2022-09-24 00:00:00'),(168,'4knxhf5r','勤勤',NULL,'魏馨','13348385688','4knxhf5r@sohu.com',NULL,'1','1968-09-23','F','2022-09-23 00:00:00','2022-09-24 00:00:00'),(169,'16n681','子杰',NULL,'赵子杰','13234991537','3rkq9uusg6dm@126.com',NULL,'1','1974-09-23','M','2022-09-23 00:00:00','2022-09-24 00:00:00'),(170,'d8a228upn','舒舒',NULL,'卫澜','13475712831','d8a228upn@163.net',NULL,'2','1974-09-23','F','2022-09-23 00:00:00','2022-09-24 00:00:00'),(171,'rr5zcvd0x6','昭昭',NULL,'毕芸','13664243987','rr5zcvd0x6@263.net',NULL,'1','1983-09-23','F','2022-09-23 00:00:00','2022-09-24 00:00:00'),(172,'7zxyxglry9','聪澜',NULL,'百里聪澜','13734656538','7zxyxglry9@qq.com',NULL,'1','1995-09-23','F','2022-09-23 00:00:00','2022-09-24 00:00:00'),(173,'e5olcm5rs','钧冠',NULL,'舒钧冠','13334411891','e5olcm5rs@gmail.com',NULL,'1','1985-09-23','M','2022-09-23 00:00:00','2022-09-24 00:00:00'),(174,'dpl1mg1zx','叶叶',NULL,'于叶','13385597634','2rnrsxu2vtc@googlemail.com',NULL,'1','1983-09-23','F','2022-09-23 00:00:00','2022-09-24 00:00:00'),(175,'ymnb6nu7','霄枫',NULL,'钟离霄枫','13516479319','ymnb6nu7@msn.com',NULL,'1','1992-09-23','F','2022-09-23 00:00:00','2022-09-24 00:00:00'),(176,'s3wqbai8si9z','先敬',NULL,'祁先敬','13384391465','s3wqbai8si9z@yahoo.com.cn',NULL,'2','1989-09-23','M','2022-09-23 00:00:00','2022-09-24 00:00:00'),(177,'dv1yhjjiiipj','真环',NULL,'欧阳真环','13611566478','dv1yhjjiiipj@3721.net',NULL,'1','1973-09-23','F','2022-09-23 00:00:00',NULL),(178,'s51vo1y10d0','阿梁',NULL,'毛炎德','13951743432','s51vo1y10d0@aol.com',NULL,'1','1994-09-23','M','2022-09-23 00:00:00','2022-09-24 00:00:00'),(179,'pm11jcmq4lo','可姬',NULL,'舒慧','13884789249','pm11jcmq4lo@sina.com',NULL,'1','2000-09-23','F','2022-09-23 00:00:00','2022-09-24 00:00:00'),(180,'azaj6p6q','欢欢',NULL,'齐欢','13817478919','azaj6p6q@gmail.com',NULL,'3','1995-09-23','F','2022-09-23 00:00:00',NULL),(181,'e9rlxls87p0k','飘飘',NULL,'成涵予','13658693633','e9rlxls87p0k@googlemail.com',NULL,'1','1983-09-23','F','2022-09-23 00:00:00','2022-09-24 00:00:00'),(182,'x8cogsx8ve','阿山',NULL,'袁山','13927945213','xaku4ysdf@163.net',NULL,'3','1975-09-23','M','2022-09-23 00:00:00','2022-09-24 00:00:00'),(183,'et9xu6x5','阿广',NULL,'蒋峰','13481868493','et9xu6x5@sohu.com',NULL,'1','1985-09-23','M','2022-09-23 00:00:00','2022-09-24 00:00:00'),(184,'lyt6jftw','惠珠',NULL,'吴惠珠','13556577774','lyt6jftw@yeah.net',NULL,'2','1979-09-23','F','2022-09-23 00:00:00','2022-09-24 00:00:00'),(185,'tq7jbrb','婷婷',NULL,'尹婷','13233658161','tq7jbrb@aol.com',NULL,'1','1978-09-23','F','2022-09-23 00:00:00',NULL),(186,'ya0ia41','惠珠',NULL,'费馥筠','13856357856','ya0ia41@263.net',NULL,'2','2005-09-23','F','2022-09-23 00:00:00','2022-09-24 00:00:00'),(187,'sdjuf5laif','露露',NULL,'王亚宜','13658821698','sdjuf5laif@sina.com',NULL,'1','1994-09-23','F','2022-09-23 00:00:00','2022-09-24 00:00:00'),(188,'imcbdu','有坚',NULL,'东方有坚','13652858581','m08fap2dw4@msn.com',NULL,'1','2004-09-23','M','2022-09-23 00:00:00','2022-09-24 00:00:00'),(189,'8h4snyhsrmfc','琬琬',NULL,'庞琬','13917897646','8h4snyhsrmfc@gmail.com',NULL,'1','1992-09-23','F','2022-09-23 00:00:00',NULL),(190,'wi07jot0g2g','婉婉',NULL,'孔婉','13969516799','wi07jot0g2g@0355.net',NULL,'3','1995-09-23','F','2022-09-23 00:00:00','2022-09-24 00:00:00'),(191,'3tcu9mol8','娴瑾',NULL,'袁娴瑾','13255644759','jn13vttwx3t4@yahoo.com',NULL,'1','1987-09-23','F','2022-09-23 00:00:00','2022-09-24 00:00:00'),(192,'3qm1h34','涛昌',NULL,'苗涛昌','13459711496','bcqgyr@yahoo.com.cn',NULL,'1','1971-09-23','M','2022-09-23 00:00:00','2022-09-24 00:00:00'),(193,'gof78z','瑞瑞',NULL,'汤思丽','13251964975','gof78z@yahoo.com',NULL,'1','1992-09-23','F','2022-09-23 00:00:00','2022-09-24 00:00:00'),(194,'mc8i486a','贞贞',NULL,'吕贞','13371748859','03462yuc@163.net',NULL,'2','1993-09-23','F','2022-09-23 00:00:00','2022-09-24 00:00:00'),(195,'8dcjb2ocvu','露瑶',NULL,'戴露瑶','13753999124','8dcjb2ocvu@yahoo.com',NULL,'1','1973-09-23','F','2022-09-23 00:00:00','2022-09-24 00:00:00'),(196,'2rr8j19405','欣飘',NULL,'秦薇菁','13216975887','2rr8j19405@googlemail.com',NULL,'1','2007-09-23','F','2022-09-23 00:00:00','2022-09-24 00:00:00'),(197,'nbmqyj6052vm','胜学',NULL,'姜仁波','13257196732','nbmqyj6052vm@qq.com',NULL,'1','2001-09-23','M','2022-09-23 00:00:00','2022-09-24 00:00:00'),(198,'ykypt5','翠雅',NULL,'何黛','13389636861','ykypt5@263.net',NULL,'1','2000-09-23','F','2022-09-23 00:00:00','2022-09-24 00:00:00'),(199,'1y76d1j','姣婉',NULL,'长孙姣婉','13899277951','tt9lm957aeoc@msn.com',NULL,'1','1993-09-23','F','2022-09-23 00:00:00','2022-09-24 00:00:00'),(200,'0cqhz0uvc','月莺',NULL,'方月莺','13269265223','2n9xns@yeah.net',NULL,'1','1996-09-23','F','2022-09-23 00:00:00','2022-09-24 00:00:00'),(201,'nbymr2dem2wl','悦悦',NULL,'窦悦','13762618394','nbymr2dem2wl@yahoo.com.cn',NULL,'2','1980-09-24','F','2022-09-24 00:00:00',NULL),(202,'s3vycz0pcq6','荣荣',NULL,'康荣','13472536184','s3vycz0pcq6@3721.net',NULL,'2','1983-09-24','F','2022-09-24 00:00:00',NULL),(203,'hsjuwxnb','昭冰',NULL,'汤昭冰','13169226145','hsjuwxnb@hotmail.com',NULL,'1','1976-09-24','F','2022-09-24 00:00:00',NULL),(204,'ymc6jy93z5','阿策',NULL,'于策','13676226331','ymc6jy93z5@163.net',NULL,'3','1978-09-24','M','2022-09-24 00:00:00',NULL),(205,'t6x3qjc','阿顺',NULL,'纪顺','13897415156','t6x3qjc@126.com',NULL,'1','1971-09-24','M','2022-09-24 00:00:00',NULL),(206,'wkrltm9kt94','荔枝',NULL,'滕荔枝','13272124789','wkrltm9kt94@yeah.net',NULL,'1','1999-09-24','F','2022-09-24 00:00:00',NULL),(207,'sl3cc75qyar','羽羽',NULL,'蒋羽','13814359823','sl3cc75qyar@yahoo.com',NULL,'1','1993-09-24','F','2022-09-24 00:00:00',NULL),(208,'s8ft5vpj','邦承',NULL,'司空邦承','13766979165','s8ft5vpj@yahoo.com.cn',NULL,'1','1977-09-24','M','2022-09-24 00:00:00',NULL),(209,'5nw7g8vz86','媛艳',NULL,'姜媛艳','13358861583','5nw7g8vz86@live.com',NULL,'1','1995-09-24','F','2022-09-24 00:00:00',NULL),(210,'fautbczx4jz','娟娟',NULL,'诸葛娟','13465773832','fautbczx4jz@0355.net',NULL,'1','1981-09-24','F','2022-09-24 00:00:00',NULL),(211,'zdphka','钧冠',NULL,'沈钧冠','13898582139','zdphka@yahoo.com',NULL,'1','1967-09-24','M','2022-09-24 00:00:00',NULL),(212,'o6kwqfu1pb','凡佳',NULL,'吕凡佳','13958632112','o6kwqfu1pb@yahoo.com',NULL,'2','1991-09-24','F','2022-09-24 00:00:00',NULL),(213,'5ll47r','影荔',NULL,'安影荔','13774654424','5ll47r@3721.net',NULL,'1','1998-09-24','F','2022-09-24 00:00:00',NULL),(214,'j76prga8bj','可可',NULL,'乐可','13776198539','j76prga8bj@yahoo.com',NULL,'1','1975-09-24','F','2022-09-24 00:00:00',NULL),(215,'n2ozg3d','阿达',NULL,'单于达','13829669859','n2ozg3d@googlemail.com',NULL,'1','1976-09-24','M','2022-09-24 00:00:00',NULL),(216,'cdcjm6pz44y','坚和',NULL,'朱坚和','13917156814','cdcjm6pz44y@hotmail.com',NULL,'1','1967-09-24','M','2022-09-24 00:00:00',NULL),(217,'yuc3cw7u6','琬茗',NULL,'伍琬茗','13169368659','yuc3cw7u6@ask.com',NULL,'1','1996-09-24','F','2022-09-24 00:00:00',NULL),(218,'37pe7a00a5','胜学',NULL,'计胜学','13986995748','37pe7a00a5@3721.net',NULL,'1','1970-09-24','M','2022-09-24 00:00:00',NULL),(219,'eh7pugh6y2d','华慧',NULL,'宋华慧','13561421736','eh7pugh6y2d@msn.com',NULL,'1','1981-09-24','F','2022-09-24 00:00:00',NULL),(220,'8uq3x3f','顺信',NULL,'邬顺信','13344695957','8uq3x3f@yahoo.com',NULL,'2','1993-09-24','M','2022-09-24 00:00:00',NULL),(221,'7ikp0f','琳琳',NULL,'东郭琳','13529936783','7ikp0f@yahoo.com',NULL,'3','1984-09-24','F','2022-09-24 00:00:00',NULL),(222,'rho9oj6','蓓蓓',NULL,'舒蓓','13163527728','rho9oj6@gmail.com',NULL,'1','1969-09-24','F','2022-09-24 00:00:00',NULL),(223,'cdjgxy6o','纯毓',NULL,'沈纯毓','13386918214','cdjgxy6o@sina.com',NULL,'1','1982-09-24','F','2022-09-24 00:00:00',NULL),(224,'731ul57xkbd','阿平',NULL,'钟离平','13585411314','731ul57xkbd@sohu.com',NULL,'1','1971-09-24','M','2022-09-24 00:00:00',NULL),(225,'fykhwkaldy','蓓纨',NULL,'上官蓓纨','13975224961','fykhwkaldy@3721.net',NULL,'1','1988-09-24','F','2022-09-24 00:00:00',NULL),(226,'usa7ac6won4i','阿亨',NULL,'沈亨','13629265537','usa7ac6won4i@yahoo.com',NULL,'2','1996-09-24','M','2022-09-24 00:00:00',NULL),(227,'ymvx17n','韶涵',NULL,'汪韶涵','13286629637','ymvx17n@live.com',NULL,'2','1983-09-24','F','2022-09-24 00:00:00',NULL),(228,'eat0ejqmqlz','亚亚',NULL,'单于亚','13738994214','eat0ejqmqlz@live.com',NULL,'1','1988-09-24','F','2022-09-24 00:00:00',NULL),(229,'2vc5hwzwky','娅琦',NULL,'沈娅琦','13879922461','2vc5hwzwky@yahoo.com',NULL,'1','1969-09-24','F','2022-09-24 00:00:00',NULL),(230,'ye8xo5','贞莉',NULL,'史贞莉','13522639923','ye8xo5@msn.com',NULL,'1','1996-09-24','F','2022-09-24 00:00:00',NULL),(231,'0iqii4un','琬琬',NULL,'顾琬','13635185123','0iqii4un@qq.com',NULL,'1','1991-09-24','F','2022-09-24 00:00:00',NULL),(232,'a3khdpwbqon','嘉琼',NULL,'戚嘉琼','13385134673','a3khdpwbqon@msn.com',NULL,'3','1983-09-24','F','2022-09-24 00:00:00',NULL),(233,'jzxo8xzonio','阿生',NULL,'冯生','13323284163','jzxo8xzonio@live.com',NULL,'2','1971-09-24','M','2022-09-24 00:00:00',NULL),(234,'y5vxzp','巧美',NULL,'毛巧美','13429334328','y5vxzp@yahoo.com',NULL,'1','1996-09-24','F','2022-09-24 00:00:00',NULL),(235,'3osbl4a3','霞香',NULL,'费霞香','13215826767','3osbl4a3@163.net',NULL,'1','1981-09-24','F','2022-09-24 00:00:00',NULL),(236,'5ko2v5z','佳嘉',NULL,'赵佳嘉','13342211231','5ko2v5z@msn.com',NULL,'1','1981-09-24','F','2022-09-24 00:00:00',NULL),(237,'94z35k3npnbn','环环',NULL,'朱环','13912573778','94z35k3npnbn@263.net',NULL,'1','1979-09-24','F','2022-09-24 00:00:00',NULL),(238,'l3ob3yubpd','璧璧',NULL,'严璧','13391897369','l3ob3yubpd@aol.com',NULL,'1','1971-09-24','F','2022-09-24 00:00:00',NULL),(239,'uxsl7ln','福生',NULL,'潘福生','13837914641','uxsl7ln@sina.com',NULL,'1','1997-09-24','M','2022-09-24 00:00:00',NULL),(240,'jkmjm7ii','君君',NULL,'殷君','13462394644','jkmjm7ii@gmail.com',NULL,'1','1975-09-24','F','2022-09-24 00:00:00',NULL),(241,'f6e83q7q9ch2','妹霞',NULL,'方妹霞','13484489795','f6e83q7q9ch2@3721.net',NULL,'1','2007-09-24','F','2022-09-24 00:00:00',NULL),(242,'517awjro82','倩婷',NULL,'顾倩婷','13322765577','517awjro82@googlemail.com',NULL,'1','1995-09-24','F','2022-09-24 00:00:00',NULL),(243,'4zt8uetj5','韶涵',NULL,'东郭韶涵','13837618527','4zt8uetj5@0355.net',NULL,'1','1983-09-24','F','2022-09-24 00:00:00',NULL),(244,'mojn8j','薇薇',NULL,'葛薇','13234162172','mojn8j@yeah.net',NULL,'1','2005-09-24','F','2022-09-24 00:00:00',NULL),(245,'5gfmvxfuri2','羽希',NULL,'邬羽希','13795933185','5gfmvxfuri2@ask.com',NULL,'2','1972-09-24','F','2022-09-24 00:00:00',NULL),(246,'ubbfb9','菊兰',NULL,'任菊兰','13494866123','ubbfb9@qq.com',NULL,'2','2000-09-24','F','2022-09-24 00:00:00',NULL),(247,'9hl9jtt','璧璧',NULL,'诸葛璧','13769672573','9hl9jtt@yahoo.com',NULL,'2','1985-09-24','F','2022-09-24 00:00:00',NULL),(248,'kzbe7ri','馨馨',NULL,'朱馨','13229681786','kzbe7ri@yahoo.com.cn',NULL,'1','1999-09-24','F','2022-09-24 00:00:00',NULL),(249,'amd16wf','雁蓓',NULL,'华雁蓓','13284595773','amd16wf@googlemail.com',NULL,'3','1986-09-24','F','2022-09-24 00:00:00',NULL),(250,'v585tab','馥筠',NULL,'卜馥筠','13153612442','v585tab@yahoo.com.cn',NULL,'1','1971-09-24','F','2022-09-24 00:00:00',NULL);

/* Function  structure for function  `rand_num` */

/*!50003 DROP FUNCTION IF EXISTS `rand_num` */;
DELIMITER $$

/*!50003 CREATE DEFINER=`root`@`%` FUNCTION `rand_num`(from_num INT ,to_num INT) RETURNS int(11)
BEGIN   
 DECLARE i INT DEFAULT 0;  
 SET i = FLOOR(from_num +RAND()*(to_num -from_num+1))   ;
RETURN i;  
 END */$$
DELIMITER ;

/* Function  structure for function  `rand_nums` */

/*!50003 DROP FUNCTION IF EXISTS `rand_nums` */;
DELIMITER $$

/*!50003 CREATE DEFINER=`root`@`%` FUNCTION `rand_nums`(from_num INT ,to_num INT,n INT ,delemit VARCHAR(20)) RETURNS varchar(255) CHARSET utf8
BEGIN   
 DECLARE i INT DEFAULT 0;  
 DECLARE v INT DEFAULT 0;
 DECLARE return_str VARCHAR(255) DEFAULT '';  
 WHILE i < n DO 
	 SET v = rand_num (from_num   ,to_num  ) ;
	 SET return_str=CONCAT(return_str,v);
	 IF LENGTH(return_str)>0 THEN 
	   SET return_str=CONCAT(return_str,delemit) ;
	 END IF;
	 SET i = i + 1;
END WHILE;
 RETURN return_str;
END */$$
DELIMITER ;

/* Function  structure for function  `rand_num_seed` */

/*!50003 DROP FUNCTION IF EXISTS `rand_num_seed` */;
DELIMITER $$

/*!50003 CREATE DEFINER=`root`@`%` FUNCTION `rand_num_seed`(from_num INT ,to_num INT,seed LONG ) RETURNS int(11)
BEGIN   
 DECLARE i INT DEFAULT 0;  
 SET i = FLOOR(from_num +RAND(seed+UNIX_TIMESTAMP(NOW()))*(to_num -from_num+1))   ;
RETURN i;  
 END */$$
DELIMITER ;

/* Function  structure for function  `rand_string` */

/*!50003 DROP FUNCTION IF EXISTS `rand_string` */;
DELIMITER $$

/*!50003 CREATE DEFINER=`root`@`%` FUNCTION `rand_string`(n INT) RETURNS varchar(255) CHARSET utf8
BEGIN    
DECLARE chars_str VARCHAR(100) DEFAULT 'abcdefghijklmnopqrstuvwxyzABCDEFJHIJKLMNOPQRSTUVWXYZ';
 DECLARE return_str VARCHAR(255) DEFAULT '';
 DECLARE i INT DEFAULT 0;
 WHILE i < n DO  
 SET return_str =CONCAT(return_str,SUBSTRING(chars_str,FLOOR(1+RAND()*52),1));  
 SET i = i + 1;
 END WHILE;
 RETURN return_str;
END */$$
DELIMITER ;

/* Procedure structure for procedure `init_data` */

/*!50003 DROP PROCEDURE IF EXISTS  `init_data` */;

DELIMITER $$

/*!50003 CREATE DEFINER=`root`@`%` PROCEDURE `init_data`( do_date_string VARCHAR(20) ,order_incr_num INT,user_incr_num INT   ,if_truncate BOOLEAN  )
BEGIN  
     DECLARE user_count INT DEFAULT 0; 
     DECLARE sku_count INT DEFAULT 0; 
     DECLARE do_date VARCHAR(20) DEFAULT do_date_string;
     IF if_truncate  THEN 
        DELETE FROM    order_info ;
        DELETE FROM    order_detail ;
        DELETE FROM     payment_info ;
        DELETE FROM   order_status_log      ;
     END IF ;     
     IF user_incr_num >0 THEN
          CALL insert_user(do_date,user_incr_num,FALSE );
     END IF;
     SELECT COUNT(*) INTO user_count FROM  user_info;
     CALL update_order(do_date);
     CALL insert_order(do_date,order_incr_num,user_count);
     CALL insert_payment(do_date);
     CALL insert_order_status_log(do_date);
 END */$$
DELIMITER ;

/* Procedure structure for procedure `init_spu` */

/*!50003 DROP PROCEDURE IF EXISTS  `init_spu` */;

DELIMITER $$

/*!50003 CREATE DEFINER=`root`@`%` PROCEDURE `init_spu`()
BEGIN  
TRUNCATE TABLE  spu_info;
INSERT INTO  spu_info ( spu_name,description,category3_id,tm_id)
SELECT  SUBSTR(sku_name,1,LOCATE(' ' , sku_name,9) ),concat('共',ct,'个sku') description ,category3_id,tm_id  FROM 
(
SELECT spu_id ,  MAX(sku_name) sku_name,count(*) ct, MAX( category3_id) category3_id,MAX(tm_id) tm_id FROM sku_info
GROUP BY spu_id
)bb ;
END */$$
DELIMITER ;

/* Procedure structure for procedure `insert_data_info` */

/*!50003 DROP PROCEDURE IF EXISTS  `insert_data_info` */;

DELIMITER $$

/*!50003 CREATE DEFINER=`root`@`%` PROCEDURE `insert_data_info`( year_id  INT  )
BEGIN  
DECLARE cur_date DATETIME DEFAULT NULL;
DECLARE start_date DATETIME DEFAULT NULL;
DECLARE end_date DATETIME DEFAULT NULL;
    SET start_date =  STR_TO_DATE( CONCAT(year_id,'0101' ) ,'%Y%m%d');  
    SET cur_date=start_date;
    SET end_date =  STR_TO_DATE( CONCAT(year_id,'1231' ) ,'%Y%m%d'); 
    delete from  date_info   where  `year`=year_id;
    WHILE end_date>=cur_date  DO
        INSERT INTO date_info
        VALUES (  CONVERT( DATE_FORMAT(cur_date,'%Y%m%d') , SIGNED  ),
                  WEEKOFYEAR(cur_date),
                  dayofweek(cur_date),  
                  CONVERT( DATE_FORMAT( cur_date,'%d'), SIGNED  ),
                  CONVERT(DATE_FORMAT( cur_date,'%m'), SIGNED  ),
                  QUARTER(cur_date),
                   CONVERT(DATE_FORMAT( cur_date,'%Y'), SIGNED  ),
                  if(DAYOFWEEK(cur_date)=6 or DAYOFWEEK(cur_date) = 7 , 1,0),
                  0);
         SET cur_date= ADDDATE(cur_date,1);
    END WHILE;
    COMMIT;
    CALL `update_holiday`(  year_id);
 END */$$
DELIMITER ;

/* Procedure structure for procedure `insert_order` */

/*!50003 DROP PROCEDURE IF EXISTS  `insert_order` */;

DELIMITER $$

/*!50003 CREATE DEFINER=`root`@`%` PROCEDURE `insert_order`( create_time_string VARCHAR(200),max_num INT,user_num INT   )
BEGIN  
 DECLARE v_create_time DATETIME DEFAULT NULL;
  DECLARE i INT DEFAULT 0;
  DECLARE v_order_status INT DEFAULT 0;  
  DECLARE v_operate_time DATETIME DEFAULT NULL; 
  DECLARE v_order_id INT DEFAULT NULL; 
  DECLARE v_order_detail_num INT DEFAULT NULL; 
  DECLARE j INT DEFAULT 0;
  Declare v_province int DEFAULT 0;
  DECLARE v_skuid VARCHAR(20) DEFAULT NULL;
  DECLARE v_skuname VARCHAR(20) DEFAULT NULL;
 SET autocommit = 0;    
 REPEAT  
 SET i = i + 1;  
 SET v_create_time=DATE_ADD(DATE_FORMAT(create_time_string,'%Y-%m-%d') ,INTERVAL rand_num(30,3600*23) SECOND);
 set v_province=  rand_num(1,9);
  SET v_order_status=rand_num(1,2);  
  IF v_order_status>1 THEN 
     SET v_operate_time= DATE_ADD(v_create_time ,INTERVAL rand_num(30,3600) SECOND);
   ELSE 
     SET v_operate_time=NULL  ;
   END IF ;
 INSERT INTO order_info (consignee, consignee_tel,total_amount ,order_status ,user_id,payment_way,delivery_address,order_comment,out_trade_no,trade_body,create_time,operate_time,expire_time, tracking_no,parent_order_id ,img_url, province_id) 
 VALUES (rand_string(6) , CONCAT('13',rand_nums(0,9,9,'')),CAST(rand_num(50,1000) AS DECIMAL(10,2)) ,v_order_status ,rand_num(1,user_num), rand_num(1,2),rand_string(20),rand_string(20),rand_nums(0,9,10,''),'',v_create_time, v_operate_time,NULL,NULL,NULL,NULL ,v_province); 
  SELECT  LAST_INSERT_ID() INTO v_order_id ;
     SET v_order_detail_num=rand_num(1,5); 
    WHILE j<v_order_detail_num DO
       SET j=j+1;
       SET v_skuid= rand_num(1,11) ;
       INSERT INTO  order_detail  (order_id , sku_id,sku_name ,img_url ,order_price,sku_num,create_time ) 
       select v_order_id ,id,sku_name,CONCAT('http://',rand_string(40)),price,rand_num(1,5) ,v_create_time  from sku_info where id=v_skuid;
    END WHILE;
    SET j=0;
 UNTIL i = max_num  
 END REPEAT;  
 COMMIT;  
 END */$$
DELIMITER ;

/* Procedure structure for procedure `insert_order_status_log` */

/*!50003 DROP PROCEDURE IF EXISTS  `insert_order_status_log` */;

DELIMITER $$

/*!50003 CREATE DEFINER=`root`@`%` PROCEDURE `insert_order_status_log`( do_date_str VARCHAR(200)   )
BEGIN      
 INSERT INTO order_status_log ( order_id ,order_status , operate_time  ) 
  SELECT   id ,1 , o.create_time   
  FROM order_info  o 
  WHERE  DATE_FORMAT(o.create_time,'%Y-%m-%d')= do_date_str; 
  
   INSERT INTO order_status_log ( order_id ,order_status , operate_time  ) 
  SELECT   id ,order_status ,  o.operate_time
  FROM order_info  o 
  WHERE    DATE_FORMAT(o.operate_time,'%Y-%m-%d')= do_date_str  ;   
  
  COMMIT;
 END */$$
DELIMITER ;

/* Procedure structure for procedure `insert_payment` */

/*!50003 DROP PROCEDURE IF EXISTS  `insert_payment` */;

DELIMITER $$

/*!50003 CREATE DEFINER=`root`@`%` PROCEDURE `insert_payment`( do_date_str VARCHAR(200)   )
BEGIN      
 INSERT INTO payment_info (out_trade_no,order_id,user_id,alipay_trade_no,total_amount,`subject`,payment_type,payment_time  ) 
  SELECT o.out_trade_no,o.id,user_id,
   CONCAT( rand_string(4),'-',rand_nums(0,9,8,'')) alipay_trade_no,
   o.total_amount,
   rand_string(8) `subject`,
  ( CASE rand_num(1,3) WHEN 1 THEN  'wechatpay' WHEN 2 THEN 'alipay' WHEN 3 THEN 'unionpay' END) payment_type , 
  IF(o.operate_time IS NULL,o.create_time,o.operate_time) payment_time
  FROM order_info  o 
  WHERE (DATE_FORMAT(o.create_time,'%Y-%m-%d')= do_date_str OR DATE_FORMAT(o.operate_time,'%Y-%m-%d')= do_date_str ) AND o.order_status='2';
  COMMIT;
 END */$$
DELIMITER ;

/* Procedure structure for procedure `insert_sku` */

/*!50003 DROP PROCEDURE IF EXISTS  `insert_sku` */;

DELIMITER $$

/*!50003 CREATE DEFINER=`root`@`%` PROCEDURE `insert_sku`( create_time_string VARCHAR(200),max_num INT  )
BEGIN  
 DECLARE v_create_time DATETIME DEFAULT NULL;
 DECLARE i INT DEFAULT 0;
 SET autocommit = 0;    
 REPEAT  
 SET i = i + 1;  
 SET v_create_time=DATE_ADD(DATE_FORMAT(create_time_string,'%Y-%m-%d') ,INTERVAL rand_num(1,3600*24) SECOND); 
 INSERT INTO sku_info (spu_id,price,sku_name,sku_desc,weight,tm_id,category3_id,sku_default_img,create_time  ) 
 VALUES (rand_num(1,1000) ,rand_num(10,5000) , rand_string(20), rand_string(30),CAST(rand_num(50,500) AS DECIMAL(10,2))/100.0  ,rand_num(1,100),  rand_num(1,5000),CONCAT('http://',rand_string(40)), v_create_time    ); 
 UNTIL i = max_num  
 END REPEAT;  
 COMMIT;  
 END */$$
DELIMITER ;

/* Procedure structure for procedure `insert_user` */

/*!50003 DROP PROCEDURE IF EXISTS  `insert_user` */;

DELIMITER $$

/*!50003 CREATE DEFINER=`root`@`%` PROCEDURE `insert_user`( create_time_string VARCHAR(200),max_num INT,if_truncate boolean  )
BEGIN  
 DECLARE v_create_time DATETIME DEFAULT NULL;
 DECLARE i INT DEFAULT 0;
 DECLARE v_birthday DATE DEFAULT now();
 DECLARE v_gender VARCHAR(1) DEFAULT NULL;
 SET autocommit = 0;    
 IF   if_truncate THEN  
   TRUNCATE user_info;
 END IF; 
 
 REPEAT  
   SET i  = i + 1;  
   SET v_create_time=DATE_ADD(DATE_FORMAT(create_time_string,'%Y-%m-%d') ,INTERVAL rand_num(1,3600*24) SECOND); 
   SET v_birthday=DATE_ADD(DATE_FORMAT('1960-01-01','%Y-%m-%d') ,INTERVAL rand_num(1,365*50) DAY); 
   SET v_gender=IF(rand_num(0,1)=0,'M','F');
 INSERT INTO user_info (login_name,nick_name,passwd,NAME,phone_num,email,head_img,user_level,birthday,gender,create_time  ) 
 VALUES (rand_string(20) ,rand_string(20) , CONCAT('pwd',rand_string(20)), rand_string(30), CONCAT('13',rand_nums(0,9,9,''))    ,CONCAT(rand_string(8),'@',rand_string(3),'.com') ,  CONCAT('http://',rand_string(40)), rand_num(1,5),v_birthday,v_gender,v_create_time    ); 
 UNTIL i = max_num  
 END REPEAT; 
 COMMIT;  
 END */$$
DELIMITER ;

/* Procedure structure for procedure `update_holiday` */

/*!50003 DROP PROCEDURE IF EXISTS  `update_holiday` */;

DELIMITER $$

/*!50003 CREATE DEFINER=`root`@`%` PROCEDURE `update_holiday`( year_id  INT  )
BEGIN    
update `date_info` di  
 LEFT JOIN  `holiday_year` hy ON di.`year`=year_id and  hy.year_id=di.`year` AND  di.`date_id`>=hy.`start_date_id` AND di.`date_id`<=hy.`end_date_id`
set   di.holiday_id=  ifnull( hy.`holiday_id`,0);
 COMMIT;
 END */$$
DELIMITER ;

/* Procedure structure for procedure `update_order` */

/*!50003 DROP PROCEDURE IF EXISTS  `update_order` */;

DELIMITER $$

/*!50003 CREATE DEFINER=`root`@`%` PROCEDURE `update_order`(operate_time_string VARCHAR(20))
BEGIN 
  DECLARE v_operate_time DATETIME DEFAULT NULL; 
 SET v_operate_time=DATE_FORMAT(operate_time_string,'%Y-%m-%d');
UPDATE order_info o SET   o.`order_status`=o.`order_status`+rand_num_seed(0,1,o.id) ,operate_time= IF( rand_num_seed(0,1,o.id) >0 , DATE_ADD(v_operate_time ,INTERVAL rand_num(30,20*3600) SECOND),operate_time)
WHERE o.`order_status`<5;
END */$$
DELIMITER ;

/* Procedure structure for procedure `update_user` */

/*!50003 DROP PROCEDURE IF EXISTS  `update_user` */;

DELIMITER $$

/*!50003 CREATE DEFINER=`root`@`%` PROCEDURE `update_user`()
BEGIN 
UPDATE user_info u SET   u.`user_level`=u.`user_level`+rand_num(0,1) ,gender= IF( rand_num(0,1) >0 , if(rand_num(0,1) =0,'F','M'), gender);
END */$$
DELIMITER ;

/*Table structure for table `v_activity_info` */

DROP TABLE IF EXISTS `v_activity_info`;

/*!50001 DROP VIEW IF EXISTS `v_activity_info` */;
/*!50001 DROP TABLE IF EXISTS `v_activity_info` */;

/*!50001 CREATE TABLE  `v_activity_info`(
 `id` bigint(20) ,
 `activity_name` varchar(200) ,
 `activity_type` varchar(10) ,
 `activity_desc` varchar(2000) ,
 `start_time` datetime ,
 `end_time` datetime ,
 `create_time` datetime 
)*/;

/*Table structure for table `v_activity_order` */

DROP TABLE IF EXISTS `v_activity_order`;

/*!50001 DROP VIEW IF EXISTS `v_activity_order` */;
/*!50001 DROP TABLE IF EXISTS `v_activity_order` */;

/*!50001 CREATE TABLE  `v_activity_order`(
 `id` bigint(20) ,
 `activity_id` bigint(20) ,
 `order_id` bigint(20) ,
 `create_time` datetime 
)*/;

/*View structure for view v_activity_info */

/*!50001 DROP TABLE IF EXISTS `v_activity_info` */;
/*!50001 DROP VIEW IF EXISTS `v_activity_info` */;

/*!50001 CREATE ALGORITHM=UNDEFINED DEFINER=`root`@`%` SQL SECURITY DEFINER VIEW `v_activity_info` AS select `activity_info`.`id` AS `id`,`activity_info`.`activity_name` AS `activity_name`,`activity_info`.`activity_type` AS `activity_type`,`activity_info`.`activity_desc` AS `activity_desc`,`activity_info`.`start_time` AS `start_time`,`activity_info`.`end_time` AS `end_time`,`activity_info`.`create_time` AS `create_time` from `activity_info` */;

/*View structure for view v_activity_order */

/*!50001 DROP TABLE IF EXISTS `v_activity_order` */;
/*!50001 DROP VIEW IF EXISTS `v_activity_order` */;

/*!50001 CREATE ALGORITHM=UNDEFINED DEFINER=`root`@`%` SQL SECURITY DEFINER VIEW `v_activity_order` AS select `activity_order`.`id` AS `id`,`activity_order`.`activity_id` AS `activity_id`,`activity_order`.`order_id` AS `order_id`,`activity_order`.`create_time` AS `create_time` from `activity_order` */;

/*!40101 SET SQL_MODE=@OLD_SQL_MODE */;
/*!40014 SET FOREIGN_KEY_CHECKS=@OLD_FOREIGN_KEY_CHECKS */;
/*!40014 SET UNIQUE_CHECKS=@OLD_UNIQUE_CHECKS */;
/*!40111 SET SQL_NOTES=@OLD_SQL_NOTES */;
