<?xml version="1.0" encoding="UTF-8"?>
<configuration>
    <property name="LOG_HOME" value="/root/flink_realtime/applog/log" />
    <appender name="console" class="ch.qos.logback.core.ConsoleAppender">
        <encoder>
            <pattern>%msg%n</pattern>
        </encoder>
    </appender>

    <appender name="rollingFile" class="ch.qos.logback.core.rolling.RollingFileAppender">
        <rollingPolicy class="ch.qos.logback.core.rolling.TimeBasedRollingPolicy">
            <fileNamePattern>${LOG_HOME}/app.%d{yyyy-MM-dd}.log</fileNamePattern>
        </rollingPolicy>
        <encoder>
            <pattern>%msg%n</pattern>
        </encoder>
    </appender>
    <!-- 将某一个包下日志单独打印日志 -->
    <logger name="com.atguigu.gmall2020.mock.log.util.LogUtil"
            level="INFO" additivity="false">
        <appender-ref ref="rollingFile" />
         <appender-ref ref="console" />
    </logger>

    <root level="error"  >
        <appender-ref ref="console" />
        <!-- <appender-ref ref="async-rollingFile" />  -->
    </root>
</configuration>
